SID,Date_Time,CGM_Value
CSWM-01K94J-1,"2025-11-03 09:55:42",74.6
CSWM-01K94J-1,"2025-11-03 10:00:42",114.3
CSWM-01K94J-1,"2025-11-03 10:05:42",79.2
CSWM-01K94J-1,"2025-11-03 10:10:42",133.6
CSWM-01K94J-1,"2025-11-03 10:15:42",138.6
CSWM-01K94J-1,"2025-11-03 10:20:42",116.2
CSWM-01K94J-1,"2025-11-03 10:25:42",131.0
CSWM-01K94J-1,"2025-11-03 10:30:42",71.3
CSWM-01K94J-1,"2025-11-03 10:35:42",117.8
CSWM-01K94J-1,"2025-11-03 10:40:42",120.7
CSWM-01K94J-1,"2025-11-03 10:45:42",60.2
CSWM-01K94J-1,"2025-11-03 10:50:42",133.5
CSWM-01K94J-1,"2025-11-03 10:55:42",148.5
CSWM-01K94J-1,"2025-11-03 11:00:42",139.1
CSWM-01K94J-1,"2025-11-03 11:05:42",91.2
CSWM-01K94J-1,"2025-11-03 11:10:42",61.4
CSWM-01K94J-1,"2025-11-03 11:15:42",148.5
CSWM-01K94J-1,"2025-11-03 11:20:42",116.8
CSWM-01K94J-1,"2025-11-03 11:25:42",87.4
CSWM-01K94J-1,"2025-11-03 11:30:42",104.9
CSWM-01K94J-1,"2025-11-03 11:35:42",164.6
CSWM-01K94J-1,"2025-11-03 11:40:42",116.6
CSWM-01K94J-1,"2025-11-03 11:45:42",60.3
CSWM-01K94J-1,"2025-11-03 11:50:42",76.2
CSWM-01K94J-1,"2025-11-03 11:55:42",66.3
CSWM-01K94J-1,"2025-11-03 12:00:42",89.8
CSWM-01K94J-1,"2025-11-03 12:05:42",119.9
CSWM-01K94J-1,"2025-11-03 12:10:42",135.5
CSWM-01K94J-1,"2025-11-03 12:15:42",126.9
CSWM-01K94J-1,"2025-11-03 12:20:42",89.9
CSWM-01K94J-1,"2025-11-03 12:25:42",114.3
CSWM-01K94J-1,"2025-11-03 12:30:42",91.8
CSWM-01K94J-1,"2025-11-03 12:35:42",69.9
CSWM-01K94J-1,"2025-11-03 12:40:42",131.0
CSWM-01K94J-1,"2025-11-03 12:45:42",116.1
CSWM-01K94J-1,"2025-11-03 12:50:42",69.2
CSWM-01K94J-1,"2025-11-03 12:55:42",126.2
CSWM-01K94J-1,"2025-11-03 13:00:42",128.7
CSWM-01K94J-1,"2025-11-03 13:05:42",79.8
CSWM-01K94J-1,"2025-11-03 13:10:42",99.8
CSWM-01K94J-1,"2025-11-03 13:15:42",90.9
CSWM-01K94J-1,"2025-11-03 13:20:42",119.5
CSWM-01K94J-1,"2025-11-03 13:25:42",108.2
CSWM-01K94J-1,"2025-11-03 13:30:42",119.3
CSWM-01K94J-1,"2025-11-03 13:35:42",95.9
CSWM-01K94J-1,"2025-11-03 13:40:42",72.5
CSWM-01K94J-1,"2025-11-03 13:45:42",134.8
CSWM-01K94J-1,"2025-11-03 13:50:42",68.0
CSWM-01K94J-1,"2025-11-03 13:55:42",151.2
CSWM-01K94J-1,"2025-11-03 14:00:42",120.1
CSWM-01K94J-1,"2025-11-03 14:05:42",105.1
CSWM-01K94J-1,"2025-11-03 14:10:42",106.3
CSWM-01K94J-1,"2025-11-03 14:15:42",102.3
CSWM-01K94J-1,"2025-11-03 14:20:42",90.5
CSWM-01K94J-1,"2025-11-03 14:25:42",116.0
CSWM-01K94J-1,"2025-11-03 14:30:42",91.4
CSWM-01K94J-1,"2025-11-03 14:35:42",100.5
CSWM-01K94J-1,"2025-11-03 14:40:42",99.4
CSWM-01K94J-1,"2025-11-03 14:45:42",102.3
CSWM-01K94J-1,"2025-11-03 14:50:42",124.8
CSWM-01K94J-1,"2025-11-03 14:55:42",105.4
CSWM-01K94J-1,"2025-11-03 15:00:42",95.8
CSWM-01K94J-1,"2025-11-03 15:05:42",94.6
CSWM-01K94J-1,"2025-11-03 15:10:42",145.7
CSWM-01K94J-1,"2025-11-03 15:15:42",69.0
CSWM-01K94J-1,"2025-11-03 15:20:42",118.9
CSWM-01K94J-1,"2025-11-03 15:25:42",96.4
CSWM-01K94J-1,"2025-11-03 15:30:42",87.5
CSWM-01K94J-1,"2025-11-03 15:35:42",162.7
CSWM-01K94J-1,"2025-11-03 15:40:42",124.1
CSWM-01K94J-1,"2025-11-03 15:45:42",63.7
CSWM-01K94J-1,"2025-11-03 15:50:42",103.8
CSWM-01K94J-1,"2025-11-03 15:55:42",135.3
CSWM-01K94J-1,"2025-11-03 16:00:42",71.1
CSWM-01K94J-1,"2025-11-03 16:05:42",104.0
CSWM-01K94J-1,"2025-11-03 16:10:42",78.4
CSWM-01K94J-1,"2025-11-03 16:15:42",144.6
CSWM-01K94J-1,"2025-11-03 16:20:42",117.2
CSWM-01K94J-1,"2025-11-03 16:25:42",131.9
CSWM-01K94J-1,"2025-11-03 16:30:42",74.2
CSWM-01K94J-1,"2025-11-03 16:35:42",88.4
CSWM-01K94J-1,"2025-11-03 16:40:42",118.6
CSWM-01K94J-1,"2025-11-03 16:45:42",77.1
CSWM-01K94J-1,"2025-11-03 16:50:42",93.7
CSWM-01K94J-1,"2025-11-03 16:55:42",93.3
CSWM-01K94J-1,"2025-11-03 17:00:42",92.9
CSWM-01K94J-1,"2025-11-03 17:05:42",128.4
CSWM-01K94J-1,"2025-11-03 17:10:42",110.2
CSWM-01K94J-1,"2025-11-03 17:15:42",96.7
CSWM-01K94J-1,"2025-11-03 17:20:42",104.0
CSWM-01K94J-1,"2025-11-03 17:25:42",151.1
CSWM-01K94J-1,"2025-11-03 17:30:42",132.7
CSWM-01K94J-1,"2025-11-03 17:35:42",76.3
CSWM-01K94J-1,"2025-11-03 17:40:42",125.1
CSWM-01K94J-1,"2025-11-03 17:45:42",79.1
CSWM-01K94J-1,"2025-11-03 17:50:42",156.2
CSWM-01K94J-1,"2025-11-03 17:55:42",133.8
CSWM-01K94J-1,"2025-11-03 18:00:42",94.9
CSWM-01K94J-1,"2025-11-03 18:05:42",141.6
CSWM-01K94J-1,"2025-11-03 18:10:42",128.1
CSWM-01K94J-1,"2025-11-03 18:15:42",125.9
CSWM-01K94J-1,"2025-11-03 18:20:42",79.4
CSWM-01K94J-1,"2025-11-03 18:25:42",115.3
CSWM-01K94J-1,"2025-11-03 18:30:42",67.3
CSWM-01K94J-1,"2025-11-03 18:35:42",126.7
CSWM-01K94J-1,"2025-11-03 18:40:42",111.0
CSWM-01K94J-1,"2025-11-03 18:45:42",132.9
CSWM-01K94J-1,"2025-11-03 18:50:42",87.8
CSWM-01K94J-1,"2025-11-03 18:55:42",131.9
CSWM-01K94J-1,"2025-11-03 19:00:42",87.7
CSWM-01K94J-1,"2025-11-03 19:05:42",105.4
CSWM-01K94J-1,"2025-11-03 19:10:42",143.0
CSWM-01K94J-1,"2025-11-03 19:15:42",126.1
CSWM-01K94J-1,"2025-11-03 19:20:42",83.1
CSWM-01K94J-1,"2025-11-03 19:25:42",92.9
CSWM-01K94J-1,"2025-11-03 19:30:42",123.8
CSWM-01K94J-1,"2025-11-03 19:35:42",79.2
CSWM-01K94J-1,"2025-11-03 19:40:42",60.7
CSWM-01K94J-1,"2025-11-03 19:45:42",73.0
CSWM-01K94J-1,"2025-11-03 19:50:42",125.7
CSWM-01K94J-1,"2025-11-03 19:55:42",139.3
CSWM-01K94J-1,"2025-11-03 20:00:42",86.6
CSWM-01K94J-1,"2025-11-03 20:05:42",76.4
CSWM-01K94J-1,"2025-11-03 20:10:42",158.6
CSWM-01K94J-1,"2025-11-03 20:15:42",126.6
CSWM-01K94J-1,"2025-11-03 20:20:42",65.2
CSWM-01K94J-1,"2025-11-03 20:25:42",116.0
CSWM-01K94J-1,"2025-11-03 20:30:42",126.6
CSWM-01K94J-1,"2025-11-03 20:35:42",146.1
CSWM-01K94J-1,"2025-11-03 20:40:42",131.9
CSWM-01K94J-1,"2025-11-03 20:45:42",106.6
CSWM-01K94J-1,"2025-11-03 20:50:42",95.6
CSWM-01K94J-1,"2025-11-03 20:55:42",113.1
CSWM-01K94J-1,"2025-11-03 21:00:42",118.7
CSWM-01K94J-1,"2025-11-03 21:05:42",93.4
CSWM-01K94J-1,"2025-11-03 21:10:42",150.8
CSWM-01K94J-1,"2025-11-03 21:15:42",124.5
CSWM-01K94J-1,"2025-11-03 21:20:42",143.5
CSWM-01K94J-1,"2025-11-03 21:25:42",138.9
CSWM-01K94J-1,"2025-11-03 21:30:42",129.9
CSWM-01K94J-1,"2025-11-03 21:35:42",133.4
CSWM-01K94J-1,"2025-11-03 21:40:42",92.4
CSWM-01K94J-1,"2025-11-03 21:45:42",161.5
CSWM-01K94J-1,"2025-11-03 21:50:42",142.3
CSWM-01K94J-1,"2025-11-03 21:55:42",107.7
CSWM-01K94J-1,"2025-11-03 22:00:42",108.8
CSWM-01K94J-1,"2025-11-03 22:05:42",114.1
CSWM-01K94J-1,"2025-11-03 22:10:42",89.9
CSWM-01K94J-1,"2025-11-03 22:15:42",110.5
CSWM-01K94J-1,"2025-11-03 22:20:42",72.8
CSWM-01K94J-1,"2025-11-03 22:25:42",80.9
CSWM-01K94J-1,"2025-11-03 22:30:42",84.2
CSWM-01K94J-1,"2025-11-03 22:35:42",101.5
CSWM-01K94J-1,"2025-11-03 22:40:42",85.0
CSWM-01K94J-1,"2025-11-03 22:45:42",95.8
CSWM-01K94J-1,"2025-11-03 22:50:42",130.6
CSWM-01K94J-1,"2025-11-03 22:55:42",140.2
CSWM-01K94J-1,"2025-11-03 23:00:42",70.7
CSWM-01K94J-1,"2025-11-03 23:05:42",92.3
CSWM-01K94J-1,"2025-11-03 23:10:42",89.9
CSWM-01K94J-1,"2025-11-03 23:15:42",124.6
CSWM-01K94J-1,"2025-11-03 23:20:42",134.0
CSWM-01K94J-1,"2025-11-03 23:25:42",92.6
CSWM-01K94J-1,"2025-11-03 23:30:42",138.6
CSWM-01K94J-1,"2025-11-03 23:35:42",130.8
CSWM-01K94J-1,"2025-11-03 23:40:42",125.1
CSWM-01K94J-1,"2025-11-03 23:45:42",80.9
CSWM-01K94J-1,"2025-11-03 23:50:42",109.5
CSWM-01K94J-1,"2025-11-03 23:55:42",66.2
CSWM-01K94J-1,"2025-11-04 00:00:42",96.6
CSWM-01K94J-1,"2025-11-04 00:05:42",152.7
CSWM-01K94J-1,"2025-11-04 00:10:42",163.3
CSWM-01K94J-1,"2025-11-04 00:15:42",133.0
CSWM-01K94J-1,"2025-11-04 00:20:42",78.4
CSWM-01K94J-1,"2025-11-04 00:25:42",113.1
CSWM-01K94J-1,"2025-11-04 00:30:42",92.4
CSWM-01K94J-1,"2025-11-04 00:35:42",136.1
CSWM-01K94J-1,"2025-11-04 00:40:42",88.2
CSWM-01K94J-1,"2025-11-04 00:45:42",91.5
CSWM-01K94J-1,"2025-11-04 00:50:42",139.7
CSWM-01K94J-1,"2025-11-04 00:55:42",88.3
CSWM-01K94J-1,"2025-11-04 01:00:42",140.2
CSWM-01K94J-1,"2025-11-04 01:05:42",82.3
CSWM-01K94J-1,"2025-11-04 01:10:42",67.8
CSWM-01K94J-1,"2025-11-04 01:15:42",140.3
CSWM-01K94J-1,"2025-11-04 01:20:42",83.2
CSWM-01K94J-1,"2025-11-04 01:25:42",138.3
CSWM-01K94J-1,"2025-11-04 01:30:42",69.6
CSWM-01K94J-1,"2025-11-04 01:35:42",87.6
CSWM-01K94J-1,"2025-11-04 01:40:42",134.4
CSWM-01K94J-1,"2025-11-04 01:45:42",140.8
CSWM-01K94J-1,"2025-11-04 01:50:42",79.7
CSWM-01K94J-1,"2025-11-04 01:55:42",56.5
CSWM-01K94J-1,"2025-11-04 02:00:42",94.0
CSWM-01K94J-1,"2025-11-04 02:05:42",88.9
CSWM-01K94J-1,"2025-11-04 02:10:42",107.1
CSWM-01K94J-1,"2025-11-04 02:15:42",110.7
CSWM-01K94J-1,"2025-11-04 02:20:42",115.2
CSWM-01K94J-1,"2025-11-04 02:25:42",139.6
CSWM-01K94J-1,"2025-11-04 02:30:42",79.2
CSWM-01K94J-1,"2025-11-04 02:35:42",115.7
CSWM-01K94J-1,"2025-11-04 02:40:42",73.3
CSWM-01K94J-1,"2025-11-04 02:45:42",114.3
CSWM-01K94J-1,"2025-11-04 02:50:42",135.7
CSWM-01K94J-1,"2025-11-04 02:55:42",102.5
CSWM-01K94J-1,"2025-11-04 03:00:42",150.8
CSWM-01K94J-1,"2025-11-04 03:05:42",78.1
CSWM-01K94J-1,"2025-11-04 03:10:42",146.4
CSWM-01K94J-1,"2025-11-04 03:15:42",94.3
CSWM-01K94J-1,"2025-11-04 03:20:42",147.4
CSWM-01K94J-1,"2025-11-04 03:25:42",141.5
CSWM-01K94J-1,"2025-11-04 03:30:42",100.9
CSWM-01K94J-1,"2025-11-04 03:35:42",97.9
CSWM-01K94J-1,"2025-11-04 03:40:42",56.4
CSWM-01K94J-1,"2025-11-04 03:45:42",106.3
CSWM-01K94J-1,"2025-11-04 03:50:42",101.8
CSWM-01K94J-1,"2025-11-04 03:55:42",75.0
CSWM-01K94J-1,"2025-11-04 04:00:42",142.8
CSWM-01K94J-1,"2025-11-04 04:05:42",113.0
CSWM-01K94J-1,"2025-11-04 04:10:42",100.9
CSWM-01K94J-1,"2025-11-04 04:15:42",131.7
CSWM-01K94J-1,"2025-11-04 04:20:42",136.7
CSWM-01K94J-1,"2025-11-04 04:25:42",91.0
CSWM-01K94J-1,"2025-11-04 04:30:42",142.0
CSWM-01K94J-1,"2025-11-04 04:35:42",62.4
CSWM-01K94J-1,"2025-11-04 04:40:42",113.4
CSWM-01K94J-1,"2025-11-04 04:45:42",125.4
CSWM-01K94J-1,"2025-11-04 04:50:42",66.1
CSWM-01K94J-1,"2025-11-04 04:55:42",113.3
CSWM-01K94J-1,"2025-11-04 05:00:42",156.6
CSWM-01K94J-1,"2025-11-04 05:05:42",80.2
CSWM-01K94J-1,"2025-11-04 05:10:42",143.1
CSWM-01K94J-1,"2025-11-04 05:15:42",107.3
CSWM-01K94J-1,"2025-11-04 05:20:42",82.6
CSWM-01K94J-1,"2025-11-04 05:25:42",93.9
CSWM-01K94J-1,"2025-11-04 05:30:42",81.2
CSWM-01K94J-1,"2025-11-04 05:35:42",152.8
CSWM-01K94J-1,"2025-11-04 05:40:42",61.7
CSWM-01K94J-1,"2025-11-04 05:45:42",66.0
CSWM-01K94J-1,"2025-11-04 05:50:42",99.1
CSWM-01K94J-1,"2025-11-04 05:55:42",108.3
CSWM-01K94J-1,"2025-11-04 06:00:42",95.7
CSWM-01K94J-1,"2025-11-04 06:05:42",100.2
CSWM-01K94J-1,"2025-11-04 06:10:42",111.8
CSWM-01K94J-1,"2025-11-04 06:15:42",89.5
CSWM-01K94J-1,"2025-11-04 06:20:42",98.0
CSWM-01K94J-1,"2025-11-04 06:25:42",143.1
CSWM-01K94J-1,"2025-11-04 06:30:42",73.7
CSWM-01K94J-1,"2025-11-04 06:35:42",128.2
CSWM-01K94J-1,"2025-11-04 06:40:42",123.1
CSWM-01K94J-1,"2025-11-04 06:45:42",71.5
CSWM-01K94J-1,"2025-11-04 06:50:42",103.0
CSWM-01K94J-1,"2025-11-04 06:55:42",84.6
CSWM-01K94J-1,"2025-11-04 07:00:42",77.6
CSWM-01K94J-1,"2025-11-04 07:05:42",74.2
CSWM-01K94J-1,"2025-11-04 07:10:42",107.6
CSWM-01K94J-1,"2025-11-04 07:15:42",138.6
CSWM-01K94J-1,"2025-11-04 07:20:42",101.6
CSWM-01K94J-1,"2025-11-04 07:25:42",155.5
CSWM-01K94J-1,"2025-11-04 07:30:42",141.7
CSWM-01K94J-1,"2025-11-04 07:35:42",94.6
CSWM-01K94J-1,"2025-11-04 07:40:42",66.2
CSWM-01K94J-1,"2025-11-04 07:45:42",98.6
CSWM-01K94J-1,"2025-11-04 07:50:42",82.9
CSWM-01K94J-1,"2025-11-04 07:55:42",91.4
CSWM-01K94J-1,"2025-11-04 08:00:42",88.6
CSWM-01K94J-1,"2025-11-04 08:05:42",117.1
CSWM-01K94J-1,"2025-11-04 08:10:42",76.7
CSWM-01K94J-1,"2025-11-04 08:15:42",100.9
CSWM-01K94J-1,"2025-11-04 08:20:42",90.5
CSWM-01K94J-1,"2025-11-04 08:25:42",88.4
CSWM-01K94J-1,"2025-11-04 08:30:42",86.6
CSWM-01K94J-1,"2025-11-04 08:35:42",72.0
CSWM-01K94J-1,"2025-11-04 08:40:42",141.1
CSWM-01K94J-1,"2025-11-04 08:45:42",150.9
CSWM-01K94J-1,"2025-11-04 08:50:42",110.8
CSWM-01K94J-1,"2025-11-04 08:55:42",127.7
CSWM-01K94J-1,"2025-11-04 09:00:42",126.5
CSWM-01K94J-1,"2025-11-04 09:05:42",108.0
CSWM-01K94J-1,"2025-11-04 09:10:42",127.2
CSWM-01K94J-1,"2025-11-04 09:15:42",110.4
CSWM-01K94J-1,"2025-11-04 09:20:42",106.4
CSWM-01K94J-1,"2025-11-04 09:25:42",127.3
CSWM-01K94J-1,"2025-11-04 09:30:42",122.2
CSWM-01K94J-1,"2025-11-04 09:35:42",116.8
CSWM-01K94J-1,"2025-11-04 09:40:42",106.4
CSWM-01K94J-1,"2025-11-04 09:45:42",91.3
CSWM-01K94J-1,"2025-11-04 09:50:42",78.6
CSWM-01K94J-1,"2025-11-04 09:55:42",91.2
CSWM-01K94J-1,"2025-11-04 10:00:42",129.5
CSWM-01K94J-1,"2025-11-04 10:05:42",116.9
CSWM-01K94J-1,"2025-11-04 10:10:42",133.8
CSWM-01K94J-1,"2025-11-04 10:15:42",137.0
CSWM-01K94J-1,"2025-11-04 10:20:42",132.8
CSWM-01K94J-1,"2025-11-04 10:25:42",77.1
CSWM-01K94J-1,"2025-11-04 10:30:42",137.9
CSWM-01K94J-1,"2025-11-04 10:35:42",104.6
CSWM-01K94J-1,"2025-11-04 10:40:42",132.7
CSWM-01K94J-1,"2025-11-04 10:45:42",99.2
CSWM-01K94J-1,"2025-11-04 10:50:42",101.4
CSWM-01K94J-1,"2025-11-04 10:55:42",129.0
CSWM-01K94J-1,"2025-11-04 11:00:42",126.8
CSWM-01K94J-1,"2025-11-04 11:05:42",151.2
CSWM-01K94J-1,"2025-11-04 11:10:42",118.8
CSWM-01K94J-1,"2025-11-04 11:15:42",141.3
CSWM-01K94J-1,"2025-11-04 11:20:42",121.6
CSWM-01K94J-1,"2025-11-04 11:25:42",85.6
CSWM-01K94J-1,"2025-11-04 11:30:42",112.9
CSWM-01K94J-1,"2025-11-04 11:35:42",101.9
CSWM-01K94J-1,"2025-11-04 11:40:42",140.7
CSWM-01K94J-1,"2025-11-04 11:45:42",113.6
CSWM-01K94J-1,"2025-11-04 11:50:42",102.7
CSWM-01K94J-1,"2025-11-04 11:55:42",92.8
CSWM-01K94J-1,"2025-11-04 12:00:42",125.1
CSWM-01K94J-1,"2025-11-04 12:05:42",69.6
CSWM-01K94J-1,"2025-11-04 12:10:42",90.3
CSWM-01K94J-1,"2025-11-04 12:15:42",85.9
CSWM-01K94J-1,"2025-11-04 12:20:42",157.7
CSWM-01K94J-1,"2025-11-04 12:25:42",100.0
CSWM-01K94J-1,"2025-11-04 12:30:42",73.7
CSWM-01K94J-1,"2025-11-04 12:35:42",109.6
CSWM-01K94J-1,"2025-11-04 12:40:42",68.9
CSWM-01K94J-1,"2025-11-04 12:45:42",153.4
CSWM-01K94J-1,"2025-11-04 12:50:42",81.0
CSWM-01K94J-1,"2025-11-04 12:55:42",150.6
CSWM-01K94J-1,"2025-11-04 13:00:42",77.4
CSWM-01K94J-1,"2025-11-04 13:05:42",122.9
CSWM-01K94J-1,"2025-11-04 13:10:42",148.4
CSWM-01K94J-1,"2025-11-04 13:15:42",92.5
CSWM-01K94J-1,"2025-11-04 13:20:42",92.0
CSWM-01K94J-1,"2025-11-04 13:25:42",137.6
CSWM-01K94J-1,"2025-11-04 13:30:42",96.1
CSWM-01K94J-1,"2025-11-04 13:35:42",110.6
CSWM-01K94J-1,"2025-11-04 13:40:42",130.6
CSWM-01K94J-1,"2025-11-04 13:45:42",141.9
CSWM-01K94J-1,"2025-11-04 13:50:42",118.0
CSWM-01K94J-1,"2025-11-04 13:55:42",127.1
CSWM-01K94J-1,"2025-11-04 14:00:42",145.8
CSWM-01K94J-1,"2025-11-04 14:05:42",120.9
CSWM-01K94J-1,"2025-11-04 14:10:42",103.2
CSWM-01K94J-1,"2025-11-04 14:15:42",125.8
CSWM-01K94J-1,"2025-11-04 14:20:42",167.2
CSWM-01K94J-1,"2025-11-04 14:25:42",139.2
CSWM-01K94J-1,"2025-11-04 14:30:42",82.2
CSWM-01K94J-1,"2025-11-04 14:35:42",89.8
CSWM-01K94J-1,"2025-11-04 14:40:42",119.3
CSWM-01K94J-1,"2025-11-04 14:45:42",62.5
CSWM-01K94J-1,"2025-11-04 14:50:42",164.5
CSWM-01K94J-1,"2025-11-04 14:55:42",117.4
CSWM-01K94J-1,"2025-11-04 15:00:42",124.1
CSWM-01K94J-1,"2025-11-04 15:05:42",138.0
CSWM-01K94J-1,"2025-11-04 15:10:42",68.8
CSWM-01K94J-1,"2025-11-04 15:15:42",103.2
CSWM-01K94J-1,"2025-11-04 15:20:42",59.8
CSWM-01K94J-1,"2025-11-04 15:25:42",121.7
CSWM-01K94J-1,"2025-11-04 15:30:42",129.1
CSWM-01K94J-1,"2025-11-04 15:35:42",107.5
CSWM-01K94J-1,"2025-11-04 15:40:42",113.3
CSWM-01K94J-1,"2025-11-04 15:45:42",98.7
CSWM-01K94J-1,"2025-11-04 15:50:42",146.8
CSWM-01K94J-1,"2025-11-04 15:55:42",127.7
CSWM-01K94J-1,"2025-11-04 16:00:42",88.8
CSWM-01K94J-1,"2025-11-04 16:05:42",128.4
CSWM-01K94J-1,"2025-11-04 16:10:42",128.0
CSWM-01K94J-1,"2025-11-04 16:15:42",95.4
CSWM-01K94J-1,"2025-11-04 16:20:42",82.0
CSWM-01K94J-1,"2025-11-04 16:25:42",101.2
CSWM-01K94J-1,"2025-11-04 16:30:42",100.5
CSWM-01K94J-1,"2025-11-04 16:35:42",107.8
CSWM-01K94J-1,"2025-11-04 16:40:42",100.4
CSWM-01K94J-1,"2025-11-04 16:45:42",100.0
CSWM-01K94J-1,"2025-11-04 16:50:42",108.7
CSWM-01K94J-1,"2025-11-04 16:55:42",112.9
CSWM-01K94J-1,"2025-11-04 17:00:42",115.4
CSWM-01K94J-1,"2025-11-04 17:05:42",133.0
CSWM-01K94J-1,"2025-11-04 17:10:42",131.5
CSWM-01K94J-1,"2025-11-04 17:15:42",142.8
CSWM-01K94J-1,"2025-11-04 17:20:42",73.0
CSWM-01K94J-1,"2025-11-04 17:25:42",154.3
CSWM-01K94J-1,"2025-11-04 17:30:42",133.2
CSWM-01K94J-1,"2025-11-04 17:35:42",122.0
CSWM-01K94J-1,"2025-11-04 17:40:42",141.0
CSWM-01K94J-1,"2025-11-04 17:45:42",90.5
CSWM-01K94J-1,"2025-11-04 17:50:42",75.9
CSWM-01K94J-1,"2025-11-04 17:55:42",81.3
CSWM-01K94J-1,"2025-11-04 18:00:42",123.4
CSWM-01K94J-1,"2025-11-04 18:05:42",98.3
CSWM-01K94J-1,"2025-11-04 18:10:42",137.0
CSWM-01K94J-1,"2025-11-04 18:15:42",114.7
CSWM-01K94J-1,"2025-11-04 18:20:42",154.6
CSWM-01K94J-1,"2025-11-04 18:25:42",113.6
CSWM-01K94J-1,"2025-11-04 18:30:42",125.5
CSWM-01K94J-1,"2025-11-04 18:35:42",63.8
CSWM-01K94J-1,"2025-11-04 18:40:42",82.3
CSWM-01K94J-1,"2025-11-04 18:45:42",125.5
CSWM-01K94J-1,"2025-11-04 18:50:42",126.2
CSWM-01K94J-1,"2025-11-04 18:55:42",108.0
CSWM-01K94J-1,"2025-11-04 19:00:42",93.1
CSWM-01K94J-1,"2025-11-04 19:05:42",86.3
CSWM-01K94J-1,"2025-11-04 19:10:42",114.6
CSWM-01K94J-1,"2025-11-04 19:15:42",84.1
CSWM-01K94J-1,"2025-11-04 19:20:42",133.7
CSWM-01K94J-1,"2025-11-04 19:25:42",130.8
CSWM-01K94J-1,"2025-11-04 19:30:42",76.3
CSWM-01K94J-1,"2025-11-04 19:35:42",103.7
CSWM-01K94J-1,"2025-11-04 19:40:42",150.6
CSWM-01K94J-1,"2025-11-04 19:45:42",118.1
CSWM-01K94J-1,"2025-11-04 19:50:42",128.2
CSWM-01K94J-1,"2025-11-04 19:55:42",139.9
CSWM-01K94J-1,"2025-11-04 20:00:42",93.5
CSWM-01K94J-1,"2025-11-04 20:05:42",94.6
CSWM-01K94J-1,"2025-11-04 20:10:42",110.9
CSWM-01K94J-1,"2025-11-04 20:15:42",144.6
CSWM-01K94J-1,"2025-11-04 20:20:42",99.0
CSWM-01K94J-1,"2025-11-04 20:25:42",94.7
CSWM-01K94J-1,"2025-11-04 20:30:42",142.3
CSWM-01K94J-1,"2025-11-04 20:35:42",80.6
CSWM-01K94J-1,"2025-11-04 20:40:42",106.9
CSWM-01K94J-1,"2025-11-04 20:45:42",99.4
CSWM-01K94J-1,"2025-11-04 20:50:42",116.7
CSWM-01K94J-1,"2025-11-04 20:55:42",76.3
CSWM-01K94J-1,"2025-11-04 21:00:42",129.2
CSWM-01K94J-1,"2025-11-04 21:05:42",86.1
CSWM-01K94J-1,"2025-11-04 21:10:42",141.3
CSWM-01K94J-1,"2025-11-04 21:15:42",98.3
CSWM-01K94J-1,"2025-11-04 21:20:42",96.3
CSWM-01K94J-1,"2025-11-04 21:25:42",135.0
CSWM-01K94J-1,"2025-11-04 21:30:42",110.8
CSWM-01K94J-1,"2025-11-04 21:35:42",126.4
CSWM-01K94J-1,"2025-11-04 21:40:42",109.5
CSWM-01K94J-1,"2025-11-04 21:45:42",113.0
CSWM-01K94J-1,"2025-11-04 21:50:42",110.1
CSWM-01K94J-1,"2025-11-04 21:55:42",110.3
CSWM-01K94J-1,"2025-11-04 22:00:42",87.4
CSWM-01K94J-1,"2025-11-04 22:05:42",166.0
CSWM-01K94J-1,"2025-11-04 22:10:42",111.9
CSWM-01K94J-1,"2025-11-04 22:15:42",88.5
CSWM-01K94J-1,"2025-11-04 22:20:42",126.5
CSWM-01K94J-1,"2025-11-04 22:25:42",66.3
CSWM-01K94J-1,"2025-11-04 22:30:42",65.2
CSWM-01K94J-1,"2025-11-04 22:35:42",101.9
CSWM-01K94J-1,"2025-11-04 22:40:42",77.7
CSWM-01K94J-1,"2025-11-04 22:45:42",95.6
CSWM-01K94J-1,"2025-11-04 22:50:42",143.5
CSWM-01K94J-1,"2025-11-04 22:55:42",54.3
CSWM-01K94J-1,"2025-11-04 23:00:42",93.6
CSWM-01K94J-1,"2025-11-04 23:05:42",89.1
CSWM-01K94J-1,"2025-11-04 23:10:42",77.8
CSWM-01K94J-1,"2025-11-04 23:15:42",132.9
CSWM-01K94J-1,"2025-11-04 23:20:42",112.0
CSWM-01K94J-1,"2025-11-04 23:25:42",89.4
CSWM-01K94J-1,"2025-11-04 23:30:42",102.2
CSWM-01K94J-1,"2025-11-04 23:35:42",154.2
CSWM-01K94J-1,"2025-11-04 23:40:42",76.1
CSWM-01K94J-1,"2025-11-04 23:45:42",97.5
CSWM-01K94J-1,"2025-11-04 23:50:42",91.9
CSWM-01K94J-1,"2025-11-04 23:55:42",102.2
CSWM-01K94J-1,"2025-11-05 00:00:42",135.7
CSWM-01K94J-1,"2025-11-05 00:05:42",154.0
CSWM-01K94J-1,"2025-11-05 00:10:42",96.6
CSWM-01K94J-1,"2025-11-05 00:15:42",133.0
CSWM-01K94J-1,"2025-11-05 00:20:42",99.4
CSWM-01K94J-1,"2025-11-05 00:25:42",64.5
CSWM-01K94J-1,"2025-11-05 00:30:42",111.1
CSWM-01K94J-1,"2025-11-05 00:35:42",106.3
CSWM-01K94J-1,"2025-11-05 00:40:42",93.3
CSWM-01K94J-1,"2025-11-05 00:45:42",121.2
CSWM-01K94J-1,"2025-11-05 00:50:42",120.9
CSWM-01K94J-1,"2025-11-05 00:55:42",117.3
CSWM-01K94J-1,"2025-11-05 01:00:42",119.9
CSWM-01K94J-1,"2025-11-05 01:05:42",113.4
CSWM-01K94J-1,"2025-11-05 01:10:42",92.6
CSWM-01K94J-1,"2025-11-05 01:15:42",141.6
CSWM-01K94J-1,"2025-11-05 01:20:42",102.0
CSWM-01K94J-1,"2025-11-05 01:25:42",101.6
CSWM-01K94J-1,"2025-11-05 01:30:42",147.1
CSWM-01K94J-1,"2025-11-05 01:35:42",119.3
CSWM-01K94J-1,"2025-11-05 01:40:42",93.2
CSWM-01K94J-1,"2025-11-05 01:45:42",80.2
CSWM-01K94J-1,"2025-11-05 01:50:42",156.0
CSWM-01K94J-1,"2025-11-05 01:55:42",126.7
CSWM-01K94J-1,"2025-11-05 02:00:42",118.3
CSWM-01K94J-1,"2025-11-05 02:05:42",150.0
CSWM-01K94J-1,"2025-11-05 02:10:42",148.3
CSWM-01K94J-1,"2025-11-05 02:15:42",92.5
CSWM-01K94J-1,"2025-11-05 02:20:42",161.8
CSWM-01K94J-1,"2025-11-05 02:25:42",115.7
CSWM-01K94J-1,"2025-11-05 02:30:42",134.9
CSWM-01K94J-1,"2025-11-05 02:35:42",151.4
CSWM-01K94J-1,"2025-11-05 02:40:42",79.8
CSWM-01K94J-1,"2025-11-05 02:45:42",78.6
CSWM-01K94J-1,"2025-11-05 02:50:42",106.7
CSWM-01K94J-1,"2025-11-05 02:55:42",125.8
CSWM-01K94J-1,"2025-11-05 03:00:42",114.9
CSWM-01K94J-1,"2025-11-05 03:05:42",87.8
CSWM-01K94J-1,"2025-11-05 03:10:42",106.1
CSWM-01K94J-1,"2025-11-05 03:15:42",75.8
CSWM-01K94J-1,"2025-11-05 03:20:42",106.9
CSWM-01K94J-1,"2025-11-05 03:25:42",124.4
CSWM-01K94J-1,"2025-11-05 03:30:42",101.2
CSWM-01K94J-1,"2025-11-05 03:35:42",103.6
CSWM-01K94J-1,"2025-11-05 03:40:42",70.5
CSWM-01K94J-1,"2025-11-05 03:45:42",158.2
CSWM-01K94J-1,"2025-11-05 03:50:42",84.3
CSWM-01K94J-1,"2025-11-05 03:55:42",148.5
CSWM-01K94J-1,"2025-11-05 04:00:42",148.1
CSWM-01K94J-1,"2025-11-05 04:05:42",71.7
CSWM-01K94J-1,"2025-11-05 04:10:42",157.2
CSWM-01K94J-1,"2025-11-05 04:15:42",77.9
CSWM-01K94J-1,"2025-11-05 04:20:42",97.7
CSWM-01K94J-1,"2025-11-05 04:25:42",113.2
CSWM-01K94J-1,"2025-11-05 04:30:42",98.4
CSWM-01K94J-1,"2025-11-05 04:35:42",117.9
CSWM-01K94J-1,"2025-11-05 04:40:42",84.7
CSWM-01K94J-1,"2025-11-05 04:45:42",93.5
CSWM-01K94J-1,"2025-11-05 04:50:42",114.8
CSWM-01K94J-1,"2025-11-05 04:55:42",149.8
CSWM-01K94J-1,"2025-11-05 05:00:42",78.4
CSWM-01K94J-1,"2025-11-05 05:05:42",85.4
CSWM-01K94J-1,"2025-11-05 05:10:42",105.0
CSWM-01K94J-1,"2025-11-05 05:15:42",112.7
CSWM-01K94J-1,"2025-11-05 05:20:42",134.9
CSWM-01K94J-1,"2025-11-05 05:25:42",95.3
CSWM-01K94J-1,"2025-11-05 05:30:42",114.0
CSWM-01K94J-1,"2025-11-05 05:35:42",75.0
CSWM-01K94J-1,"2025-11-05 05:40:42",93.2
CSWM-01K94J-1,"2025-11-05 05:45:42",83.3
CSWM-01K94J-1,"2025-11-05 05:50:42",72.9
CSWM-01K94J-1,"2025-11-05 05:55:42",118.3
CSWM-01K94J-1,"2025-11-05 06:00:42",153.0
CSWM-01K94J-1,"2025-11-05 06:05:42",119.1
CSWM-01K94J-1,"2025-11-05 06:10:42",87.2
CSWM-01K94J-1,"2025-11-05 06:15:42",101.9
CSWM-01K94J-1,"2025-11-05 06:20:42",147.8
CSWM-01K94J-1,"2025-11-05 06:25:42",102.8
CSWM-01K94J-1,"2025-11-05 06:30:42",88.4
CSWM-01K94J-1,"2025-11-05 06:35:42",145.1
CSWM-01K94J-1,"2025-11-05 06:40:42",133.8
CSWM-01K94J-1,"2025-11-05 06:45:42",84.9
CSWM-01K94J-1,"2025-11-05 06:50:42",115.3
CSWM-01K94J-1,"2025-11-05 06:55:42",88.2
CSWM-01K94J-1,"2025-11-05 07:00:42",129.7
CSWM-01K94J-1,"2025-11-05 07:05:42",146.5
CSWM-01K94J-1,"2025-11-05 07:10:42",79.7
CSWM-01K94J-1,"2025-11-05 07:15:42",155.0
CSWM-01K94J-1,"2025-11-05 07:20:42",139.8
CSWM-01K94J-1,"2025-11-05 07:25:42",73.9
CSWM-01K94J-1,"2025-11-05 07:30:42",125.9
CSWM-01K94J-1,"2025-11-05 07:35:42",154.8
CSWM-01K94J-1,"2025-11-05 07:40:42",108.5
CSWM-01K94J-1,"2025-11-05 07:45:42",120.7
CSWM-01K94J-1,"2025-11-05 07:50:42",134.2
CSWM-01K94J-1,"2025-11-05 07:55:42",115.2
CSWM-01K94J-1,"2025-11-05 08:00:42",87.8
CSWM-01K94J-1,"2025-11-05 08:05:42",148.2
CSWM-01K94J-1,"2025-11-05 08:10:42",111.5
CSWM-01K94J-1,"2025-11-05 08:15:42",94.0
CSWM-01K94J-1,"2025-11-05 08:20:42",64.6
CSWM-01K94J-1,"2025-11-05 08:25:42",143.8
CSWM-01K94J-1,"2025-11-05 08:30:42",98.9
CSWM-01K94J-1,"2025-11-05 08:35:42",134.9
CSWM-01K94J-1,"2025-11-05 08:40:42",56.5
CSWM-01K94J-1,"2025-11-05 08:45:42",93.7
CSWM-01K94J-1,"2025-11-05 08:50:42",116.7
CSWM-01K94J-1,"2025-11-05 08:55:42",108.5
CSWM-01K94J-1,"2025-11-05 09:00:42",143.8
CSWM-01K94J-1,"2025-11-05 09:05:42",101.4
CSWM-01K94J-1,"2025-11-05 09:10:42",101.5
CSWM-01K94J-1,"2025-11-05 09:15:42",108.6
CSWM-01K94J-1,"2025-11-05 09:20:42",65.0
CSWM-01K94J-1,"2025-11-05 09:25:42",86.5
CSWM-01K94J-1,"2025-11-05 09:30:42",88.8
CSWM-01K94J-1,"2025-11-05 09:35:42",138.2
CSWM-01K94J-1,"2025-11-05 09:40:42",137.2
CSWM-01K94J-1,"2025-11-05 09:45:42",85.8
CSWM-01K94J-1,"2025-11-05 09:50:42",77.3
CSWM-01K94J-1,"2025-11-05 09:55:42",83.1
CSWM-01K94J-1,"2025-11-05 10:00:42",71.3
CSWM-01K94J-1,"2025-11-05 10:05:42",149.3
CSWM-01K94J-1,"2025-11-05 10:10:42",77.2
CSWM-01K94J-1,"2025-11-05 10:15:42",94.3
CSWM-01K94J-1,"2025-11-05 10:20:42",105.3
CSWM-01K94J-1,"2025-11-05 10:25:42",116.3
CSWM-01K94J-1,"2025-11-05 10:30:42",151.1
CSWM-01K94J-1,"2025-11-05 10:35:42",133.8
CSWM-01K94J-1,"2025-11-05 10:40:42",157.1
CSWM-01K94J-1,"2025-11-05 10:45:42",147.2
CSWM-01K94J-1,"2025-11-05 10:50:42",108.2
CSWM-01K94J-1,"2025-11-05 10:55:42",138.3
CSWM-01K94J-1,"2025-11-05 11:00:42",110.9
CSWM-01K94J-1,"2025-11-05 11:05:42",160.4
CSWM-01K94J-1,"2025-11-05 11:10:42",139.2
CSWM-01K94J-1,"2025-11-05 11:15:42",144.9
CSWM-01K94J-1,"2025-11-05 11:20:42",121.6
CSWM-01K94J-1,"2025-11-05 11:25:42",123.5
CSWM-01K94J-1,"2025-11-05 11:30:42",59.9
CSWM-01K94J-1,"2025-11-05 11:35:42",93.0
CSWM-01K94J-1,"2025-11-05 11:40:42",102.4
CSWM-01K94J-1,"2025-11-05 11:45:42",134.2
CSWM-01K94J-1,"2025-11-05 11:50:42",151.0
CSWM-01K94J-1,"2025-11-05 11:55:42",124.7
CSWM-01K94J-1,"2025-11-05 12:00:42",113.3
CSWM-01K94J-1,"2025-11-05 12:05:42",148.9
CSWM-01K94J-1,"2025-11-05 12:10:42",100.8
CSWM-01K94J-1,"2025-11-05 12:15:42",97.6
CSWM-01K94J-1,"2025-11-05 12:20:42",110.7
CSWM-01K94J-1,"2025-11-05 12:25:42",103.5
CSWM-01K94J-1,"2025-11-05 12:30:42",135.4
CSWM-01K94J-1,"2025-11-05 12:35:42",82.0
CSWM-01K94J-1,"2025-11-05 12:40:42",90.2
CSWM-01K94J-1,"2025-11-05 12:45:42",124.5
CSWM-01K94J-1,"2025-11-05 12:50:42",125.0
CSWM-01K94J-1,"2025-11-05 12:55:42",129.9
CSWM-01K94J-1,"2025-11-05 13:00:42",127.8
CSWM-01K94J-1,"2025-11-05 13:05:42",127.6
CSWM-01K94J-1,"2025-11-05 13:10:42",154.1
CSWM-01K94J-1,"2025-11-05 13:15:42",122.9
CSWM-01K94J-1,"2025-11-05 13:20:42",146.2
CSWM-01K94J-1,"2025-11-05 13:25:42",140.4
CSWM-01K94J-1,"2025-11-05 13:30:42",144.0
CSWM-01K94J-1,"2025-11-05 13:35:42",110.1
CSWM-01K94J-1,"2025-11-05 13:40:42",116.9
CSWM-01K94J-1,"2025-11-05 13:45:42",76.9
CSWM-01K94J-1,"2025-11-05 13:50:42",154.6
CSWM-01K94J-1,"2025-11-05 13:55:42",119.5
CSWM-01K94J-1,"2025-11-05 14:00:42",111.6
CSWM-01K94J-1,"2025-11-05 14:05:42",97.8
CSWM-01K94J-1,"2025-11-05 14:10:42",95.9
CSWM-01K94J-1,"2025-11-05 14:15:42",140.3
CSWM-01K94J-1,"2025-11-05 14:20:42",94.7
CSWM-01K94J-1,"2025-11-05 14:25:42",78.5
CSWM-01K94J-1,"2025-11-05 14:30:42",93.4
CSWM-01K94J-1,"2025-11-05 14:35:42",121.5
CSWM-01K94J-1,"2025-11-05 14:40:42",93.4
CSWM-01K94J-1,"2025-11-05 14:45:42",87.2
CSWM-01K94J-1,"2025-11-05 14:50:42",91.3
CSWM-01K94J-1,"2025-11-05 14:55:42",148.2
CSWM-01K94J-1,"2025-11-05 15:00:42",129.3
CSWM-01K94J-1,"2025-11-05 15:05:42",139.5
CSWM-01K94J-1,"2025-11-05 15:10:42",132.0
CSWM-01K94J-1,"2025-11-05 15:15:42",117.3
CSWM-01K94J-1,"2025-11-05 15:20:42",114.3
CSWM-01K94J-1,"2025-11-05 15:25:42",144.5
CSWM-01K94J-1,"2025-11-05 15:30:42",87.6
CSWM-01K94J-1,"2025-11-05 15:35:42",64.5
CSWM-01K94J-1,"2025-11-05 15:40:42",100.3
CSWM-01K94J-1,"2025-11-05 15:45:42",89.5
CSWM-01K94J-1,"2025-11-05 15:50:42",155.2
CSWM-01K94J-1,"2025-11-05 15:55:42",112.2
CSWM-01K94J-1,"2025-11-05 16:00:42",112.9
CSWM-01K94J-1,"2025-11-05 16:05:42",139.8
CSWM-01K94J-1,"2025-11-05 16:10:42",148.2
CSWM-01K94J-1,"2025-11-05 16:15:42",73.1
CSWM-01K94J-1,"2025-11-05 16:20:42",150.8
CSWM-01K94J-1,"2025-11-05 16:25:42",134.0
CSWM-01K94J-1,"2025-11-05 16:30:42",90.0
CSWM-01K94J-1,"2025-11-05 16:35:42",74.8
CSWM-01K94J-1,"2025-11-05 16:40:42",101.8
CSWM-01K94J-1,"2025-11-05 16:45:42",83.7
CSWM-01K94J-1,"2025-11-05 16:50:42",123.8
CSWM-01K94J-1,"2025-11-05 16:55:42",84.6
CSWM-01K94J-1,"2025-11-05 17:00:42",129.8
CSWM-01K94J-1,"2025-11-05 17:05:42",153.5
CSWM-01K94J-1,"2025-11-05 17:10:42",140.9
CSWM-01K94J-1,"2025-11-05 17:15:42",144.6
CSWM-01K94J-1,"2025-11-05 17:20:42",116.9
CSWM-01K94J-1,"2025-11-05 17:25:42",75.6
CSWM-01K94J-1,"2025-11-05 17:30:42",122.2
CSWM-01K94J-1,"2025-11-05 17:35:42",68.0
CSWM-01K94J-1,"2025-11-05 17:40:42",149.9
CSWM-01K94J-1,"2025-11-05 17:45:42",83.5
CSWM-01K94J-1,"2025-11-05 17:50:42",69.7
CSWM-01K94J-1,"2025-11-05 17:55:42",100.5
CSWM-01K94J-1,"2025-11-05 18:00:42",128.9
CSWM-01K94J-1,"2025-11-05 18:05:42",131.6
CSWM-01K94J-1,"2025-11-05 18:10:42",99.1
CSWM-01K94J-1,"2025-11-05 18:15:42",65.1
CSWM-01K94J-1,"2025-11-05 18:20:42",83.2
CSWM-01K94J-1,"2025-11-05 18:25:42",61.5
CSWM-01K94J-1,"2025-11-05 18:30:42",118.3
CSWM-01K94J-1,"2025-11-05 18:35:42",108.8
CSWM-01K94J-1,"2025-11-05 18:40:42",154.1
CSWM-01K94J-1,"2025-11-05 18:45:42",137.3
CSWM-01K94J-1,"2025-11-05 18:50:42",84.9
CSWM-01K94J-1,"2025-11-05 18:55:42",82.2
CSWM-01K94J-1,"2025-11-05 19:00:42",133.5
CSWM-01K94J-1,"2025-11-05 19:05:42",83.1
CSWM-01K94J-1,"2025-11-05 19:10:42",113.0
CSWM-01K94J-1,"2025-11-05 19:15:42",145.8
CSWM-01K94J-1,"2025-11-05 19:20:42",149.9
CSWM-01K94J-1,"2025-11-05 19:25:42",116.9
CSWM-01K94J-1,"2025-11-05 19:30:42",145.3
CSWM-01K94J-1,"2025-11-05 19:35:42",120.9
CSWM-01K94J-1,"2025-11-05 19:40:42",131.3
CSWM-01K94J-1,"2025-11-05 19:45:42",86.2
CSWM-01K94J-1,"2025-11-05 19:50:42",143.9
CSWM-01K94J-1,"2025-11-05 19:55:42",76.3
CSWM-01K94J-1,"2025-11-05 20:00:42",111.3
CSWM-01K94J-1,"2025-11-05 20:05:42",112.8
CSWM-01K94J-1,"2025-11-05 20:10:42",157.1
CSWM-01K94J-1,"2025-11-05 20:15:42",154.3
CSWM-01K94J-1,"2025-11-05 20:20:42",96.0
CSWM-01K94J-1,"2025-11-05 20:25:42",85.2
CSWM-01K94J-1,"2025-11-05 20:30:42",165.9
CSWM-01K94J-1,"2025-11-05 20:35:42",104.8
CSWM-01K94J-1,"2025-11-05 20:40:42",92.0
CSWM-01K94J-1,"2025-11-05 20:45:42",132.6
CSWM-01K94J-1,"2025-11-05 20:50:42",134.7
CSWM-01K94J-1,"2025-11-05 20:55:42",66.7
CSWM-01K94J-1,"2025-11-05 21:00:42",132.2
CSWM-01K94J-1,"2025-11-05 21:05:42",141.4
CSWM-01K94J-1,"2025-11-05 21:10:42",75.4
CSWM-01K94J-1,"2025-11-05 21:15:42",99.4
CSWM-01K94J-1,"2025-11-05 21:20:42",140.6
CSWM-01K94J-1,"2025-11-05 21:25:42",95.0
CSWM-01K94J-1,"2025-11-05 21:30:42",77.6
CSWM-01K94J-1,"2025-11-05 21:35:42",141.7
CSWM-01K94J-1,"2025-11-05 21:40:42",96.1
CSWM-01K94J-1,"2025-11-05 21:45:42",117.8
CSWM-01K94J-1,"2025-11-05 21:50:42",118.5
CSWM-01K94J-1,"2025-11-05 21:55:42",91.0
CSWM-01K94J-1,"2025-11-05 22:00:42",130.4
CSWM-01K94J-1,"2025-11-05 22:05:42",123.4
CSWM-01K94J-1,"2025-11-05 22:10:42",103.9
CSWM-01K94J-1,"2025-11-05 22:15:42",163.3
CSWM-01K94J-1,"2025-11-05 22:20:42",102.4
CSWM-01K94J-1,"2025-11-05 22:25:42",99.4
CSWM-01K94J-1,"2025-11-05 22:30:42",107.5
CSWM-01K94J-1,"2025-11-05 22:35:42",136.4
CSWM-01K94J-1,"2025-11-05 22:40:42",140.8
CSWM-01K94J-1,"2025-11-05 22:45:42",135.9
CSWM-01K94J-1,"2025-11-05 22:50:42",90.9
CSWM-01K94J-1,"2025-11-05 22:55:42",75.2
CSWM-01K94J-1,"2025-11-05 23:00:42",76.0
CSWM-01K94J-1,"2025-11-05 23:05:42",145.4
CSWM-01K94J-1,"2025-11-05 23:10:42",137.7
CSWM-01K94J-1,"2025-11-05 23:15:42",118.0
CSWM-01K94J-1,"2025-11-05 23:20:42",86.1
CSWM-01K94J-1,"2025-11-05 23:25:42",144.5
CSWM-01K94J-1,"2025-11-05 23:30:42",163.7
CSWM-01K94J-1,"2025-11-05 23:35:42",107.9
CSWM-01K94J-1,"2025-11-05 23:40:42",95.2
CSWM-01K94J-1,"2025-11-05 23:45:42",73.2
CSWM-01K94J-1,"2025-11-05 23:50:42",88.7
CSWM-01K94J-1,"2025-11-05 23:55:42",93.6
CSWM-01K94J-1,"2025-11-06 00:00:42",95.9
CSWM-01K94J-1,"2025-11-06 00:05:42",121.5
CSWM-01K94J-1,"2025-11-06 00:10:42",102.5
CSWM-01K94J-1,"2025-11-06 00:15:42",118.0
CSWM-01K94J-1,"2025-11-06 00:20:42",61.9
CSWM-01K94J-1,"2025-11-06 00:25:42",71.4
CSWM-01K94J-1,"2025-11-06 00:30:42",117.4
CSWM-01K94J-1,"2025-11-06 00:35:42",152.0
CSWM-01K94J-1,"2025-11-06 00:40:42",130.6
CSWM-01K94J-1,"2025-11-06 00:45:42",140.1
CSWM-01K94J-1,"2025-11-06 00:50:42",131.5
CSWM-01K94J-1,"2025-11-06 00:55:42",102.3
CSWM-01K94J-1,"2025-11-06 01:00:42",122.1
CSWM-01K94J-1,"2025-11-06 01:05:42",69.5
CSWM-01K94J-1,"2025-11-06 01:10:42",167.4
CSWM-01K94J-1,"2025-11-06 01:15:42",81.2
CSWM-01K94J-1,"2025-11-06 01:20:42",100.3
CSWM-01K94J-1,"2025-11-06 01:25:42",116.8
CSWM-01K94J-1,"2025-11-06 01:30:42",147.4
CSWM-01K94J-1,"2025-11-06 01:35:42",121.3
CSWM-01K94J-1,"2025-11-06 01:40:42",63.0
CSWM-01K94J-1,"2025-11-06 01:45:42",131.7
CSWM-01K94J-1,"2025-11-06 01:50:42",78.0
CSWM-01K94J-1,"2025-11-06 01:55:42",161.6
CSWM-01K94J-1,"2025-11-06 02:00:42",138.8
CSWM-01K94J-1,"2025-11-06 02:05:42",96.6
CSWM-01K94J-1,"2025-11-06 02:10:42",130.6
CSWM-01K94J-1,"2025-11-06 02:15:42",104.1
CSWM-01K94J-1,"2025-11-06 02:20:42",78.1
CSWM-01K94J-1,"2025-11-06 02:25:42",142.7
CSWM-01K94J-1,"2025-11-06 02:30:42",78.6
CSWM-01K94J-1,"2025-11-06 02:35:42",108.9
CSWM-01K94J-1,"2025-11-06 02:40:42",146.6
CSWM-01K94J-1,"2025-11-06 02:45:42",118.1
CSWM-01K94J-1,"2025-11-06 02:50:42",109.9
CSWM-01K94J-1,"2025-11-06 02:55:42",115.7
CSWM-01K94J-1,"2025-11-06 03:00:42",88.9
CSWM-01K94J-1,"2025-11-06 03:05:42",116.4
CSWM-01K94J-1,"2025-11-06 03:10:42",89.7
CSWM-01K94J-1,"2025-11-06 03:15:42",72.2
CSWM-01K94J-1,"2025-11-06 03:20:42",105.4
CSWM-01K94J-1,"2025-11-06 03:25:42",113.2
CSWM-01K94J-1,"2025-11-06 03:30:42",104.6
CSWM-01K94J-1,"2025-11-06 03:35:42",146.8
CSWM-01K94J-1,"2025-11-06 03:40:42",137.9
CSWM-01K94J-1,"2025-11-06 03:45:42",105.4
CSWM-01K94J-1,"2025-11-06 03:50:42",140.7
CSWM-01K94J-1,"2025-11-06 03:55:42",129.1
CSWM-01K94J-1,"2025-11-06 04:00:42",72.1
CSWM-01K94J-1,"2025-11-06 04:05:42",133.7
CSWM-01K94J-1,"2025-11-06 04:10:42",157.2
CSWM-01K94J-1,"2025-11-06 04:15:42",76.0
CSWM-01K94J-1,"2025-11-06 04:20:42",116.0
CSWM-01K94J-1,"2025-11-06 04:25:42",126.2
CSWM-01K94J-1,"2025-11-06 04:30:42",91.6
CSWM-01K94J-1,"2025-11-06 04:35:42",135.7
CSWM-01K94J-1,"2025-11-06 04:40:42",148.8
CSWM-01K94J-1,"2025-11-06 04:45:42",104.5
CSWM-01K94J-1,"2025-11-06 04:50:42",57.0
CSWM-01K94J-1,"2025-11-06 04:55:42",85.9
CSWM-01K94J-1,"2025-11-06 05:00:42",128.4
CSWM-01K94J-1,"2025-11-06 05:05:42",122.3
CSWM-01K94J-1,"2025-11-06 05:10:42",115.6
CSWM-01K94J-1,"2025-11-06 05:15:42",99.3
CSWM-01K94J-1,"2025-11-06 05:20:42",92.3
CSWM-01K94J-1,"2025-11-06 05:25:42",83.0
CSWM-01K94J-1,"2025-11-06 05:30:42",160.4
CSWM-01K94J-1,"2025-11-06 05:35:42",123.3
CSWM-01K94J-1,"2025-11-06 05:40:42",122.2
CSWM-01K94J-1,"2025-11-06 05:45:42",87.4
CSWM-01K94J-1,"2025-11-06 05:50:42",131.6
CSWM-01K94J-1,"2025-11-06 05:55:42",150.5
CSWM-01K94J-1,"2025-11-06 06:00:42",73.6
CSWM-01K94J-1,"2025-11-06 06:05:42",153.0
CSWM-01K94J-1,"2025-11-06 06:10:42",69.7
CSWM-01K94J-1,"2025-11-06 06:15:42",66.1
CSWM-01K94J-1,"2025-11-06 06:20:42",140.6
CSWM-01K94J-1,"2025-11-06 06:25:42",80.6
CSWM-01K94J-1,"2025-11-06 06:30:42",102.8
CSWM-01K94J-1,"2025-11-06 06:35:42",130.7
CSWM-01K94J-1,"2025-11-06 06:40:42",101.0
CSWM-01K94J-1,"2025-11-06 06:45:42",67.4
CSWM-01K94J-1,"2025-11-06 06:50:42",124.6
CSWM-01K94J-1,"2025-11-06 06:55:42",110.2
CSWM-01K94J-1,"2025-11-06 07:00:42",101.7
CSWM-01K94J-1,"2025-11-06 07:05:42",64.9
CSWM-01K94J-1,"2025-11-06 07:10:42",144.3
CSWM-01K94J-1,"2025-11-06 07:15:42",97.8
CSWM-01K94J-1,"2025-11-06 07:20:42",115.4
CSWM-01K94J-1,"2025-11-06 07:25:42",94.6
CSWM-01K94J-1,"2025-11-06 07:30:42",133.9
CSWM-01K94J-1,"2025-11-06 07:35:42",90.2
CSWM-01K94J-1,"2025-11-06 07:40:42",146.3
CSWM-01K94J-1,"2025-11-06 07:45:42",98.4
CSWM-01K94J-1,"2025-11-06 07:50:42",130.1
CSWM-01K94J-1,"2025-11-06 07:55:42",78.3
CSWM-01K94J-1,"2025-11-06 08:00:42",72.7
CSWM-01K94J-1,"2025-11-06 08:05:42",116.6
CSWM-01K94J-1,"2025-11-06 08:10:42",145.8
CSWM-01K94J-1,"2025-11-06 08:15:42",115.4
CSWM-01K94J-1,"2025-11-06 08:20:42",84.5
CSWM-01K94J-1,"2025-11-06 08:25:42",84.0
CSWM-01K94J-1,"2025-11-06 08:30:42",96.6
CSWM-01K94J-1,"2025-11-06 08:35:42",59.4
CSWM-01K94J-1,"2025-11-06 08:40:42",111.1
CSWM-01K94J-1,"2025-11-06 08:45:42",135.0
CSWM-01K94J-1,"2025-11-06 08:50:42",76.7
CSWM-01K94J-1,"2025-11-06 08:55:42",106.0
CSWM-01K94J-1,"2025-11-06 09:00:42",63.4
CSWM-01K94J-1,"2025-11-06 09:05:42",80.1
CSWM-01K94J-1,"2025-11-06 09:10:42",134.9
CSWM-01K94J-1,"2025-11-06 09:15:42",131.5
CSWM-01K94J-1,"2025-11-06 09:20:42",130.0
CSWM-01K94J-1,"2025-11-06 09:25:42",79.0
CSWM-01K94J-1,"2025-11-06 09:30:42",81.8
CSWM-01K94J-1,"2025-11-06 09:35:42",117.3
CSWM-01K94J-1,"2025-11-06 09:40:42",126.0
CSWM-01K94J-1,"2025-11-06 09:45:42",124.9
CSWM-01K94J-1,"2025-11-06 09:50:42",102.5
CSWM-01K94J-1,"2025-11-06 09:55:42",78.7
CSWM-01K94J-1,"2025-11-06 10:00:42",89.7
CSWM-01K94J-1,"2025-11-06 10:05:42",72.0
CSWM-01K94J-1,"2025-11-06 10:10:42",114.6
CSWM-01K94J-1,"2025-11-06 10:15:42",78.4
CSWM-01K94J-1,"2025-11-06 10:20:42",83.1
CSWM-01K94J-1,"2025-11-06 10:25:42",57.5
CSWM-01K94J-1,"2025-11-06 10:30:42",163.3
CSWM-01K94J-1,"2025-11-06 10:35:42",98.8
CSWM-01K94J-1,"2025-11-06 10:40:42",96.9
CSWM-01K94J-1,"2025-11-06 10:45:42",98.1
CSWM-01K94J-1,"2025-11-06 10:50:42",61.5
CSWM-01K94J-1,"2025-11-06 10:55:42",58.7
CSWM-01K94J-1,"2025-11-06 11:00:42",109.3
CSWM-01K94J-1,"2025-11-06 11:05:42",155.0
CSWM-01K94J-1,"2025-11-06 11:10:42",125.8
CSWM-01K94J-1,"2025-11-06 11:15:42",118.7
CSWM-01K94J-1,"2025-11-06 11:20:42",79.7
CSWM-01K94J-1,"2025-11-06 11:25:42",124.1
CSWM-01K94J-1,"2025-11-06 11:30:42",126.4
CSWM-01K94J-1,"2025-11-06 11:35:42",74.4
CSWM-01K94J-1,"2025-11-06 11:40:42",103.0
CSWM-01K94J-1,"2025-11-06 11:45:42",131.4
CSWM-01K94J-1,"2025-11-06 11:50:42",134.1
CSWM-01K94J-1,"2025-11-06 11:55:42",106.2
CSWM-01K94J-1,"2025-11-06 12:00:42",99.8
CSWM-01K94J-1,"2025-11-06 12:05:42",125.0
CSWM-01K94J-1,"2025-11-06 12:10:42",152.5
CSWM-01K94J-1,"2025-11-06 12:15:42",82.0
CSWM-01K94J-1,"2025-11-06 12:20:42",73.7
CSWM-01K94J-1,"2025-11-06 12:25:42",71.7
CSWM-01K94J-1,"2025-11-06 12:30:42",112.1
CSWM-01K94J-1,"2025-11-06 12:35:42",120.8
CSWM-01K94J-1,"2025-11-06 12:40:42",115.1
CSWM-01K94J-1,"2025-11-06 12:45:42",88.2
CSWM-01K94J-1,"2025-11-06 12:50:42",147.8
CSWM-01K94J-1,"2025-11-06 12:55:42",111.4
CSWM-01K94J-1,"2025-11-06 13:00:42",142.3
CSWM-01K94J-1,"2025-11-06 13:05:42",113.3
CSWM-01K94J-1,"2025-11-06 13:10:42",149.3
CSWM-01K94J-1,"2025-11-06 13:15:42",121.1
CSWM-01K94J-1,"2025-11-06 13:20:42",124.3
CSWM-01K94J-1,"2025-11-06 13:25:42",97.5
CSWM-01K94J-1,"2025-11-06 13:30:42",79.8
CSWM-01K94J-1,"2025-11-06 13:35:42",68.6
CSWM-01K94J-1,"2025-11-06 13:40:42",110.3
CSWM-01K94J-1,"2025-11-06 13:45:42",92.1
CSWM-01K94J-1,"2025-11-06 13:50:42",134.5
CSWM-01K94J-1,"2025-11-06 13:55:42",115.3
CSWM-01K94J-1,"2025-11-06 14:00:42",134.1
CSWM-01K94J-1,"2025-11-06 14:05:42",121.4
CSWM-01K94J-1,"2025-11-06 14:10:42",131.9
CSWM-01K94J-1,"2025-11-06 14:15:42",144.7
CSWM-01K94J-1,"2025-11-06 14:20:42",87.3
CSWM-01K94J-1,"2025-11-06 14:25:42",120.1
CSWM-01K94J-1,"2025-11-06 14:30:42",102.6
CSWM-01K94J-1,"2025-11-06 14:35:42",122.7
CSWM-01K94J-1,"2025-11-06 14:40:42",148.5
CSWM-01K94J-1,"2025-11-06 14:45:42",113.1
CSWM-01K94J-1,"2025-11-06 14:50:42",152.5
CSWM-01K94J-1,"2025-11-06 14:55:42",94.1
CSWM-01K94J-1,"2025-11-06 15:00:42",91.1
CSWM-01K94J-1,"2025-11-06 15:05:42",69.6
CSWM-01K94J-1,"2025-11-06 15:10:42",75.9
CSWM-01K94J-1,"2025-11-06 15:15:42",79.1
CSWM-01K94J-1,"2025-11-06 15:20:42",129.3
CSWM-01K94J-1,"2025-11-06 15:25:42",131.0
CSWM-01K94J-1,"2025-11-06 15:30:42",151.2
CSWM-01K94J-1,"2025-11-06 15:35:42",85.1
CSWM-01K94J-1,"2025-11-06 15:40:42",140.5
CSWM-01K94J-1,"2025-11-06 15:45:42",88.9
CSWM-01K94J-1,"2025-11-06 15:50:42",101.8
CSWM-01K94J-1,"2025-11-06 15:55:42",102.7
CSWM-01K94J-1,"2025-11-06 16:00:42",104.5
CSWM-01K94J-1,"2025-11-06 16:05:42",89.4
CSWM-01K94J-1,"2025-11-06 16:10:42",151.1
CSWM-01K94J-1,"2025-11-06 16:15:42",121.0
CSWM-01K94J-1,"2025-11-06 16:20:42",127.7
CSWM-01K94J-1,"2025-11-06 16:25:42",105.5
CSWM-01K94J-1,"2025-11-06 16:30:42",130.7
CSWM-01K94J-1,"2025-11-06 16:35:42",64.2
CSWM-01K94J-1,"2025-11-06 16:40:42",95.3
CSWM-01K94J-1,"2025-11-06 16:45:42",115.2
CSWM-01K94J-1,"2025-11-06 16:50:42",111.1
CSWM-01K94J-1,"2025-11-06 16:55:42",75.2
CSWM-01K94J-1,"2025-11-06 17:00:42",77.7
CSWM-01K94J-1,"2025-11-06 17:05:42",62.1
CSWM-01K94J-1,"2025-11-06 17:10:42",96.7
CSWM-01K94J-1,"2025-11-06 17:15:42",111.9
CSWM-01K94J-1,"2025-11-06 17:20:42",80.5
CSWM-01K94J-1,"2025-11-06 17:25:42",57.2
CSWM-01K94J-1,"2025-11-06 17:30:42",156.0
CSWM-01K94J-1,"2025-11-06 17:35:42",110.7
CSWM-01K94J-1,"2025-11-06 17:40:42",166.1
CSWM-01K94J-1,"2025-11-06 17:45:42",80.0
CSWM-01K94J-1,"2025-11-06 17:50:42",124.6
CSWM-01K94J-1,"2025-11-06 17:55:42",115.2
CSWM-01K94J-1,"2025-11-06 18:00:42",127.8
CSWM-01K94J-1,"2025-11-06 18:05:42",63.9
CSWM-01K94J-1,"2025-11-06 18:10:42",84.8
CSWM-01K94J-1,"2025-11-06 18:15:42",126.2
CSWM-01K94J-1,"2025-11-06 18:20:42",127.5
CSWM-01K94J-1,"2025-11-06 18:25:42",138.1
CSWM-01K94J-1,"2025-11-06 18:30:42",95.8
CSWM-01K94J-1,"2025-11-06 18:35:42",157.1
CSWM-01K94J-1,"2025-11-06 18:40:42",102.0
CSWM-01K94J-1,"2025-11-06 18:45:42",112.5
CSWM-01K94J-1,"2025-11-06 18:50:42",86.7
CSWM-01K94J-1,"2025-11-06 18:55:42",88.2
CSWM-01K94J-1,"2025-11-06 19:00:42",86.8
CSWM-01K94J-1,"2025-11-06 19:05:42",81.8
CSWM-01K94J-1,"2025-11-06 19:10:42",150.6
CSWM-01K94J-1,"2025-11-06 19:15:42",91.5
CSWM-01K94J-1,"2025-11-06 19:20:42",90.0
CSWM-01K94J-1,"2025-11-06 19:25:42",129.3
CSWM-01K94J-1,"2025-11-06 19:30:42",66.7
CSWM-01K94J-1,"2025-11-06 19:35:42",114.2
CSWM-01K94J-1,"2025-11-06 19:40:42",130.9
CSWM-01K94J-1,"2025-11-06 19:45:42",128.3
CSWM-01K94J-1,"2025-11-06 19:50:42",107.4
CSWM-01K94J-1,"2025-11-06 19:55:42",109.9
CSWM-01K94J-1,"2025-11-06 20:00:42",133.5
CSWM-01K94J-1,"2025-11-06 20:05:42",85.8
CSWM-01K94J-1,"2025-11-06 20:10:42",68.9
CSWM-01K94J-1,"2025-11-06 20:15:42",119.9
CSWM-01K94J-1,"2025-11-06 20:20:42",111.9
CSWM-01K94J-1,"2025-11-06 20:25:42",60.7
CSWM-01K94J-1,"2025-11-06 20:30:42",109.7
CSWM-01K94J-1,"2025-11-06 20:35:42",115.1
CSWM-01K94J-1,"2025-11-06 20:40:42",114.7
CSWM-01K94J-1,"2025-11-06 20:45:42",131.4
CSWM-01K94J-1,"2025-11-06 20:50:42",137.6
CSWM-01K94J-1,"2025-11-06 20:55:42",103.5
CSWM-01K94J-1,"2025-11-06 21:00:42",153.5
CSWM-01K94J-1,"2025-11-06 21:05:42",71.2
CSWM-01K94J-1,"2025-11-06 21:10:42",115.5
CSWM-01K94J-1,"2025-11-06 21:15:42",144.5
CSWM-01K94J-1,"2025-11-06 21:20:42",114.6
CSWM-01K94J-1,"2025-11-06 21:25:42",94.7
CSWM-01K94J-1,"2025-11-06 21:30:42",112.8
CSWM-01K94J-1,"2025-11-06 21:35:42",119.4
CSWM-01K94J-1,"2025-11-06 21:40:42",90.6
CSWM-01K94J-1,"2025-11-06 21:45:42",134.0
CSWM-01K94J-1,"2025-11-06 21:50:42",112.6
CSWM-01K94J-1,"2025-11-06 21:55:42",148.3
CSWM-01K94J-1,"2025-11-06 22:00:42",90.6
CSWM-01K94J-1,"2025-11-06 22:05:42",96.9
CSWM-01K94J-1,"2025-11-06 22:10:42",92.9
CSWM-01K94J-1,"2025-11-06 22:15:42",63.4
CSWM-01K94J-1,"2025-11-06 22:20:42",98.9
CSWM-01K94J-1,"2025-11-06 22:25:42",141.6
CSWM-01K94J-1,"2025-11-06 22:30:42",95.8
CSWM-01K94J-1,"2025-11-06 22:35:42",137.6
CSWM-01K94J-1,"2025-11-06 22:40:42",114.0
CSWM-01K94J-1,"2025-11-06 22:45:42",111.5
CSWM-01K94J-1,"2025-11-06 22:50:42",127.3
CSWM-01K94J-1,"2025-11-06 22:55:42",108.2
CSWM-01K94J-1,"2025-11-06 23:00:42",84.8
CSWM-01K94J-1,"2025-11-06 23:05:42",125.6
CSWM-01K94J-1,"2025-11-06 23:10:42",106.2
CSWM-01K94J-1,"2025-11-06 23:15:42",132.0
CSWM-01K94J-1,"2025-11-06 23:20:42",126.1
CSWM-01K94J-1,"2025-11-06 23:25:42",114.2
CSWM-01K94J-1,"2025-11-06 23:30:42",73.1
CSWM-01K94J-1,"2025-11-06 23:35:42",110.0
CSWM-01K94J-1,"2025-11-06 23:40:42",73.5
CSWM-01K94J-1,"2025-11-06 23:45:42",137.2
CSWM-01K94J-1,"2025-11-06 23:50:42",88.7
CSWM-01K94J-1,"2025-11-06 23:55:42",89.4
CSWM-01K94J-1,"2025-11-07 00:00:42",84.0
CSWM-01K94J-1,"2025-11-07 00:05:42",148.6
CSWM-01K94J-1,"2025-11-07 00:10:42",90.2
CSWM-01K94J-1,"2025-11-07 00:15:42",150.6
CSWM-01K94J-1,"2025-11-07 00:20:42",111.3
CSWM-01K94J-1,"2025-11-07 00:25:42",122.1
CSWM-01K94J-1,"2025-11-07 00:30:42",110.2
CSWM-01K94J-1,"2025-11-07 00:35:42",115.9
CSWM-01K94J-1,"2025-11-07 00:40:42",154.2
CSWM-01K94J-1,"2025-11-07 00:45:42",72.8
CSWM-01K94J-1,"2025-11-07 00:50:42",78.7
CSWM-01K94J-1,"2025-11-07 00:55:42",111.2
CSWM-01K94J-1,"2025-11-07 01:00:42",79.5
CSWM-01K94J-1,"2025-11-07 01:05:42",139.1
CSWM-01K94J-1,"2025-11-07 01:10:42",96.8
CSWM-01K94J-1,"2025-11-07 01:15:42",99.0
CSWM-01K94J-1,"2025-11-07 01:20:42",114.4
CSWM-01K94J-1,"2025-11-07 01:25:42",62.1
CSWM-01K94J-1,"2025-11-07 01:30:42",121.2
CSWM-01K94J-1,"2025-11-07 01:35:42",150.8
CSWM-01K94J-1,"2025-11-07 01:40:42",134.9
CSWM-01K94J-1,"2025-11-07 01:45:42",92.9
CSWM-01K94J-1,"2025-11-07 01:50:42",72.8
CSWM-01K94J-1,"2025-11-07 01:55:42",125.7
CSWM-01K94J-1,"2025-11-07 02:00:42",85.3
CSWM-01K94J-1,"2025-11-07 02:05:42",127.5
CSWM-01K94J-1,"2025-11-07 02:10:42",95.9
CSWM-01K94J-1,"2025-11-07 02:15:42",141.4
CSWM-01K94J-1,"2025-11-07 02:20:42",110.4
CSWM-01K94J-1,"2025-11-07 02:25:42",148.1
CSWM-01K94J-1,"2025-11-07 02:30:42",81.2
CSWM-01K94J-1,"2025-11-07 02:35:42",101.1
CSWM-01K94J-1,"2025-11-07 02:40:42",94.8
CSWM-01K94J-1,"2025-11-07 02:45:42",153.9
CSWM-01K94J-1,"2025-11-07 02:50:42",126.2
CSWM-01K94J-1,"2025-11-07 02:55:42",112.3
CSWM-01K94J-1,"2025-11-07 03:00:42",135.5
CSWM-01K94J-1,"2025-11-07 03:05:42",137.6
CSWM-01K94J-1,"2025-11-07 03:10:42",128.4
CSWM-01K94J-1,"2025-11-07 03:15:42",123.3
CSWM-01K94J-1,"2025-11-07 03:20:42",87.1
CSWM-01K94J-1,"2025-11-07 03:25:42",95.5
CSWM-01K94J-1,"2025-11-07 03:30:42",136.2
CSWM-01K94J-1,"2025-11-07 03:35:42",129.1
CSWM-01K94J-1,"2025-11-07 03:40:42",120.0
CSWM-01K94J-1,"2025-11-07 03:45:42",124.7
CSWM-01K94J-1,"2025-11-07 03:50:42",101.0
CSWM-01K94J-1,"2025-11-07 03:55:42",141.5
CSWM-01K94J-1,"2025-11-07 04:00:42",58.6
CSWM-01K94J-1,"2025-11-07 04:05:42",147.3
CSWM-01K94J-1,"2025-11-07 04:10:42",87.7
CSWM-01K94J-1,"2025-11-07 04:15:42",135.4
CSWM-01K94J-1,"2025-11-07 04:20:42",74.9
CSWM-01K94J-1,"2025-11-07 04:25:42",138.7
CSWM-01K94J-1,"2025-11-07 04:30:42",104.1
CSWM-01K94J-1,"2025-11-07 04:35:42",65.5
CSWM-01K94J-1,"2025-11-07 04:40:42",96.6
CSWM-01K94J-1,"2025-11-07 04:45:42",130.8
CSWM-01K94J-1,"2025-11-07 04:50:42",80.4
CSWM-01K94J-1,"2025-11-07 04:55:42",136.1
CSWM-01K94J-1,"2025-11-07 05:00:42",153.6
CSWM-01K94J-1,"2025-11-07 05:05:42",127.7
CSWM-01K94J-1,"2025-11-07 05:10:42",126.2
CSWM-01K94J-1,"2025-11-07 05:15:42",73.8
CSWM-01K94J-1,"2025-11-07 05:20:42",135.7
CSWM-01K94J-1,"2025-11-07 05:25:42",115.1
CSWM-01K94J-1,"2025-11-07 05:30:42",131.8
CSWM-01K94J-1,"2025-11-07 05:35:42",126.2
CSWM-01K94J-1,"2025-11-07 05:40:42",93.1
CSWM-01K94J-1,"2025-11-07 05:45:42",157.9
CSWM-01K94J-1,"2025-11-07 05:50:42",112.0
CSWM-01K94J-1,"2025-11-07 05:55:42",128.6
CSWM-01K94J-1,"2025-11-07 06:00:42",125.1
CSWM-01K94J-1,"2025-11-07 06:05:42",63.0
CSWM-01K94J-1,"2025-11-07 06:10:42",149.7
CSWM-01K94J-1,"2025-11-07 06:15:42",92.6
CSWM-01K94J-1,"2025-11-07 06:20:42",113.1
CSWM-01K94J-1,"2025-11-07 06:25:42",137.4
CSWM-01K94J-1,"2025-11-07 06:30:42",137.0
CSWM-01K94J-1,"2025-11-07 06:35:42",114.2
CSWM-01K94J-1,"2025-11-07 06:40:42",101.9
CSWM-01K94J-1,"2025-11-07 06:45:42",111.0
CSWM-01K94J-1,"2025-11-07 06:50:42",116.4
CSWM-01K94J-1,"2025-11-07 06:55:42",153.9
CSWM-01K94J-1,"2025-11-07 07:00:42",148.4
CSWM-01K94J-1,"2025-11-07 07:05:42",124.3
CSWM-01K94J-1,"2025-11-07 07:10:42",73.5
CSWM-01K94J-1,"2025-11-07 07:15:42",79.7
CSWM-01K94J-1,"2025-11-07 07:20:42",89.3
CSWM-01K94J-1,"2025-11-07 07:25:42",80.8
CSWM-01K94J-1,"2025-11-07 07:30:42",75.1
CSWM-01K94J-1,"2025-11-07 07:35:42",94.4
CSWM-01K94J-1,"2025-11-07 07:40:42",127.9
CSWM-01K94J-1,"2025-11-07 07:45:42",121.0
CSWM-01K94J-1,"2025-11-07 07:50:42",85.5
CSWM-01K94J-1,"2025-11-07 07:55:42",125.2
CSWM-01K94J-1,"2025-11-07 08:00:42",107.8
CSWM-01K94J-1,"2025-11-07 08:05:42",85.1
CSWM-01K94J-1,"2025-11-07 08:10:42",120.6
CSWM-01K94J-1,"2025-11-07 08:15:42",131.1
CSWM-01K94J-1,"2025-11-07 08:20:42",99.3
CSWM-01K94J-1,"2025-11-07 08:25:42",121.0
CSWM-01K94J-1,"2025-11-07 08:30:42",83.2
CSWM-01K94J-1,"2025-11-07 08:35:42",76.7
CSWM-01K94J-1,"2025-11-07 08:40:42",144.5
CSWM-01K94J-1,"2025-11-07 08:45:42",140.8
CSWM-01K94J-1,"2025-11-07 08:50:42",141.7
CSWM-01K94J-1,"2025-11-07 08:55:42",118.1
CSWM-01K94J-1,"2025-11-07 09:00:42",98.9
CSWM-01K94J-1,"2025-11-07 09:05:42",117.0
CSWM-01K94J-1,"2025-11-07 09:10:42",97.7
CSWM-01K94J-1,"2025-11-07 09:15:42",147.0
CSWM-01K94J-1,"2025-11-07 09:20:42",136.6
CSWM-01K94J-1,"2025-11-07 09:25:42",125.0
CSWM-01K94J-1,"2025-11-07 09:30:42",81.7
CSWM-01K94J-1,"2025-11-07 09:35:42",118.0
CSWM-01K94J-1,"2025-11-07 09:40:42",90.7
CSWM-01K94J-1,"2025-11-07 09:45:42",115.0
CSWM-01K94J-1,"2025-11-07 09:50:42",114.7
CSWM-01K94J-1,"2025-11-07 09:55:42",95.6
CSWM-01K94J-1,"2025-11-07 10:00:42",105.8
CSWM-01K94J-1,"2025-11-07 10:05:42",108.3
CSWM-01K94J-1,"2025-11-07 10:10:42",111.9
CSWM-01K94J-1,"2025-11-07 10:15:42",87.6
CSWM-01K94J-1,"2025-11-07 10:20:42",112.3
CSWM-01K94J-1,"2025-11-07 10:25:42",93.7
CSWM-01K94J-1,"2025-11-07 10:30:42",135.5
CSWM-01K94J-1,"2025-11-07 10:35:42",84.9
CSWM-01K94J-1,"2025-11-07 10:40:42",83.2
CSWM-01K94J-1,"2025-11-07 10:45:42",126.8
CSWM-01K94J-1,"2025-11-07 10:50:42",121.6
CSWM-01K94J-1,"2025-11-07 10:55:42",86.5
CSWM-01K94J-1,"2025-11-07 11:00:42",115.5
CSWM-01K94J-1,"2025-11-07 11:05:42",120.3
CSWM-01K94J-1,"2025-11-07 11:10:42",115.8
CSWM-01K94J-1,"2025-11-07 11:15:42",129.8
CSWM-01K94J-1,"2025-11-07 11:20:42",86.8
CSWM-01K94J-1,"2025-11-07 11:25:42",92.9
CSWM-01K94J-1,"2025-11-07 11:30:42",108.4
CSWM-01K94J-1,"2025-11-07 11:35:42",79.6
CSWM-01K94J-1,"2025-11-07 11:40:42",81.5
CSWM-01K94J-1,"2025-11-07 11:45:42",123.5
CSWM-01K94J-1,"2025-11-07 11:50:42",105.7
CSWM-01K94J-1,"2025-11-07 11:55:42",109.3
CSWM-01K94J-1,"2025-11-07 12:00:42",129.5
CSWM-01K94J-1,"2025-11-07 12:05:42",135.1
CSWM-01K94J-1,"2025-11-07 12:10:42",131.9
CSWM-01K94J-1,"2025-11-07 12:15:42",142.3
CSWM-01K94J-1,"2025-11-07 12:20:42",104.8
CSWM-01K94J-1,"2025-11-07 12:25:42",119.9
CSWM-01K94J-1,"2025-11-07 12:30:42",74.6
CSWM-01K94J-1,"2025-11-07 12:35:42",58.5
CSWM-01K94J-1,"2025-11-07 12:40:42",119.8
CSWM-01K94J-1,"2025-11-07 12:45:42",80.2
CSWM-01K94J-1,"2025-11-07 12:50:42",132.3
CSWM-01K94J-1,"2025-11-07 12:55:42",106.5
CSWM-01K94J-1,"2025-11-07 13:00:42",108.1
CSWM-01K94J-1,"2025-11-07 13:05:42",144.9
CSWM-01K94J-1,"2025-11-07 13:10:42",111.1
CSWM-01K94J-1,"2025-11-07 13:15:42",98.5
CSWM-01K94J-1,"2025-11-07 13:20:42",102.2
CSWM-01K94J-1,"2025-11-07 13:25:42",113.4
CSWM-01K94J-1,"2025-11-07 13:30:42",108.5
CSWM-01K94J-1,"2025-11-07 13:35:42",90.1
CSWM-01K94J-1,"2025-11-07 13:40:42",121.8
CSWM-01K94J-1,"2025-11-07 13:45:42",89.0
CSWM-01K94J-1,"2025-11-07 13:50:42",143.3
CSWM-01K94J-1,"2025-11-07 13:55:42",92.5
CSWM-01K94J-1,"2025-11-07 14:00:42",127.2
CSWM-01K94J-1,"2025-11-07 14:05:42",99.9
CSWM-01K94J-1,"2025-11-07 14:10:42",74.1
CSWM-01K94J-1,"2025-11-07 14:15:42",143.6
CSWM-01K94J-1,"2025-11-07 14:20:42",103.2
CSWM-01K94J-1,"2025-11-07 14:25:42",153.7
CSWM-01K94J-1,"2025-11-07 14:30:42",116.3
CSWM-01K94J-1,"2025-11-07 14:35:42",114.4
CSWM-01K94J-1,"2025-11-07 14:40:42",150.6
CSWM-01K94J-1,"2025-11-07 14:45:42",113.6
CSWM-01K94J-1,"2025-11-07 14:50:42",62.8
CSWM-01K94J-1,"2025-11-07 14:55:42",146.8
CSWM-01K94J-1,"2025-11-07 15:00:42",120.2
CSWM-01K94J-1,"2025-11-07 15:05:42",115.2
CSWM-01K94J-1,"2025-11-07 15:10:42",125.4
CSWM-01K94J-1,"2025-11-07 15:15:42",77.8
CSWM-01K94J-1,"2025-11-07 15:20:42",127.8
CSWM-01K94J-1,"2025-11-07 15:25:42",89.5
CSWM-01K94J-1,"2025-11-07 15:30:42",162.0
CSWM-01K94J-1,"2025-11-07 15:35:42",97.7
CSWM-01K94J-1,"2025-11-07 15:40:42",119.7
CSWM-01K94J-1,"2025-11-07 15:45:42",135.7
CSWM-01K94J-1,"2025-11-07 15:50:42",77.9
CSWM-01K94J-1,"2025-11-07 15:55:42",147.9
CSWM-01K94J-1,"2025-11-07 16:00:42",100.1
CSWM-01K94J-1,"2025-11-07 16:05:42",86.4
CSWM-01K94J-1,"2025-11-07 16:10:42",118.5
CSWM-01K94J-1,"2025-11-07 16:15:42",101.2
CSWM-01K94J-1,"2025-11-07 16:20:42",78.6
CSWM-01K94J-1,"2025-11-07 16:25:42",90.4
CSWM-01K94J-1,"2025-11-07 16:30:42",91.2
CSWM-01K94J-1,"2025-11-07 16:35:42",73.7
CSWM-01K94J-1,"2025-11-07 16:40:42",73.3
CSWM-01K94J-1,"2025-11-07 16:45:42",102.0
CSWM-01K94J-1,"2025-11-07 16:50:42",123.5
CSWM-01K94J-1,"2025-11-07 16:55:42",129.9
CSWM-01K94J-1,"2025-11-07 17:00:42",147.6
CSWM-01K94J-1,"2025-11-07 17:05:42",126.0
CSWM-01K94J-1,"2025-11-07 17:10:42",95.9
CSWM-01K94J-1,"2025-11-07 17:15:42",71.1
CSWM-01K94J-1,"2025-11-07 17:20:42",102.9
CSWM-01K94J-1,"2025-11-07 17:25:42",127.5
CSWM-01K94J-1,"2025-11-07 17:30:42",82.6
CSWM-01K94J-1,"2025-11-07 17:35:42",96.6
CSWM-01K94J-1,"2025-11-07 17:40:42",90.9
CSWM-01K94J-1,"2025-11-07 17:45:42",71.4
CSWM-01K94J-1,"2025-11-07 17:50:42",88.7
CSWM-01K94J-1,"2025-11-07 17:55:42",88.0
CSWM-01K94J-1,"2025-11-07 18:00:42",93.1
CSWM-01K94J-1,"2025-11-07 18:05:42",102.7
CSWM-01K94J-1,"2025-11-07 18:10:42",136.0
CSWM-01K94J-1,"2025-11-07 18:15:42",65.0
CSWM-01K94J-1,"2025-11-07 18:20:42",92.4
CSWM-01K94J-1,"2025-11-07 18:25:42",130.1
CSWM-01K94J-1,"2025-11-07 18:30:42",138.5
CSWM-01K94J-1,"2025-11-07 18:35:42",115.2
CSWM-01K94J-1,"2025-11-07 18:40:42",82.8
CSWM-01K94J-1,"2025-11-07 18:45:42",92.1
CSWM-01K94J-1,"2025-11-07 18:50:42",104.2
CSWM-01K94J-1,"2025-11-07 18:55:42",53.2
CSWM-01K94J-1,"2025-11-07 19:00:42",150.1
CSWM-01K94J-1,"2025-11-07 19:05:42",88.2
CSWM-01K94J-1,"2025-11-07 19:10:42",143.1
CSWM-01K94J-1,"2025-11-07 19:15:42",88.5
CSWM-01K94J-1,"2025-11-07 19:20:42",138.3
CSWM-01K94J-1,"2025-11-07 19:25:42",143.6
CSWM-01K94J-1,"2025-11-07 19:30:42",92.4
CSWM-01K94J-1,"2025-11-07 19:35:42",95.1
CSWM-01K94J-1,"2025-11-07 19:40:42",151.6
CSWM-01K94J-1,"2025-11-07 19:45:42",93.1
CSWM-01K94J-1,"2025-11-07 19:50:42",84.5
CSWM-01K94J-1,"2025-11-07 19:55:42",128.9
CSWM-01K94J-1,"2025-11-07 20:00:42",113.3
CSWM-01K94J-1,"2025-11-07 20:05:42",136.3
CSWM-01K94J-1,"2025-11-07 20:10:42",98.6
CSWM-01K94J-1,"2025-11-07 20:15:42",134.5
CSWM-01K94J-1,"2025-11-07 20:20:42",107.3
CSWM-01K94J-1,"2025-11-07 20:25:42",137.8
CSWM-01K94J-1,"2025-11-07 20:30:42",93.6
CSWM-01K94J-1,"2025-11-07 20:35:42",111.3
CSWM-01K94J-1,"2025-11-07 20:40:42",143.1
CSWM-01K94J-1,"2025-11-07 20:45:42",139.4
CSWM-01K94J-1,"2025-11-07 20:50:42",152.0
CSWM-01K94J-1,"2025-11-07 20:55:42",127.8
CSWM-01K94J-1,"2025-11-07 21:00:42",105.4
CSWM-01K94J-1,"2025-11-07 21:05:42",108.1
CSWM-01K94J-1,"2025-11-07 21:10:42",135.1
CSWM-01K94J-1,"2025-11-07 21:15:42",115.6
CSWM-01K94J-1,"2025-11-07 21:20:42",85.2
CSWM-01K94J-1,"2025-11-07 21:25:42",146.2
CSWM-01K94J-1,"2025-11-07 21:30:42",154.8
CSWM-01K94J-1,"2025-11-07 21:35:42",141.6
CSWM-01K94J-1,"2025-11-07 21:40:42",99.6
CSWM-01K94J-1,"2025-11-07 21:45:42",74.5
CSWM-01K94J-1,"2025-11-07 21:50:42",102.4
CSWM-01K94J-1,"2025-11-07 21:55:42",124.4
CSWM-01K94J-1,"2025-11-07 22:00:42",89.1
CSWM-01K94J-1,"2025-11-07 22:05:42",53.6
CSWM-01K94J-1,"2025-11-07 22:10:42",120.9
CSWM-01K94J-1,"2025-11-07 22:15:42",126.1
CSWM-01K94J-1,"2025-11-07 22:20:42",122.0
CSWM-01K94J-1,"2025-11-07 22:25:42",103.0
CSWM-01K94J-1,"2025-11-07 22:30:42",141.4
CSWM-01K94J-1,"2025-11-07 22:35:42",103.5
CSWM-01K94J-1,"2025-11-07 22:40:42",140.8
CSWM-01K94J-1,"2025-11-07 22:45:42",146.9
CSWM-01K94J-1,"2025-11-07 22:50:42",155.6
CSWM-01K94J-1,"2025-11-07 22:55:42",103.6
CSWM-01K94J-1,"2025-11-07 23:00:42",100.4
CSWM-01K94J-1,"2025-11-07 23:05:42",86.6
CSWM-01K94J-1,"2025-11-07 23:10:42",88.3
CSWM-01K94J-1,"2025-11-07 23:15:42",62.3
CSWM-01K94J-1,"2025-11-07 23:20:42",130.8
CSWM-01K94J-1,"2025-11-07 23:25:42",158.9
CSWM-01K94J-1,"2025-11-07 23:30:42",93.7
CSWM-01K94J-1,"2025-11-07 23:35:42",120.5
CSWM-01K94J-1,"2025-11-07 23:40:42",113.2
CSWM-01K94J-1,"2025-11-07 23:45:42",143.0
CSWM-01K94J-1,"2025-11-07 23:50:42",126.4
CSWM-01K94J-1,"2025-11-07 23:55:42",54.9
CSWM-01K94J-1,"2025-11-08 00:00:42",130.2
CSWM-01K94J-1,"2025-11-08 00:05:42",123.5
CSWM-01K94J-1,"2025-11-08 00:10:42",119.1
CSWM-01K94J-1,"2025-11-08 00:15:42",127.9
CSWM-01K94J-1,"2025-11-08 00:20:42",64.8
CSWM-01K94J-1,"2025-11-08 00:25:42",147.3
CSWM-01K94J-1,"2025-11-08 00:30:42",116.3
CSWM-01K94J-1,"2025-11-08 00:35:42",110.7
CSWM-01K94J-1,"2025-11-08 00:40:42",103.5
CSWM-01K94J-1,"2025-11-08 00:45:42",92.4
CSWM-01K94J-1,"2025-11-08 00:50:42",104.0
CSWM-01K94J-1,"2025-11-08 00:55:42",149.6
CSWM-01K94J-1,"2025-11-08 01:00:42",102.0
CSWM-01K94J-1,"2025-11-08 01:05:42",101.9
CSWM-01K94J-1,"2025-11-08 01:10:42",134.1
CSWM-01K94J-1,"2025-11-08 01:15:42",125.0
CSWM-01K94J-1,"2025-11-08 01:20:42",103.3
CSWM-01K94J-1,"2025-11-08 01:25:42",99.6
CSWM-01K94J-1,"2025-11-08 01:30:42",118.8
CSWM-01K94J-1,"2025-11-08 01:35:42",114.4
CSWM-01K94J-1,"2025-11-08 01:40:42",126.2
CSWM-01K94J-1,"2025-11-08 01:45:42",107.0
CSWM-01K94J-1,"2025-11-08 01:50:42",105.0
CSWM-01K94J-1,"2025-11-08 01:55:42",117.5
CSWM-01K94J-1,"2025-11-08 02:00:42",127.6
CSWM-01K94J-1,"2025-11-08 02:05:42",132.6
CSWM-01K94J-1,"2025-11-08 02:10:42",98.3
CSWM-01K94J-1,"2025-11-08 02:15:42",89.6
CSWM-01K94J-1,"2025-11-08 02:20:42",83.8
CSWM-01K94J-1,"2025-11-08 02:25:42",68.4
CSWM-01K94J-1,"2025-11-08 02:30:42",118.7
CSWM-01K94J-1,"2025-11-08 02:35:42",77.2
CSWM-01K94J-1,"2025-11-08 02:40:42",55.2
CSWM-01K94J-1,"2025-11-08 02:45:42",89.6
CSWM-01K94J-1,"2025-11-08 02:50:42",106.5
CSWM-01K94J-1,"2025-11-08 02:55:42",111.7
CSWM-01K94J-1,"2025-11-08 03:00:42",136.1
CSWM-01K94J-1,"2025-11-08 03:05:42",127.9
CSWM-01K94J-1,"2025-11-08 03:10:42",122.4
CSWM-01K94J-1,"2025-11-08 03:15:42",109.7
CSWM-01K94J-1,"2025-11-08 03:20:42",107.7
CSWM-01K94J-1,"2025-11-08 03:25:42",148.5
CSWM-01K94J-1,"2025-11-08 03:30:42",79.1
CSWM-01K94J-1,"2025-11-08 03:35:42",84.9
CSWM-01K94J-1,"2025-11-08 03:40:42",139.9
CSWM-01K94J-1,"2025-11-08 03:45:42",103.8
CSWM-01K94J-1,"2025-11-08 03:50:42",143.1
CSWM-01K94J-1,"2025-11-08 03:55:42",81.1
CSWM-01K94J-1,"2025-11-08 04:00:42",93.3
CSWM-01K94J-1,"2025-11-08 04:05:42",111.8
CSWM-01K94J-1,"2025-11-08 04:10:42",162.5
CSWM-01K94J-1,"2025-11-08 04:15:42",67.0
CSWM-01K94J-1,"2025-11-08 04:20:42",81.3
CSWM-01K94J-1,"2025-11-08 04:25:42",115.9
CSWM-01K94J-1,"2025-11-08 04:30:42",136.3
CSWM-01K94J-1,"2025-11-08 04:35:42",78.1
CSWM-01K94J-1,"2025-11-08 04:40:42",112.6
CSWM-01K94J-1,"2025-11-08 04:45:42",114.6
CSWM-01K94J-1,"2025-11-08 04:50:42",107.7
CSWM-01K94J-1,"2025-11-08 04:55:42",120.4
CSWM-01K94J-1,"2025-11-08 05:00:42",143.2
CSWM-01K94J-1,"2025-11-08 05:05:42",95.2
CSWM-01K94J-1,"2025-11-08 05:10:42",147.2
CSWM-01K94J-1,"2025-11-08 05:15:42",130.9
CSWM-01K94J-1,"2025-11-08 05:20:42",121.3
CSWM-01K94J-1,"2025-11-08 05:25:42",82.9
CSWM-01K94J-1,"2025-11-08 05:30:42",128.7
CSWM-01K94J-1,"2025-11-08 05:35:42",128.0
CSWM-01K94J-1,"2025-11-08 05:40:42",98.5
CSWM-01K94J-1,"2025-11-08 05:45:42",138.4
CSWM-01K94J-1,"2025-11-08 05:50:42",97.0
CSWM-01K94J-1,"2025-11-08 05:55:42",123.5
CSWM-01K94J-1,"2025-11-08 06:00:42",131.7
CSWM-01K94J-1,"2025-11-08 06:05:42",141.5
CSWM-01K94J-1,"2025-11-08 06:10:42",129.6
CSWM-01K94J-1,"2025-11-08 06:15:42",109.0
CSWM-01K94J-1,"2025-11-08 06:20:42",108.8
CSWM-01K94J-1,"2025-11-08 06:25:42",86.7
CSWM-01K94J-1,"2025-11-08 06:30:42",121.2
CSWM-01K94J-1,"2025-11-08 06:35:42",73.8
CSWM-01K94J-1,"2025-11-08 06:40:42",95.2
CSWM-01K94J-1,"2025-11-08 06:45:42",91.0
CSWM-01K94J-1,"2025-11-08 06:50:42",143.1
CSWM-01K94J-1,"2025-11-08 06:55:42",122.7
CSWM-01K94J-1,"2025-11-08 07:00:42",57.7
CSWM-01K94J-1,"2025-11-08 07:05:42",125.2
CSWM-01K94J-1,"2025-11-08 07:10:42",103.3
CSWM-01K94J-1,"2025-11-08 07:15:42",125.4
CSWM-01K94J-1,"2025-11-08 07:20:42",86.9
CSWM-01K94J-1,"2025-11-08 07:25:42",102.9
CSWM-01K94J-1,"2025-11-08 07:30:42",131.3
CSWM-01K94J-1,"2025-11-08 07:35:42",166.6
CSWM-01K94J-1,"2025-11-08 07:40:42",132.4
CSWM-01K94J-1,"2025-11-08 07:45:42",113.3
CSWM-01K94J-1,"2025-11-08 07:50:42",108.4
CSWM-01K94J-1,"2025-11-08 07:55:42",149.8
CSWM-01K94J-1,"2025-11-08 08:00:42",71.4
CSWM-01K94J-1,"2025-11-08 08:05:42",65.4
CSWM-01K94J-1,"2025-11-08 08:10:42",120.0
CSWM-01K94J-1,"2025-11-08 08:15:42",71.9
CSWM-01K94J-1,"2025-11-08 08:20:42",75.7
CSWM-01K94J-1,"2025-11-08 08:25:42",160.4
CSWM-01K94J-1,"2025-11-08 08:30:42",121.6
CSWM-01K94J-1,"2025-11-08 08:35:42",107.0
CSWM-01K94J-1,"2025-11-08 08:40:42",93.6
CSWM-01K94J-1,"2025-11-08 08:45:42",102.7
CSWM-01K94J-1,"2025-11-08 08:50:42",155.9
CSWM-01K94J-1,"2025-11-08 08:55:42",66.4
CSWM-01K94J-1,"2025-11-08 09:00:42",141.2
CSWM-01K94J-1,"2025-11-08 09:05:42",95.2
CSWM-01K94J-1,"2025-11-08 09:10:42",141.0
CSWM-01K94J-1,"2025-11-08 09:15:42",71.3
CSWM-01K94J-1,"2025-11-08 09:20:42",80.1
CSWM-01K94J-1,"2025-11-08 09:25:42",118.8
CSWM-01K94J-1,"2025-11-08 09:30:42",110.6
CSWM-01K94J-1,"2025-11-08 09:35:42",108.3
CSWM-01K94J-1,"2025-11-08 09:40:42",127.9
CSWM-01K94J-1,"2025-11-08 09:45:42",122.0
CSWM-01K94J-1,"2025-11-08 09:50:42",94.3
CSWM-01K94J-1,"2025-11-08 09:55:42",106.5
CSWM-01K94J-1,"2025-11-08 10:00:42",105.6
CSWM-01K94J-1,"2025-11-08 10:05:42",94.1
CSWM-01K94J-1,"2025-11-08 10:10:42",84.9
CSWM-01K94J-1,"2025-11-08 10:15:42",105.9
CSWM-01K94J-1,"2025-11-08 10:20:42",137.4
CSWM-01K94J-1,"2025-11-08 10:25:42",124.2
CSWM-01K94J-1,"2025-11-08 10:30:42",96.3
CSWM-01K94J-1,"2025-11-08 10:35:42",85.3
CSWM-01K94J-1,"2025-11-08 10:40:42",111.6
CSWM-01K94J-1,"2025-11-08 10:45:42",72.7
CSWM-01K94J-1,"2025-11-08 10:50:42",140.1
CSWM-01K94J-1,"2025-11-08 10:55:42",143.0
CSWM-01K94J-1,"2025-11-08 11:00:42",127.8
CSWM-01K94J-1,"2025-11-08 11:05:42",134.6
CSWM-01K94J-1,"2025-11-08 11:10:42",98.1
CSWM-01K94J-1,"2025-11-08 11:15:42",130.3
CSWM-01K94J-1,"2025-11-08 11:20:42",76.2
CSWM-01K94J-1,"2025-11-08 11:25:42",88.8
CSWM-01K94J-1,"2025-11-08 11:30:42",72.1
CSWM-01K94J-1,"2025-11-08 11:35:42",84.5
CSWM-01K94J-1,"2025-11-08 11:40:42",122.1
CSWM-01K94J-1,"2025-11-08 11:45:42",128.6
CSWM-01K94J-1,"2025-11-08 11:50:42",85.0
CSWM-01K94J-1,"2025-11-08 11:55:42",127.3
CSWM-01K94J-1,"2025-11-08 12:00:42",152.0
CSWM-01K94J-1,"2025-11-08 12:05:42",91.8
CSWM-01K94J-1,"2025-11-08 12:10:42",127.4
CSWM-01K94J-1,"2025-11-08 12:15:42",94.8
CSWM-01K94J-1,"2025-11-08 12:20:42",95.5
CSWM-01K94J-1,"2025-11-08 12:25:42",68.5
CSWM-01K94J-1,"2025-11-08 12:30:42",97.1
CSWM-01K94J-1,"2025-11-08 12:35:42",105.8
CSWM-01K94J-1,"2025-11-08 12:40:42",119.1
CSWM-01K94J-1,"2025-11-08 12:45:42",132.5
CSWM-01K94J-1,"2025-11-08 12:50:42",125.0
CSWM-01K94J-1,"2025-11-08 12:55:42",82.9
CSWM-01K94J-1,"2025-11-08 13:00:42",130.7
CSWM-01K94J-1,"2025-11-08 13:05:42",128.4
CSWM-01K94J-1,"2025-11-08 13:10:42",83.7
CSWM-01K94J-1,"2025-11-08 13:15:42",95.4
CSWM-01K94J-1,"2025-11-08 13:20:42",109.0
CSWM-01K94J-1,"2025-11-08 13:25:42",149.2
CSWM-01K94J-1,"2025-11-08 13:30:42",109.7
CSWM-01K94J-1,"2025-11-08 13:35:42",100.6
CSWM-01K94J-1,"2025-11-08 13:40:42",113.3
CSWM-01K94J-1,"2025-11-08 13:45:42",136.1
CSWM-01K94J-1,"2025-11-08 13:50:42",88.3
CSWM-01K94J-1,"2025-11-08 13:55:42",110.5
CSWM-01K94J-1,"2025-11-08 14:00:42",72.5
CSWM-01K94J-1,"2025-11-08 14:05:42",135.9
CSWM-01K94J-1,"2025-11-08 14:10:42",143.7
CSWM-01K94J-1,"2025-11-08 14:15:42",104.8
CSWM-01K94J-1,"2025-11-08 14:20:42",124.4
CSWM-01K94J-1,"2025-11-08 14:25:42",110.7
CSWM-01K94J-1,"2025-11-08 14:30:42",77.5
CSWM-01K94J-1,"2025-11-08 14:35:42",118.2
CSWM-01K94J-1,"2025-11-08 14:40:42",122.7
CSWM-01K94J-1,"2025-11-08 14:45:42",89.9
CSWM-01K94J-1,"2025-11-08 14:50:42",56.5
CSWM-01K94J-1,"2025-11-08 14:55:42",124.8
CSWM-01K94J-1,"2025-11-08 15:00:42",108.3
CSWM-01K94J-1,"2025-11-08 15:05:42",131.9
CSWM-01K94J-1,"2025-11-08 15:10:42",126.0
CSWM-01K94J-1,"2025-11-08 15:15:42",89.5
CSWM-01K94J-1,"2025-11-08 15:20:42",62.3
CSWM-01K94J-1,"2025-11-08 15:25:42",106.3
CSWM-01K94J-1,"2025-11-08 15:30:42",140.3
CSWM-01K94J-1,"2025-11-08 15:35:42",114.9
CSWM-01K94J-1,"2025-11-08 15:40:42",134.4
CSWM-01K94J-1,"2025-11-08 15:45:42",88.5
CSWM-01K94J-1,"2025-11-08 15:50:42",60.1
CSWM-01K94J-1,"2025-11-08 15:55:42",89.8
CSWM-01K94J-1,"2025-11-08 16:00:42",135.7
CSWM-01K94J-1,"2025-11-08 16:05:42",131.2
CSWM-01K94J-1,"2025-11-08 16:10:42",102.1
CSWM-01K94J-1,"2025-11-08 16:15:42",141.1
CSWM-01K94J-1,"2025-11-08 16:20:42",86.1
CSWM-01K94J-1,"2025-11-08 16:25:42",95.7
CSWM-01K94J-1,"2025-11-08 16:30:42",139.3
CSWM-01K94J-1,"2025-11-08 16:35:42",143.4
CSWM-01K94J-1,"2025-11-08 16:40:42",111.7
CSWM-01K94J-1,"2025-11-08 16:45:42",130.6
CSWM-01K94J-1,"2025-11-08 16:50:42",68.3
CSWM-01K94J-1,"2025-11-08 16:55:42",84.7
CSWM-01K94J-1,"2025-11-08 17:00:42",77.9
CSWM-01K94J-1,"2025-11-08 17:05:42",57.7
CSWM-01K94J-1,"2025-11-08 17:10:42",104.5
CSWM-01K94J-1,"2025-11-08 17:15:42",69.4
CSWM-01K94J-1,"2025-11-08 17:20:42",99.1
CSWM-01K94J-1,"2025-11-08 17:25:42",108.9
CSWM-01K94J-1,"2025-11-08 17:30:42",123.3
CSWM-01K94J-1,"2025-11-08 17:35:42",101.8
CSWM-01K94J-1,"2025-11-08 17:40:42",79.4
CSWM-01K94J-1,"2025-11-08 17:45:42",55.9
CSWM-01K94J-1,"2025-11-08 17:50:42",66.6
CSWM-01K94J-1,"2025-11-08 17:55:42",129.0
CSWM-01K94J-1,"2025-11-08 18:00:42",105.2
CSWM-01K94J-1,"2025-11-08 18:05:42",123.2
CSWM-01K94J-1,"2025-11-08 18:10:42",130.1
CSWM-01K94J-1,"2025-11-08 18:15:42",118.2
CSWM-01K94J-1,"2025-11-08 18:20:42",133.2
CSWM-01K94J-1,"2025-11-08 18:25:42",110.4
CSWM-01K94J-1,"2025-11-08 18:30:42",87.7
CSWM-01K94J-1,"2025-11-08 18:35:42",78.3
CSWM-01K94J-1,"2025-11-08 18:40:42",99.9
CSWM-01K94J-1,"2025-11-08 18:45:42",140.5
CSWM-01K94J-1,"2025-11-08 18:50:42",120.6
CSWM-01K94J-1,"2025-11-08 18:55:42",86.8
CSWM-01K94J-1,"2025-11-08 19:00:42",85.3
CSWM-01K94J-1,"2025-11-08 19:05:42",71.8
CSWM-01K94J-1,"2025-11-08 19:10:42",126.1
CSWM-01K94J-1,"2025-11-08 19:15:42",74.6
CSWM-01K94J-1,"2025-11-08 19:20:42",124.0
CSWM-01K94J-1,"2025-11-08 19:25:42",100.8
CSWM-01K94J-1,"2025-11-08 19:30:42",131.3
CSWM-01K94J-1,"2025-11-08 19:35:42",115.1
CSWM-01K94J-1,"2025-11-08 19:40:42",83.8
CSWM-01K94J-1,"2025-11-08 19:45:42",129.2
CSWM-01K94J-1,"2025-11-08 19:50:42",147.8
CSWM-01K94J-1,"2025-11-08 19:55:42",128.1
CSWM-01K94J-1,"2025-11-08 20:00:42",103.9
CSWM-01K94J-1,"2025-11-08 20:05:42",98.9
CSWM-01K94J-1,"2025-11-08 20:10:42",151.7
CSWM-01K94J-1,"2025-11-08 20:15:42",83.9
CSWM-01K94J-1,"2025-11-08 20:20:42",126.4
CSWM-01K94J-1,"2025-11-08 20:25:42",86.9
CSWM-01K94J-1,"2025-11-08 20:30:42",110.6
CSWM-01K94J-1,"2025-11-08 20:35:42",80.0
CSWM-01K94J-1,"2025-11-08 20:40:42",125.6
CSWM-01K94J-1,"2025-11-08 20:45:42",122.4
CSWM-01K94J-1,"2025-11-08 20:50:42",127.8
CSWM-01K94J-1,"2025-11-08 20:55:42",78.2
CSWM-01K94J-1,"2025-11-08 21:00:42",87.4
CSWM-01K94J-1,"2025-11-08 21:05:42",125.0
CSWM-01K94J-1,"2025-11-08 21:10:42",76.8
CSWM-01K94J-1,"2025-11-08 21:15:42",140.4
CSWM-01K94J-1,"2025-11-08 21:20:42",112.3
CSWM-01K94J-1,"2025-11-08 21:25:42",150.7
CSWM-01K94J-1,"2025-11-08 21:30:42",91.6
CSWM-01K94J-1,"2025-11-08 21:35:42",102.5
CSWM-01K94J-1,"2025-11-08 21:40:42",124.9
CSWM-01K94J-1,"2025-11-08 21:45:42",161.1
CSWM-01K94J-1,"2025-11-08 21:50:42",91.8
CSWM-01K94J-1,"2025-11-08 21:55:42",94.6
CSWM-01K94J-1,"2025-11-08 22:00:42",129.7
CSWM-01K94J-1,"2025-11-08 22:05:42",116.0
CSWM-01K94J-1,"2025-11-08 22:10:42",113.6
CSWM-01K94J-1,"2025-11-08 22:15:42",104.4
CSWM-01K94J-1,"2025-11-08 22:20:42",70.5
CSWM-01K94J-1,"2025-11-08 22:25:42",151.6
CSWM-01K94J-1,"2025-11-08 22:30:42",109.0
CSWM-01K94J-1,"2025-11-08 22:35:42",104.4
CSWM-01K94J-1,"2025-11-08 22:40:42",136.8
CSWM-01K94J-1,"2025-11-08 22:45:42",117.7
CSWM-01K94J-1,"2025-11-08 22:50:42",73.5
CSWM-01K94J-1,"2025-11-08 22:55:42",111.0
CSWM-01K94J-1,"2025-11-08 23:00:42",82.5
CSWM-01K94J-1,"2025-11-08 23:05:42",121.2
CSWM-01K94J-1,"2025-11-08 23:10:42",74.1
CSWM-01K94J-1,"2025-11-08 23:15:42",91.3
CSWM-01K94J-1,"2025-11-08 23:20:42",107.1
CSWM-01K94J-1,"2025-11-08 23:25:42",82.7
CSWM-01K94J-1,"2025-11-08 23:30:42",90.9
CSWM-01K94J-1,"2025-11-08 23:35:42",90.3
CSWM-01K94J-1,"2025-11-08 23:40:42",125.8
CSWM-01K94J-1,"2025-11-08 23:45:42",112.5
CSWM-01K94J-1,"2025-11-08 23:50:42",103.4
CSWM-01K94J-1,"2025-11-08 23:55:42",83.8
CSWM-01K94J-1,"2025-11-09 00:00:42",79.2
CSWM-01K94J-1,"2025-11-09 00:05:42",153.5
CSWM-01K94J-1,"2025-11-09 00:10:42",160.1
CSWM-01K94J-1,"2025-11-09 00:15:42",133.3
CSWM-01K94J-1,"2025-11-09 00:20:42",86.4
CSWM-01K94J-1,"2025-11-09 00:25:42",131.7
CSWM-01K94J-1,"2025-11-09 00:30:42",108.1
CSWM-01K94J-1,"2025-11-09 00:35:42",70.9
CSWM-01K94J-1,"2025-11-09 00:40:42",73.1
CSWM-01K94J-1,"2025-11-09 00:45:42",59.0
CSWM-01K94J-1,"2025-11-09 00:50:42",126.0
CSWM-01K94J-1,"2025-11-09 00:55:42",140.2
CSWM-01K94J-1,"2025-11-09 01:00:42",160.9
CSWM-01K94J-1,"2025-11-09 01:05:42",79.6
CSWM-01K94J-1,"2025-11-09 01:10:42",110.6
CSWM-01K94J-1,"2025-11-09 01:15:42",117.9
CSWM-01K94J-1,"2025-11-09 01:20:42",85.5
CSWM-01K94J-1,"2025-11-09 01:25:42",113.1
CSWM-01K94J-1,"2025-11-09 01:30:42",83.4
CSWM-01K94J-1,"2025-11-09 01:35:42",147.7
CSWM-01K94J-1,"2025-11-09 01:40:42",115.2
CSWM-01K94J-1,"2025-11-09 01:45:42",143.9
CSWM-01K94J-1,"2025-11-09 01:50:42",97.7
CSWM-01K94J-1,"2025-11-09 01:55:42",61.3
CSWM-01K94J-1,"2025-11-09 02:00:42",81.3
CSWM-01K94J-1,"2025-11-09 02:05:42",144.8
CSWM-01K94J-1,"2025-11-09 02:10:42",124.3
CSWM-01K94J-1,"2025-11-09 02:15:42",87.9
CSWM-01K94J-1,"2025-11-09 02:20:42",124.1
CSWM-01K94J-1,"2025-11-09 02:25:42",99.1
CSWM-01K94J-1,"2025-11-09 02:30:42",66.7
CSWM-01K94J-1,"2025-11-09 02:35:42",160.7
CSWM-01K94J-1,"2025-11-09 02:40:42",70.3
CSWM-01K94J-1,"2025-11-09 02:45:42",72.8
CSWM-01K94J-1,"2025-11-09 02:50:42",111.3
CSWM-01K94J-1,"2025-11-09 02:55:42",85.1
CSWM-01K94J-1,"2025-11-09 03:00:42",133.6
CSWM-01K94J-1,"2025-11-09 03:05:42",137.8
CSWM-01K94J-1,"2025-11-09 03:10:42",111.6
CSWM-01K94J-1,"2025-11-09 03:15:42",86.8
CSWM-01K94J-1,"2025-11-09 03:20:42",134.0
CSWM-01K94J-1,"2025-11-09 03:25:42",110.0
CSWM-01K94J-1,"2025-11-09 03:30:42",59.6
CSWM-01K94J-1,"2025-11-09 03:35:42",150.1
CSWM-01K94J-1,"2025-11-09 03:40:42",159.4
CSWM-01K94J-1,"2025-11-09 03:45:42",124.4
CSWM-01K94J-1,"2025-11-09 03:50:42",62.3
CSWM-01K94J-1,"2025-11-09 03:55:42",128.9
CSWM-01K94J-1,"2025-11-09 04:00:42",80.3
CSWM-01K94J-1,"2025-11-09 04:05:42",80.1
CSWM-01K94J-1,"2025-11-09 04:10:42",56.6
CSWM-01K94J-1,"2025-11-09 04:15:42",73.9
CSWM-01K94J-1,"2025-11-09 04:20:42",102.3
CSWM-01K94J-1,"2025-11-09 04:25:42",96.5
CSWM-01K94J-1,"2025-11-09 04:30:42",87.1
CSWM-01K94J-1,"2025-11-09 04:35:42",122.9
CSWM-01K94J-1,"2025-11-09 04:40:42",124.8
CSWM-01K94J-1,"2025-11-09 04:45:42",106.2
CSWM-01K94J-1,"2025-11-09 04:50:42",144.7
CSWM-01K94J-1,"2025-11-09 04:55:42",116.5
CSWM-01K94J-1,"2025-11-09 05:00:42",130.7
CSWM-01K94J-1,"2025-11-09 05:05:42",101.3
CSWM-01K94J-1,"2025-11-09 05:10:42",78.8
CSWM-01K94J-1,"2025-11-09 05:15:42",151.6
CSWM-01K94J-1,"2025-11-09 05:20:42",158.2
CSWM-01K94J-1,"2025-11-09 05:25:42",112.1
CSWM-01K94J-1,"2025-11-09 05:30:42",138.3
CSWM-01K94J-1,"2025-11-09 05:35:42",146.7
CSWM-01K94J-1,"2025-11-09 05:40:42",96.8
CSWM-01K94J-1,"2025-11-09 05:45:42",121.0
CSWM-01K94J-1,"2025-11-09 05:50:42",117.0
CSWM-01K94J-1,"2025-11-09 05:55:42",85.5
CSWM-01K94J-1,"2025-11-09 06:00:42",92.0
CSWM-01K94J-1,"2025-11-09 06:05:42",141.6
CSWM-01K94J-1,"2025-11-09 06:10:42",149.4
CSWM-01K94J-1,"2025-11-09 06:15:42",155.3
CSWM-01K94J-1,"2025-11-09 06:20:42",153.6
CSWM-01K94J-1,"2025-11-09 06:25:42",60.5
CSWM-01K94J-1,"2025-11-09 06:30:42",90.7
CSWM-01K94J-1,"2025-11-09 06:35:42",98.0
CSWM-01K94J-1,"2025-11-09 06:40:42",125.9
CSWM-01K94J-1,"2025-11-09 06:45:42",105.0
CSWM-01K94J-1,"2025-11-09 06:50:42",105.5
CSWM-01K94J-1,"2025-11-09 06:55:42",107.3
CSWM-01K94J-1,"2025-11-09 07:00:42",88.5
CSWM-01K94J-1,"2025-11-09 07:05:42",88.4
CSWM-01K94J-1,"2025-11-09 07:10:42",138.3
CSWM-01K94J-1,"2025-11-09 07:15:42",95.8
CSWM-01K94J-1,"2025-11-09 07:20:42",118.1
CSWM-01K94J-1,"2025-11-09 07:25:42",153.4
CSWM-01K94J-1,"2025-11-09 07:30:42",138.4
CSWM-01K94J-1,"2025-11-09 07:35:42",129.6
CSWM-01K94J-1,"2025-11-09 07:40:42",61.6
CSWM-01K94J-1,"2025-11-09 07:45:42",117.6
CSWM-01K94J-1,"2025-11-09 07:50:42",141.9
CSWM-01K94J-1,"2025-11-09 07:55:42",91.1
CSWM-01K94J-1,"2025-11-09 08:00:42",144.0
CSWM-01K94J-1,"2025-11-09 08:05:42",101.3
CSWM-01K94J-1,"2025-11-09 08:10:42",127.4
CSWM-01K94J-1,"2025-11-09 08:15:42",145.7
CSWM-01K94J-1,"2025-11-09 08:20:42",103.6
CSWM-01K94J-1,"2025-11-09 08:25:42",96.4
CSWM-01K94J-1,"2025-11-09 08:30:42",120.0
CSWM-01K94J-1,"2025-11-09 08:35:42",105.3
CSWM-01K94J-1,"2025-11-09 08:40:42",145.0
CSWM-01K94J-1,"2025-11-09 08:45:42",90.6
CSWM-01K94J-1,"2025-11-09 08:50:42",78.5
CSWM-01K94J-1,"2025-11-09 08:55:42",92.0
CSWM-01K94J-1,"2025-11-09 09:00:42",112.5
CSWM-01K94J-1,"2025-11-09 09:05:42",104.3
CSWM-01K94J-1,"2025-11-09 09:10:42",83.7
CSWM-01K94J-1,"2025-11-09 09:15:42",97.6
CSWM-01K94J-1,"2025-11-09 09:20:42",86.4
CSWM-01K94J-1,"2025-11-09 09:25:42",141.5
CSWM-01K94J-1,"2025-11-09 09:30:42",100.2
CSWM-01K94J-1,"2025-11-09 09:35:42",123.7
CSWM-01K94J-1,"2025-11-09 09:40:42",83.9
CSWM-01K94J-1,"2025-11-09 09:45:42",70.4
CSWM-01K94J-1,"2025-11-09 09:50:42",139.2
CSWM-01K94J-1,"2025-11-09 09:55:42",139.4
CSWM-01K94J-1,"2025-11-09 10:00:42",102.2
CSWM-01K94J-1,"2025-11-09 10:05:42",138.7
CSWM-01K94J-1,"2025-11-09 10:10:42",125.8
CSWM-01K94J-1,"2025-11-09 10:15:42",151.6
CSWM-01K94J-1,"2025-11-09 10:20:42",132.0
CSWM-01K94J-1,"2025-11-09 10:25:42",100.8
CSWM-01K94J-1,"2025-11-09 10:30:42",127.9
CSWM-01K94J-1,"2025-11-09 10:35:42",73.9
CSWM-01K94J-1,"2025-11-09 10:40:42",139.7
CSWM-01K94J-1,"2025-11-09 10:45:42",82.8
CSWM-01K94J-1,"2025-11-09 10:50:42",68.9
CSWM-01K94J-1,"2025-11-09 10:55:42",123.8
CSWM-01K94J-1,"2025-11-09 11:00:42",149.5
CSWM-01K94J-1,"2025-11-09 11:05:42",80.3
CSWM-01K94J-1,"2025-11-09 11:10:42",92.5
CSWM-01K94J-1,"2025-11-09 11:15:42",105.0
CSWM-01K94J-1,"2025-11-09 11:20:42",122.0
CSWM-01K94J-1,"2025-11-09 11:25:42",153.1
CSWM-01K94J-1,"2025-11-09 11:30:42",166.8
CSWM-01K94J-1,"2025-11-09 11:35:42",73.9
CSWM-01K94J-1,"2025-11-09 11:40:42",117.5
CSWM-01K94J-1,"2025-11-09 11:45:42",97.2
CSWM-01K94J-1,"2025-11-09 11:50:42",118.1
CSWM-01K94J-1,"2025-11-09 11:55:42",143.1
CSWM-01K94J-1,"2025-11-09 12:00:42",154.9
CSWM-01K94J-1,"2025-11-09 12:05:42",94.4
CSWM-01K94J-1,"2025-11-09 12:10:42",164.4
CSWM-01K94J-1,"2025-11-09 12:15:42",95.5
CSWM-01K94J-1,"2025-11-09 12:20:42",123.0
CSWM-01K94J-1,"2025-11-09 12:25:42",127.7
CSWM-01K94J-1,"2025-11-09 12:30:42",66.8
CSWM-01K94J-1,"2025-11-09 12:35:42",116.1
CSWM-01K94J-1,"2025-11-09 12:40:42",131.2
CSWM-01K94J-1,"2025-11-09 12:45:42",100.1
CSWM-01K94J-1,"2025-11-09 12:50:42",123.5
CSWM-01K94J-1,"2025-11-09 12:55:42",59.5
CSWM-01K94J-1,"2025-11-09 13:00:42",76.4
CSWM-01K94J-1,"2025-11-09 13:05:42",135.8
CSWM-01K94J-1,"2025-11-09 13:10:42",110.4
CSWM-01K94J-1,"2025-11-09 13:15:42",140.8
CSWM-01K94J-1,"2025-11-09 13:20:42",88.3
CSWM-01K94J-1,"2025-11-09 13:25:42",85.6
CSWM-01K94J-1,"2025-11-09 13:30:42",118.9
CSWM-01K94J-1,"2025-11-09 13:35:42",95.5
CSWM-01K94J-1,"2025-11-09 13:40:42",85.6
CSWM-01K94J-1,"2025-11-09 13:45:42",72.9
CSWM-01K94J-1,"2025-11-09 13:50:42",130.9
CSWM-01K94J-1,"2025-11-09 13:55:42",130.7
CSWM-01K94J-1,"2025-11-09 14:00:42",111.1
CSWM-01K94J-1,"2025-11-09 14:05:42",138.2
CSWM-01K94J-1,"2025-11-09 14:10:42",129.4
CSWM-01K94J-1,"2025-11-09 14:15:42",138.6
CSWM-01K94J-1,"2025-11-09 14:20:42",97.7
CSWM-01K94J-1,"2025-11-09 14:25:42",101.4
CSWM-01K94J-1,"2025-11-09 14:30:42",133.2
CSWM-01K94J-1,"2025-11-09 14:35:42",62.9
CSWM-01K94J-1,"2025-11-09 14:40:42",138.2
CSWM-01K94J-1,"2025-11-09 14:45:42",105.1
CSWM-01K94J-1,"2025-11-09 14:50:42",99.7
CSWM-01K94J-1,"2025-11-09 14:55:42",162.0
CSWM-01K94J-1,"2025-11-09 15:00:42",134.2
CSWM-01K94J-1,"2025-11-09 15:05:42",104.9
CSWM-01K94J-1,"2025-11-09 15:10:42",145.9
CSWM-01K94J-1,"2025-11-09 15:15:42",117.0
CSWM-01K94J-1,"2025-11-09 15:20:42",145.6
CSWM-01K94J-1,"2025-11-09 15:25:42",140.9
CSWM-01K94J-1,"2025-11-09 15:30:42",98.0
CSWM-01K94J-1,"2025-11-09 15:35:42",112.3
CSWM-01K94J-1,"2025-11-09 15:40:42",119.3
CSWM-01K94J-1,"2025-11-09 15:45:42",116.4
CSWM-01K94J-1,"2025-11-09 15:50:42",110.2
CSWM-01K94J-1,"2025-11-09 15:55:42",125.5
CSWM-01K94J-1,"2025-11-09 16:00:42",92.5
CSWM-01K94J-1,"2025-11-09 16:05:42",101.3
CSWM-01K94J-1,"2025-11-09 16:10:42",140.4
CSWM-01K94J-1,"2025-11-09 16:15:42",90.4
CSWM-01K94J-1,"2025-11-09 16:20:42",124.7
CSWM-01K94J-1,"2025-11-09 16:25:42",143.6
CSWM-01K94J-1,"2025-11-09 16:30:42",82.8
CSWM-01K94J-1,"2025-11-09 16:35:42",93.7
CSWM-01K94J-1,"2025-11-09 16:40:42",93.6
CSWM-01K94J-1,"2025-11-09 16:45:42",142.8
CSWM-01K94J-1,"2025-11-09 16:50:42",84.2
CSWM-01K94J-1,"2025-11-09 16:55:42",126.0
CSWM-01K94J-1,"2025-11-09 17:00:42",142.5
CSWM-01K94J-1,"2025-11-09 17:05:42",137.3
CSWM-01K94J-1,"2025-11-09 17:10:42",93.1
CSWM-01K94J-1,"2025-11-09 17:15:42",111.8
CSWM-01K94J-1,"2025-11-09 17:20:42",83.4
CSWM-01K94J-1,"2025-11-09 17:25:42",87.4
CSWM-01K94J-1,"2025-11-09 17:30:42",130.4
CSWM-01K94J-1,"2025-11-09 17:35:42",120.1
CSWM-01K94J-1,"2025-11-09 17:40:42",134.0
CSWM-01K94J-1,"2025-11-09 17:45:42",91.4
CSWM-01K94J-1,"2025-11-09 17:50:42",113.7
CSWM-01K94J-1,"2025-11-09 17:55:42",60.9
CSWM-01K94J-1,"2025-11-09 18:00:42",107.5
CSWM-01K94J-1,"2025-11-09 18:05:42",78.8
CSWM-01K94J-1,"2025-11-09 18:10:42",92.2
CSWM-01K94J-1,"2025-11-09 18:15:42",147.7
CSWM-01K94J-1,"2025-11-09 18:20:42",96.8
CSWM-01K94J-1,"2025-11-09 18:25:42",116.3
CSWM-01K94J-1,"2025-11-09 18:30:42",107.4
CSWM-01K94J-1,"2025-11-09 18:35:42",107.8
CSWM-01K94J-1,"2025-11-09 18:40:42",152.1
CSWM-01K94J-1,"2025-11-09 18:45:42",110.8
CSWM-01K94J-1,"2025-11-09 18:50:42",92.8
CSWM-01K94J-1,"2025-11-09 18:55:42",155.2
CSWM-01K94J-1,"2025-11-09 19:00:42",114.6
CSWM-01K94J-1,"2025-11-09 19:05:42",112.5
CSWM-01K94J-1,"2025-11-09 19:10:42",83.2
CSWM-01K94J-1,"2025-11-09 19:15:42",100.9
CSWM-01K94J-1,"2025-11-09 19:20:42",89.6
CSWM-01K94J-1,"2025-11-09 19:25:42",86.2
CSWM-01K94J-1,"2025-11-09 19:30:42",60.0
CSWM-01K94J-1,"2025-11-09 19:35:42",129.5
CSWM-01K94J-1,"2025-11-09 19:40:42",98.4
CSWM-01K94J-1,"2025-11-09 19:45:42",69.4
CSWM-01K94J-1,"2025-11-09 19:50:42",127.6
CSWM-01K94J-1,"2025-11-09 19:55:42",71.4
CSWM-01K94J-1,"2025-11-09 20:00:42",110.3
CSWM-01K94J-1,"2025-11-09 20:05:42",139.6
CSWM-01K94J-1,"2025-11-09 20:10:42",136.5
CSWM-01K94J-1,"2025-11-09 20:15:42",90.5
CSWM-01K94J-1,"2025-11-09 20:20:42",108.7
CSWM-01K94J-1,"2025-11-09 20:25:42",103.3
CSWM-01K94J-1,"2025-11-09 20:30:42",122.8
CSWM-01K94J-1,"2025-11-09 20:35:42",164.6
CSWM-01K94J-1,"2025-11-09 20:40:42",66.0
CSWM-01K94J-1,"2025-11-09 20:45:42",121.4
CSWM-01K94J-1,"2025-11-09 20:50:42",153.8
CSWM-01K94J-1,"2025-11-09 20:55:42",102.1
CSWM-01K94J-1,"2025-11-09 21:00:42",124.7
CSWM-01K94J-1,"2025-11-09 21:05:42",133.7
CSWM-01K94J-1,"2025-11-09 21:10:42",133.6
CSWM-01K94J-1,"2025-11-09 21:15:42",106.7
CSWM-01K94J-1,"2025-11-09 21:20:42",93.6
CSWM-01K94J-1,"2025-11-09 21:25:42",153.0
CSWM-01K94J-1,"2025-11-09 21:30:42",111.4
CSWM-01K94J-1,"2025-11-09 21:35:42",137.2
CSWM-01K94J-1,"2025-11-09 21:40:42",122.3
CSWM-01K94J-1,"2025-11-09 21:45:42",111.7
CSWM-01K94J-1,"2025-11-09 21:50:42",120.6
CSWM-01K94J-1,"2025-11-09 21:55:42",103.2
CSWM-01K94J-1,"2025-11-09 22:00:42",138.9
CSWM-01K94J-1,"2025-11-09 22:05:42",105.0
CSWM-01K94J-1,"2025-11-09 22:10:42",101.3
CSWM-01K94J-1,"2025-11-09 22:15:42",73.6
CSWM-01K94J-1,"2025-11-09 22:20:42",94.0
CSWM-01K94J-1,"2025-11-09 22:25:42",137.2
CSWM-01K94J-1,"2025-11-09 22:30:42",94.1
CSWM-01K94J-1,"2025-11-09 22:35:42",156.4
CSWM-01K94J-1,"2025-11-09 22:40:42",119.2
CSWM-01K94J-1,"2025-11-09 22:45:42",72.2
CSWM-01K94J-1,"2025-11-09 22:50:42",127.7
CSWM-01K94J-1,"2025-11-09 22:55:42",111.9
CSWM-01K94J-1,"2025-11-09 23:00:42",114.9
CSWM-01K94J-1,"2025-11-09 23:05:42",64.9
CSWM-01K94J-1,"2025-11-09 23:10:42",96.1
CSWM-01K94J-1,"2025-11-09 23:15:42",85.0
CSWM-01K94J-1,"2025-11-09 23:20:42",78.0
CSWM-01K94J-1,"2025-11-09 23:25:42",97.6
CSWM-01K94J-1,"2025-11-09 23:30:42",103.7
CSWM-01K94J-1,"2025-11-09 23:35:42",116.2
CSWM-01K94J-1,"2025-11-09 23:40:42",100.1
CSWM-01K94J-1,"2025-11-09 23:45:42",151.4
CSWM-01K94J-1,"2025-11-09 23:50:42",92.8
CSWM-01K94J-1,"2025-11-09 23:55:42",154.9
CSWM-01K94J-1,"2025-11-10 00:00:42",94.5
CSWM-01K94J-1,"2025-11-10 00:05:42",112.0
CSWM-01K94J-1,"2025-11-10 00:10:42",95.4
CSWM-01K94J-1,"2025-11-10 00:15:42",131.8
CSWM-01K94J-1,"2025-11-10 00:20:42",122.8
CSWM-01K94J-1,"2025-11-10 00:25:42",100.4
CSWM-01K94J-1,"2025-11-10 00:30:42",62.1
CSWM-01K94J-1,"2025-11-10 00:35:42",82.1
CSWM-01K94J-1,"2025-11-10 00:40:42",148.8
CSWM-01K94J-1,"2025-11-10 00:45:42",102.2
CSWM-01K94J-1,"2025-11-10 00:50:42",147.9
CSWM-01K94J-1,"2025-11-10 00:55:42",162.8
CSWM-01K94J-1,"2025-11-10 01:00:42",147.6
CSWM-01K94J-1,"2025-11-10 01:05:42",153.7
CSWM-01K94J-1,"2025-11-10 01:10:42",70.2
CSWM-01K94J-1,"2025-11-10 01:15:42",124.2
CSWM-01K94J-1,"2025-11-10 01:20:42",120.2
CSWM-01K94J-1,"2025-11-10 01:25:42",68.0
CSWM-01K94J-1,"2025-11-10 01:30:42",123.3
CSWM-01K94J-1,"2025-11-10 01:35:42",116.3
CSWM-01K94J-1,"2025-11-10 01:40:42",111.0
CSWM-01K94J-1,"2025-11-10 01:45:42",86.6
CSWM-01K94J-1,"2025-11-10 01:50:42",157.9
CSWM-01K94J-1,"2025-11-10 01:55:42",112.9
CSWM-01K94J-1,"2025-11-10 02:00:42",91.4
CSWM-01K94J-1,"2025-11-10 02:05:42",151.6
CSWM-01K94J-1,"2025-11-10 02:10:42",136.7
CSWM-01K94J-1,"2025-11-10 02:15:42",91.4
CSWM-01K94J-1,"2025-11-10 02:20:42",120.7
CSWM-01K94J-1,"2025-11-10 02:25:42",100.5
CSWM-01K94J-1,"2025-11-10 02:30:42",107.1
CSWM-01K94J-1,"2025-11-10 02:35:42",95.2
CSWM-01K94J-1,"2025-11-10 02:40:42",80.8
CSWM-01K94J-1,"2025-11-10 02:45:42",60.9
CSWM-01K94J-1,"2025-11-10 02:50:42",64.0
CSWM-01K94J-1,"2025-11-10 02:55:42",142.7
CSWM-01K94J-1,"2025-11-10 03:00:42",81.7
CSWM-01K94J-1,"2025-11-10 03:05:42",89.5
CSWM-01K94J-1,"2025-11-10 03:10:42",123.1
CSWM-01K94J-1,"2025-11-10 03:15:42",158.5
CSWM-01K94J-1,"2025-11-10 03:20:42",140.2
CSWM-01K94J-1,"2025-11-10 03:25:42",107.4
CSWM-01K94J-1,"2025-11-10 03:30:42",101.5
CSWM-01K94J-1,"2025-11-10 03:35:42",112.7
CSWM-01K94J-1,"2025-11-10 03:40:42",88.9
CSWM-01K94J-1,"2025-11-10 03:45:42",107.1
CSWM-01K94J-1,"2025-11-10 03:50:42",160.4
CSWM-01K94J-1,"2025-11-10 03:55:42",72.3
CSWM-01K94J-1,"2025-11-10 04:00:42",115.3
CSWM-01K94J-1,"2025-11-10 04:05:42",71.2
CSWM-01K94J-1,"2025-11-10 04:10:42",127.7
CSWM-01K94J-1,"2025-11-10 04:15:42",102.7
CSWM-01K94J-1,"2025-11-10 04:20:42",110.2
CSWM-01K94J-1,"2025-11-10 04:25:42",90.1
CSWM-01K94J-1,"2025-11-10 04:30:42",114.0
CSWM-01K94J-1,"2025-11-10 04:35:42",89.0
CSWM-01K94J-1,"2025-11-10 04:40:42",114.9
CSWM-01K94J-1,"2025-11-10 04:45:42",76.5
CSWM-01K94J-1,"2025-11-10 04:50:42",106.6
CSWM-01K94J-1,"2025-11-10 04:55:42",102.1
CSWM-01K94J-1,"2025-11-10 05:00:42",104.7
CSWM-01K94J-1,"2025-11-10 05:05:42",75.9
CSWM-01K94J-1,"2025-11-10 05:10:42",123.4
CSWM-01K94J-1,"2025-11-10 05:15:42",88.8
CSWM-01K94J-1,"2025-11-10 05:20:42",92.1
CSWM-01K94J-1,"2025-11-10 05:25:42",121.2
CSWM-01K94J-1,"2025-11-10 05:30:42",63.6
CSWM-01K94J-1,"2025-11-10 05:35:42",82.9
CSWM-01K94J-1,"2025-11-10 05:40:42",85.1
CSWM-01K94J-1,"2025-11-10 05:45:42",111.6
CSWM-01K94J-1,"2025-11-10 05:50:42",95.6
CSWM-01K94J-1,"2025-11-10 05:55:42",142.0
CSWM-01K94J-1,"2025-11-10 06:00:42",77.9
CSWM-01K94J-1,"2025-11-10 06:05:42",144.6
CSWM-01K94J-1,"2025-11-10 06:10:42",121.9
CSWM-01K94J-1,"2025-11-10 06:15:42",138.0
CSWM-01K94J-1,"2025-11-10 06:20:42",69.3
CSWM-01K94J-1,"2025-11-10 06:25:42",108.0
CSWM-01K94J-1,"2025-11-10 06:30:42",163.9
CSWM-01K94J-1,"2025-11-10 06:35:42",144.1
CSWM-01K94J-1,"2025-11-10 06:40:42",102.7
CSWM-01K94J-1,"2025-11-10 06:45:42",82.0
CSWM-01K94J-1,"2025-11-10 06:50:42",88.5
CSWM-01K94J-1,"2025-11-10 06:55:42",74.2
CSWM-01K94J-1,"2025-11-10 07:00:42",98.2
CSWM-01K94J-1,"2025-11-10 07:05:42",110.2
CSWM-01K94J-1,"2025-11-10 07:10:42",66.3
CSWM-01K94J-1,"2025-11-10 07:15:42",131.2
CSWM-01K94J-1,"2025-11-10 07:20:42",109.2
CSWM-01K94J-1,"2025-11-10 07:25:42",108.0
CSWM-01K94J-1,"2025-11-10 07:30:42",118.2
CSWM-01K94J-1,"2025-11-10 07:35:42",100.9
CSWM-01K94J-1,"2025-11-10 07:40:42",129.3
CSWM-01K94J-1,"2025-11-10 07:45:42",74.8
CSWM-01K94J-1,"2025-11-10 07:50:42",70.9
CSWM-01K94J-1,"2025-11-10 07:55:42",99.8
CSWM-01K94J-1,"2025-11-10 08:00:42",143.9
CSWM-01K94J-1,"2025-11-10 08:05:42",114.1
CSWM-01K94J-1,"2025-11-10 08:10:42",159.2
CSWM-01K94J-1,"2025-11-10 08:15:42",141.0
CSWM-01K94J-1,"2025-11-10 08:20:42",67.7
CSWM-01K94J-1,"2025-11-10 08:25:42",136.9
CSWM-01K94J-1,"2025-11-10 08:30:42",66.9
CSWM-01K94J-1,"2025-11-10 08:35:42",157.5
CSWM-01K94J-1,"2025-11-10 08:40:42",55.2
CSWM-01K94J-1,"2025-11-10 08:45:42",112.7
CSWM-01K94J-1,"2025-11-10 08:50:42",113.2
CSWM-01K94J-1,"2025-11-10 08:55:42",84.1
CSWM-01K94J-1,"2025-11-10 09:00:42",117.6
CSWM-01K94J-1,"2025-11-10 09:05:42",77.2
CSWM-01K94J-1,"2025-11-10 09:10:42",71.6
CSWM-01K94J-1,"2025-11-10 09:15:42",121.1
CSWM-01K94J-1,"2025-11-10 09:20:42",60.2
CSWM-01K94J-1,"2025-11-10 09:25:42",147.5
CSWM-01K94J-1,"2025-11-10 09:30:42",74.9
CSWM-01K94J-1,"2025-11-10 09:35:42",126.4
CSWM-01K94J-1,"2025-11-10 09:40:42",111.1
CSWM-01K94J-1,"2025-11-10 09:45:42",124.0
CSWM-01K94J-1,"2025-11-10 09:50:42",82.3
CSWM-01K94J-1,"2025-11-10 09:55:42",163.7
CSWM-01K94J-1,"2025-11-10 10:00:42",127.3
CSWM-01K94J-1,"2025-11-10 10:05:42",123.1
CSWM-01K94J-1,"2025-11-10 10:10:42",105.2
CSWM-01K94J-1,"2025-11-10 10:15:42",125.9
CSWM-01K94J-1,"2025-11-10 10:20:42",135.2
CSWM-01K94J-1,"2025-11-10 10:25:42",96.1
CSWM-01K94J-1,"2025-11-10 10:30:42",78.2
CSWM-01K94J-1,"2025-11-10 10:35:42",88.6
CSWM-01K94J-1,"2025-11-10 10:40:42",136.4
CSWM-01K94J-1,"2025-11-10 10:45:42",119.8
CSWM-01K94J-1,"2025-11-10 10:50:42",106.7
CSWM-01K94J-1,"2025-11-10 10:55:42",100.0
CSWM-01K94J-1,"2025-11-10 11:00:42",99.5
CSWM-01K94J-1,"2025-11-10 11:05:42",113.0
CSWM-01K94J-1,"2025-11-10 11:10:42",103.6
CSWM-01K94J-1,"2025-11-10 11:15:42",114.0
CSWM-01K94J-1,"2025-11-10 11:20:42",102.2
CSWM-01K94J-1,"2025-11-10 11:25:42",148.2
CSWM-01K94J-1,"2025-11-10 11:30:42",58.4
CSWM-01K94J-1,"2025-11-10 11:35:42",129.8
CSWM-01K94J-1,"2025-11-10 11:40:42",81.3
CSWM-01K94J-1,"2025-11-10 11:45:42",89.3
CSWM-01K94J-1,"2025-11-10 11:50:42",81.5
CSWM-01K94J-1,"2025-11-10 11:55:42",78.8
CSWM-01K94J-1,"2025-11-10 12:00:42",106.3
CSWM-01K94J-1,"2025-11-10 12:05:42",136.6
CSWM-01K94J-1,"2025-11-10 12:10:42",161.8
CSWM-01K94J-1,"2025-11-10 12:15:42",115.9
CSWM-01K94J-1,"2025-11-10 12:20:42",105.3
CSWM-01K94J-1,"2025-11-10 12:25:42",105.2
CSWM-01K94J-1,"2025-11-10 12:30:42",115.0
CSWM-01K94J-1,"2025-11-10 12:35:42",79.1
CSWM-01K94J-1,"2025-11-10 12:40:42",99.4
CSWM-01K94J-1,"2025-11-10 12:45:42",54.5
CSWM-01K94J-1,"2025-11-10 12:50:42",112.9
CSWM-01K94J-1,"2025-11-10 12:55:42",132.4
CSWM-01K94J-1,"2025-11-10 13:00:42",70.0
CSWM-01K94J-1,"2025-11-10 13:05:42",148.0
CSWM-01K94J-1,"2025-11-10 13:10:42",134.5
CSWM-01K94J-1,"2025-11-10 13:15:42",62.1
CSWM-01K94J-1,"2025-11-10 13:20:42",134.5
CSWM-01K94J-1,"2025-11-10 13:25:42",128.1
CSWM-01K94J-1,"2025-11-10 13:30:42",73.2
CSWM-01K94J-1,"2025-11-10 13:35:42",113.5
CSWM-01K94J-1,"2025-11-10 13:40:42",132.6
CSWM-01K94J-1,"2025-11-10 13:45:42",129.0
CSWM-01K94J-1,"2025-11-10 13:50:42",126.9
CSWM-01K94J-1,"2025-11-10 13:55:42",87.3
CSWM-01K94J-1,"2025-11-10 14:00:42",132.5
CSWM-01K94J-1,"2025-11-10 14:05:42",125.2
CSWM-01K94J-1,"2025-11-10 14:10:42",102.5
CSWM-01K94J-1,"2025-11-10 14:15:42",85.7
CSWM-01K94J-1,"2025-11-10 14:20:42",118.5
CSWM-01K94J-1,"2025-11-10 14:25:42",94.9
CSWM-01K94J-1,"2025-11-10 14:30:42",121.4
CSWM-01K94J-1,"2025-11-10 14:35:42",147.8
CSWM-01K94J-1,"2025-11-10 14:40:42",116.7
CSWM-01K94J-1,"2025-11-10 14:45:42",117.3
CSWM-01K94J-1,"2025-11-10 14:50:42",90.7
CSWM-01K94J-1,"2025-11-10 14:55:42",123.1
CSWM-01K94J-1,"2025-11-10 15:00:42",130.6
CSWM-01K94J-1,"2025-11-10 15:05:42",119.3
CSWM-01K94J-1,"2025-11-10 15:10:42",131.4
CSWM-01K94J-1,"2025-11-10 15:15:42",117.4
CSWM-01K94J-1,"2025-11-10 15:20:42",100.0
CSWM-01K94J-1,"2025-11-10 15:25:42",118.3
CSWM-01K94J-1,"2025-11-10 15:30:42",100.4
CSWM-01K94J-1,"2025-11-10 15:35:42",143.9
CSWM-01K94J-1,"2025-11-10 15:40:42",126.9
CSWM-01K94J-1,"2025-11-10 15:45:42",104.5
CSWM-01K94J-1,"2025-11-10 15:50:42",116.5
CSWM-01K94J-1,"2025-11-10 15:55:42",151.2
CSWM-01K94J-1,"2025-11-10 16:00:42",101.2
CSWM-01K94J-1,"2025-11-10 16:05:42",97.4
CSWM-01K94J-1,"2025-11-10 16:10:42",127.7
CSWM-01K94J-1,"2025-11-10 16:15:42",136.3
CSWM-01K94J-1,"2025-11-10 16:20:42",163.1
CSWM-01K94J-1,"2025-11-10 16:25:42",131.5
CSWM-01K94J-1,"2025-11-10 16:30:42",119.2
CSWM-01K94J-1,"2025-11-10 16:35:42",138.1
CSWM-01K94J-1,"2025-11-10 16:40:42",117.5
CSWM-01K94J-1,"2025-11-10 16:45:42",102.3
CSWM-01K94J-1,"2025-11-10 16:50:42",69.1
CSWM-01K94J-1,"2025-11-10 16:55:42",118.3
CSWM-01K94J-1,"2025-11-10 17:00:42",139.8
CSWM-01K94J-1,"2025-11-10 17:05:42",109.6
CSWM-01K94J-1,"2025-11-10 17:10:42",114.5
CSWM-01K94J-1,"2025-11-10 17:15:42",113.2
CSWM-01K94J-1,"2025-11-10 17:20:42",146.1
CSWM-01K94J-1,"2025-11-10 17:25:42",105.7
CSWM-01K94J-1,"2025-11-10 17:30:42",117.5
CSWM-01K94J-1,"2025-11-10 17:35:42",132.9
CSWM-01K94J-1,"2025-11-10 17:40:42",130.9
CSWM-01K94J-1,"2025-11-10 17:45:42",80.9
CSWM-01K94J-1,"2025-11-10 17:50:42",145.1
CSWM-01K94J-1,"2025-11-10 17:55:42",89.4
CSWM-01K94J-1,"2025-11-10 18:00:42",142.1
CSWM-01K94J-1,"2025-11-10 18:05:42",128.0
CSWM-01K94J-1,"2025-11-10 18:10:42",100.6
CSWM-01K94J-1,"2025-11-10 18:15:42",93.5
CSWM-01K94J-1,"2025-11-10 18:20:42",86.7
CSWM-01K94J-1,"2025-11-10 18:25:42",125.2
CSWM-01K94J-1,"2025-11-10 18:30:42",79.6
CSWM-01K94J-1,"2025-11-10 18:35:42",133.2
CSWM-01K94J-1,"2025-11-10 18:40:42",145.1
CSWM-01K94J-1,"2025-11-10 18:45:42",71.3
CSWM-01K94J-1,"2025-11-10 18:50:42",96.5
CSWM-01K94J-1,"2025-11-10 18:55:42",85.4
CSWM-01K94J-1,"2025-11-10 19:00:42",144.4
CSWM-01K94J-1,"2025-11-10 19:05:42",114.9
CSWM-01K94J-1,"2025-11-10 19:10:42",155.5
CSWM-01K94J-1,"2025-11-10 19:15:42",112.9
CSWM-01K94J-1,"2025-11-10 19:20:42",93.3
CSWM-01K94J-1,"2025-11-10 19:25:42",97.5
CSWM-01K94J-1,"2025-11-10 19:30:42",113.9
CSWM-01K94J-1,"2025-11-10 19:35:42",139.0
CSWM-01K94J-1,"2025-11-10 19:40:42",146.8
CSWM-01K94J-1,"2025-11-10 19:45:42",131.2
CSWM-01K94J-1,"2025-11-10 19:50:42",91.3
CSWM-01K94J-1,"2025-11-10 19:55:42",99.2
CSWM-01K94J-1,"2025-11-10 20:00:42",124.1
CSWM-01K94J-1,"2025-11-10 20:05:42",161.3
CSWM-01K94J-1,"2025-11-10 20:10:42",122.9
CSWM-01K94J-1,"2025-11-10 20:15:42",84.4
CSWM-01K94J-1,"2025-11-10 20:20:42",70.9
CSWM-01K94J-1,"2025-11-10 20:25:42",95.5
CSWM-01K94J-1,"2025-11-10 20:30:42",151.9
CSWM-01K94J-1,"2025-11-10 20:35:42",99.5
CSWM-01K94J-1,"2025-11-10 20:40:42",74.4
CSWM-01K94J-1,"2025-11-10 20:45:42",79.9
CSWM-01K94J-1,"2025-11-10 20:50:42",80.7
CSWM-01K94J-1,"2025-11-10 20:55:42",100.2
CSWM-01K94J-1,"2025-11-10 21:00:42",64.7
CSWM-01K94J-1,"2025-11-10 21:05:42",143.2
CSWM-01K94J-1,"2025-11-10 21:10:42",79.2
CSWM-01K94J-1,"2025-11-10 21:15:42",130.5
CSWM-01K94J-1,"2025-11-10 21:20:42",67.6
CSWM-01K94J-1,"2025-11-10 21:25:42",147.5
CSWM-01K94J-1,"2025-11-10 21:30:42",102.8
CSWM-01K94J-1,"2025-11-10 21:35:42",69.8
CSWM-01K94J-1,"2025-11-10 21:40:42",76.9
CSWM-01K94J-1,"2025-11-10 21:45:42",134.3
CSWM-01K94J-1,"2025-11-10 21:50:42",106.0
CSWM-01K94J-1,"2025-11-10 21:55:42",112.6
CSWM-01K94J-1,"2025-11-10 22:00:42",109.5
CSWM-01K94J-1,"2025-11-10 22:05:42",140.6
CSWM-01K94J-1,"2025-11-10 22:10:42",100.7
CSWM-01K94J-1,"2025-11-10 22:15:42",78.0
CSWM-01K94J-1,"2025-11-10 22:20:42",89.9
CSWM-01K94J-1,"2025-11-10 22:25:42",98.7
CSWM-01K94J-1,"2025-11-10 22:30:42",89.5
CSWM-01K94J-1,"2025-11-10 22:35:42",107.4
CSWM-01K94J-1,"2025-11-10 22:40:42",105.4
CSWM-01K94J-1,"2025-11-10 22:45:42",110.7
CSWM-01K94J-1,"2025-11-10 22:50:42",74.0
CSWM-01K94J-1,"2025-11-10 22:55:42",83.6
CSWM-01K94J-1,"2025-11-10 23:00:42",94.7
CSWM-01K94J-1,"2025-11-10 23:05:42",89.1
CSWM-01K94J-1,"2025-11-10 23:10:42",79.4
CSWM-01K94J-1,"2025-11-10 23:15:42",58.0
CSWM-01K94J-1,"2025-11-10 23:20:42",100.9
CSWM-01K94J-1,"2025-11-10 23:25:42",101.0
CSWM-01K94J-1,"2025-11-10 23:30:42",165.3
CSWM-01K94J-1,"2025-11-10 23:35:42",87.8
CSWM-01K94J-1,"2025-11-10 23:40:42",73.8
CSWM-01K94J-1,"2025-11-10 23:45:42",124.1
CSWM-01K94J-1,"2025-11-10 23:50:42",87.1
CSWM-01K94J-1,"2025-11-10 23:55:42",84.8
CSWM-01K94J-1,"2025-11-11 00:00:42",131.5
CSWM-01K94J-1,"2025-11-11 00:05:42",86.7
CSWM-01K94J-1,"2025-11-11 00:10:42",67.1
CSWM-01K94J-1,"2025-11-11 00:15:42",78.3
CSWM-01K94J-1,"2025-11-11 00:20:42",98.2
CSWM-01K94J-1,"2025-11-11 00:25:42",123.4
CSWM-01K94J-1,"2025-11-11 00:30:42",161.3
CSWM-01K94J-1,"2025-11-11 00:35:42",103.1
CSWM-01K94J-1,"2025-11-11 00:40:42",115.9
CSWM-01K94J-1,"2025-11-11 00:45:42",121.0
CSWM-01K94J-1,"2025-11-11 00:50:42",138.8
CSWM-01K94J-1,"2025-11-11 00:55:42",99.5
CSWM-01K94J-1,"2025-11-11 01:00:42",68.1
CSWM-01K94J-1,"2025-11-11 01:05:42",103.9
CSWM-01K94J-1,"2025-11-11 01:10:42",123.4
CSWM-01K94J-1,"2025-11-11 01:15:42",112.6
CSWM-01K94J-1,"2025-11-11 01:20:42",87.8
CSWM-01K94J-1,"2025-11-11 01:25:42",156.5
CSWM-01K94J-1,"2025-11-11 01:30:42",87.7
CSWM-01K94J-1,"2025-11-11 01:35:42",94.4
CSWM-01K94J-1,"2025-11-11 01:40:42",149.0
CSWM-01K94J-1,"2025-11-11 01:45:42",83.5
CSWM-01K94J-1,"2025-11-11 01:50:42",74.1
CSWM-01K94J-1,"2025-11-11 01:55:42",76.3
CSWM-01K94J-1,"2025-11-11 02:00:42",146.4
CSWM-01K94J-1,"2025-11-11 02:05:42",164.3
CSWM-01K94J-1,"2025-11-11 02:10:42",131.5
CSWM-01K94J-1,"2025-11-11 02:15:42",77.5
CSWM-01K94J-1,"2025-11-11 02:20:42",147.7
CSWM-01K94J-1,"2025-11-11 02:25:42",114.6
CSWM-01K94J-1,"2025-11-11 02:30:42",58.7
CSWM-01K94J-1,"2025-11-11 02:35:42",139.5
CSWM-01K94J-1,"2025-11-11 02:40:42",136.0
CSWM-01K94J-1,"2025-11-11 02:45:42",118.9
CSWM-01K94J-1,"2025-11-11 02:50:42",129.4
CSWM-01K94J-1,"2025-11-11 02:55:42",158.3
CSWM-01K94J-1,"2025-11-11 03:00:42",116.5
CSWM-01K94J-1,"2025-11-11 03:05:42",167.1
CSWM-01K94J-1,"2025-11-11 03:10:42",148.7
CSWM-01K94J-1,"2025-11-11 03:15:42",106.0
CSWM-01K94J-1,"2025-11-11 03:20:42",103.6
CSWM-01K94J-1,"2025-11-11 03:25:42",150.8
CSWM-01K94J-1,"2025-11-11 03:30:42",129.5
CSWM-01K94J-1,"2025-11-11 03:35:42",85.4
CSWM-01K94J-1,"2025-11-11 03:40:42",64.7
CSWM-01K94J-1,"2025-11-11 03:45:42",139.2
CSWM-01K94J-1,"2025-11-11 03:50:42",125.9
CSWM-01K94J-1,"2025-11-11 03:55:42",94.7
CSWM-01K94J-1,"2025-11-11 04:00:42",100.0
CSWM-01K94J-1,"2025-11-11 04:05:42",66.2
CSWM-01K94J-1,"2025-11-11 04:10:42",120.2
CSWM-01K94J-1,"2025-11-11 04:15:42",140.0
CSWM-01K94J-1,"2025-11-11 04:20:42",136.5
CSWM-01K94J-1,"2025-11-11 04:25:42",118.9
CSWM-01K94J-1,"2025-11-11 04:30:42",73.8
CSWM-01K94J-1,"2025-11-11 04:35:42",155.2
CSWM-01K94J-1,"2025-11-11 04:40:42",90.7
CSWM-01K94J-1,"2025-11-11 04:45:42",112.7
CSWM-01K94J-1,"2025-11-11 04:50:42",105.8
CSWM-01K94J-1,"2025-11-11 04:55:42",136.5
CSWM-01K94J-1,"2025-11-11 05:00:42",158.6
CSWM-01K94J-1,"2025-11-11 05:05:42",130.5
CSWM-01K94J-1,"2025-11-11 05:10:42",138.1
CSWM-01K94J-1,"2025-11-11 05:15:42",99.2
CSWM-01K94J-1,"2025-11-11 05:20:42",120.5
CSWM-01K94J-1,"2025-11-11 05:25:42",146.4
CSWM-01K94J-1,"2025-11-11 05:30:42",89.2
CSWM-01K94J-1,"2025-11-11 05:35:42",136.5
CSWM-01K94J-1,"2025-11-11 05:40:42",77.8
CSWM-01K94J-1,"2025-11-11 05:45:42",133.1
CSWM-01K94J-1,"2025-11-11 05:50:42",101.6
CSWM-01K94J-1,"2025-11-11 05:55:42",86.6
CSWM-01K94J-1,"2025-11-11 06:00:42",157.3
CSWM-01K94J-1,"2025-11-11 06:05:42",95.6
CSWM-01K94J-1,"2025-11-11 06:10:42",138.1
CSWM-01K94J-1,"2025-11-11 06:15:42",128.4
CSWM-01K94J-1,"2025-11-11 06:20:42",135.6
CSWM-01K94J-1,"2025-11-11 06:25:42",83.6
CSWM-01K94J-1,"2025-11-11 06:30:42",115.4
CSWM-01K94J-1,"2025-11-11 06:35:42",124.0
CSWM-01K94J-1,"2025-11-11 06:40:42",143.8
CSWM-01K94J-1,"2025-11-11 06:45:42",134.4
CSWM-01K94J-1,"2025-11-11 06:50:42",128.6
CSWM-01K94J-1,"2025-11-11 06:55:42",120.8
CSWM-01K94J-1,"2025-11-11 07:00:42",136.0
CSWM-01K94J-1,"2025-11-11 07:05:42",96.1
CSWM-01K94J-1,"2025-11-11 07:10:42",77.2
CSWM-01K94J-1,"2025-11-11 07:15:42",100.8
CSWM-01K94J-1,"2025-11-11 07:20:42",104.6
CSWM-01K94J-1,"2025-11-11 07:25:42",111.9
CSWM-01K94J-1,"2025-11-11 07:30:42",141.0
CSWM-01K94J-1,"2025-11-11 07:35:42",140.9
CSWM-01K94J-1,"2025-11-11 07:40:42",76.3
CSWM-01K94J-1,"2025-11-11 07:45:42",53.0
CSWM-01K94J-1,"2025-11-11 07:50:42",103.0
CSWM-01K94J-1,"2025-11-11 07:55:42",113.2
CSWM-01K94J-1,"2025-11-11 08:00:42",120.7
CSWM-01K94J-1,"2025-11-11 08:05:42",78.5
CSWM-01K94J-1,"2025-11-11 08:10:42",130.5
CSWM-01K94J-1,"2025-11-11 08:15:42",81.4
CSWM-01K94J-1,"2025-11-11 08:20:42",158.1
CSWM-01K94J-1,"2025-11-11 08:25:42",94.6
CSWM-01K94J-1,"2025-11-11 08:30:42",106.8
CSWM-01K94J-1,"2025-11-11 08:35:42",133.5
CSWM-01K94J-1,"2025-11-11 08:40:42",101.9
CSWM-01K94J-1,"2025-11-11 08:45:42",134.6
CSWM-01K94J-1,"2025-11-11 08:50:42",95.6
CSWM-01K94J-1,"2025-11-11 08:55:42",128.6
CSWM-01K94J-1,"2025-11-11 09:00:42",85.3
CSWM-01K94J-1,"2025-11-11 09:05:42",110.7
CSWM-01K94J-1,"2025-11-11 09:10:42",99.7
CSWM-01K94J-1,"2025-11-11 09:15:42",96.9
CSWM-01K94J-1,"2025-11-11 09:20:42",108.7
CSWM-01K94J-1,"2025-11-11 09:25:42",88.9
CSWM-01K94J-1,"2025-11-11 09:30:42",122.1
CSWM-01K94J-1,"2025-11-11 09:35:42",80.0
CSWM-01K94J-1,"2025-11-11 09:40:42",95.5
CSWM-01K94J-1,"2025-11-11 09:45:42",74.5
CSWM-01K94J-1,"2025-11-11 09:50:42",84.5
CSWM-01K94J-1,"2025-11-11 09:55:42",91.9
CSWM-01K94J-1,"2025-11-11 10:00:42",105.3
CSWM-01K94J-1,"2025-11-11 10:05:42",138.1
CSWM-01K94J-1,"2025-11-11 10:10:42",70.2
CSWM-01K94J-1,"2025-11-11 10:15:42",104.0
CSWM-01K94J-1,"2025-11-11 10:20:42",146.0
CSWM-01K94J-1,"2025-11-11 10:25:42",125.6
CSWM-01K94J-1,"2025-11-11 10:30:42",87.5
CSWM-01K94J-1,"2025-11-11 10:35:42",86.8
CSWM-01K94J-1,"2025-11-11 10:40:42",106.7
CSWM-01K94J-1,"2025-11-11 10:45:42",143.5
CSWM-01K94J-1,"2025-11-11 10:50:42",139.7
CSWM-01K94J-1,"2025-11-11 10:55:42",104.0
CSWM-01K94J-1,"2025-11-11 11:00:42",91.7
CSWM-01K94J-1,"2025-11-11 11:05:42",105.4
CSWM-01K94J-1,"2025-11-11 11:10:42",113.4
CSWM-01K94J-1,"2025-11-11 11:15:42",160.2
CSWM-01K94J-1,"2025-11-11 11:20:42",81.3
CSWM-01K94J-1,"2025-11-11 11:25:42",59.2
CSWM-01K94J-1,"2025-11-11 11:30:42",102.4
CSWM-01K94J-1,"2025-11-11 11:35:42",118.8
CSWM-01K94J-1,"2025-11-11 11:40:42",102.6
CSWM-01K94J-1,"2025-11-11 11:45:42",73.5
CSWM-01K94J-1,"2025-11-11 11:50:42",89.0
CSWM-01K94J-1,"2025-11-11 11:55:42",124.2
CSWM-01K94J-1,"2025-11-11 12:00:42",61.0
CSWM-01K94J-1,"2025-11-11 12:05:42",124.1
CSWM-01K94J-1,"2025-11-11 12:10:42",156.1
CSWM-01K94J-1,"2025-11-11 12:15:42",123.1
CSWM-01K94J-1,"2025-11-11 12:20:42",92.6
CSWM-01K94J-1,"2025-11-11 12:25:42",76.8
CSWM-01K94J-1,"2025-11-11 12:30:42",141.3
CSWM-01K94J-1,"2025-11-11 12:35:42",140.1
CSWM-01K94J-1,"2025-11-11 12:40:42",161.0
CSWM-01K94J-1,"2025-11-11 12:45:42",103.9
CSWM-01K94J-1,"2025-11-11 12:50:42",85.9
CSWM-01K94J-1,"2025-11-11 12:55:42",89.4
CSWM-01K94J-1,"2025-11-11 13:00:42",97.2
CSWM-01K94J-1,"2025-11-11 13:05:42",95.4
CSWM-01K94J-1,"2025-11-11 13:10:42",95.0
CSWM-01K94J-1,"2025-11-11 13:15:42",112.1
CSWM-01K94J-1,"2025-11-11 13:20:42",139.6
CSWM-01K94J-1,"2025-11-11 13:25:42",87.2
CSWM-01K94J-1,"2025-11-11 13:30:42",122.2
CSWM-01K94J-1,"2025-11-11 13:35:42",137.4
CSWM-01K94J-1,"2025-11-11 13:40:42",100.5
CSWM-01K94J-1,"2025-11-11 13:45:42",90.4
CSWM-01K94J-1,"2025-11-11 13:50:42",71.8
CSWM-01K94J-1,"2025-11-11 13:55:42",106.1
CSWM-01K94J-1,"2025-11-11 14:00:42",133.4
CSWM-01K94J-1,"2025-11-11 14:05:42",139.4
CSWM-01K94J-1,"2025-11-11 14:10:42",67.0
CSWM-01K94J-1,"2025-11-11 14:15:42",78.7
CSWM-01K94J-1,"2025-11-11 14:20:42",79.7
CSWM-01K94J-1,"2025-11-11 14:25:42",109.4
CSWM-01K94J-1,"2025-11-11 14:30:42",76.8
CSWM-01K94J-1,"2025-11-11 14:35:42",116.2
CSWM-01K94J-1,"2025-11-11 14:40:42",133.1
CSWM-01K94J-1,"2025-11-11 14:45:42",89.4
CSWM-01K94J-1,"2025-11-11 14:50:42",97.1
CSWM-01K94J-1,"2025-11-11 14:55:42",72.4
CSWM-01K94J-1,"2025-11-11 15:00:42",117.2
CSWM-01K94J-1,"2025-11-11 15:05:42",68.3
CSWM-01K94J-1,"2025-11-11 15:10:42",109.8
CSWM-01K94J-1,"2025-11-11 15:15:42",93.3
CSWM-01K94J-1,"2025-11-11 15:20:42",150.5
CSWM-01K94J-1,"2025-11-11 15:25:42",137.5
CSWM-01K94J-1,"2025-11-11 15:30:42",69.7
CSWM-01K94J-1,"2025-11-11 15:35:42",106.5
CSWM-01K94J-1,"2025-11-11 15:40:42",135.2
CSWM-01K94J-1,"2025-11-11 15:45:42",126.9
CSWM-01K94J-1,"2025-11-11 15:50:42",91.7
CSWM-01K94J-1,"2025-11-11 15:55:42",96.0
CSWM-01K94J-1,"2025-11-11 16:00:42",123.8
CSWM-01K94J-1,"2025-11-11 16:05:42",57.4
CSWM-01K94J-1,"2025-11-11 16:10:42",73.5
CSWM-01K94J-1,"2025-11-11 16:15:42",145.4
CSWM-01K94J-1,"2025-11-11 16:20:42",118.2
CSWM-01K94J-1,"2025-11-11 16:25:42",104.0
CSWM-01K94J-1,"2025-11-11 16:30:42",79.5
CSWM-01K94J-1,"2025-11-11 16:35:42",63.0
CSWM-01K94J-1,"2025-11-11 16:40:42",147.1
CSWM-01K94J-1,"2025-11-11 16:45:42",108.9
CSWM-01K94J-1,"2025-11-11 16:50:42",156.7
CSWM-01K94J-1,"2025-11-11 16:55:42",111.1
CSWM-01K94J-1,"2025-11-11 17:00:42",133.5
CSWM-01K94J-1,"2025-11-11 17:05:42",131.0
CSWM-01K94J-1,"2025-11-11 17:10:42",161.5
CSWM-01K94J-1,"2025-11-11 17:15:42",90.9
CSWM-01K94J-1,"2025-11-11 17:20:42",96.9
CSWM-01K94J-1,"2025-11-11 17:25:42",116.5
CSWM-01K94J-1,"2025-11-11 17:30:42",120.2
CSWM-01K94J-1,"2025-11-11 17:35:42",149.9
CSWM-01K94J-1,"2025-11-11 17:40:42",140.9
CSWM-01K94J-1,"2025-11-11 17:45:42",71.8
CSWM-01K94J-1,"2025-11-11 17:50:42",73.0
CSWM-01K94J-1,"2025-11-11 17:55:42",107.3
CSWM-01K94J-1,"2025-11-11 18:00:42",115.2
CSWM-01K94J-1,"2025-11-11 18:05:42",72.9
CSWM-01K94J-1,"2025-11-11 18:10:42",92.0
CSWM-01K94J-1,"2025-11-11 18:15:42",106.5
CSWM-01K94J-1,"2025-11-11 18:20:42",107.2
CSWM-01K94J-1,"2025-11-11 18:25:42",121.8
CSWM-01K94J-1,"2025-11-11 18:30:42",84.0
CSWM-01K94J-1,"2025-11-11 18:35:42",94.8
CSWM-01K94J-1,"2025-11-11 18:40:42",135.7
CSWM-01K94J-1,"2025-11-11 18:45:42",123.4
CSWM-01K94J-1,"2025-11-11 18:50:42",154.0
CSWM-01K94J-1,"2025-11-11 18:55:42",120.6
CSWM-01K94J-1,"2025-11-11 19:00:42",132.9
CSWM-01K94J-1,"2025-11-11 19:05:42",69.1
CSWM-01K94J-1,"2025-11-11 19:10:42",126.9
CSWM-01K94J-1,"2025-11-11 19:15:42",114.0
CSWM-01K94J-1,"2025-11-11 19:20:42",136.7
CSWM-01K94J-1,"2025-11-11 19:25:42",102.1
CSWM-01K94J-1,"2025-11-11 19:30:42",80.8
CSWM-01K94J-1,"2025-11-11 19:35:42",88.6
CSWM-01K94J-1,"2025-11-11 19:40:42",81.7
CSWM-01K94J-1,"2025-11-11 19:45:42",105.2
CSWM-01K94J-1,"2025-11-11 19:50:42",67.7
CSWM-01K94J-1,"2025-11-11 19:55:42",66.0
CSWM-01K94J-1,"2025-11-11 20:00:42",77.1
CSWM-01K94J-1,"2025-11-11 20:05:42",71.5
CSWM-01K94J-1,"2025-11-11 20:10:42",119.6
CSWM-01K94J-1,"2025-11-11 20:15:42",106.1
CSWM-01K94J-1,"2025-11-11 20:20:42",102.9
CSWM-01K94J-1,"2025-11-11 20:25:42",88.0
CSWM-01K94J-1,"2025-11-11 20:30:42",122.3
CSWM-01K94J-1,"2025-11-11 20:35:42",57.3
CSWM-01K94J-1,"2025-11-11 20:40:42",112.9
CSWM-01K94J-1,"2025-11-11 20:45:42",103.2
CSWM-01K94J-1,"2025-11-11 20:50:42",94.5
CSWM-01K94J-1,"2025-11-11 20:55:42",116.9
CSWM-01K94J-1,"2025-11-11 21:00:42",81.4
CSWM-01K94J-1,"2025-11-11 21:05:42",102.3
CSWM-01K94J-1,"2025-11-11 21:10:42",126.9
CSWM-01K94J-1,"2025-11-11 21:15:42",110.3
CSWM-01K94J-1,"2025-11-11 21:20:42",105.6
CSWM-01K94J-1,"2025-11-11 21:25:42",139.7
CSWM-01K94J-1,"2025-11-11 21:30:42",154.6
CSWM-01K94J-1,"2025-11-11 21:35:42",108.2
CSWM-01K94J-1,"2025-11-11 21:40:42",160.3
CSWM-01K94J-1,"2025-11-11 21:45:42",79.5
CSWM-01K94J-1,"2025-11-11 21:50:42",150.1
CSWM-01K94J-1,"2025-11-11 21:55:42",85.1
CSWM-01K94J-1,"2025-11-11 22:00:42",72.7
CSWM-01K94J-1,"2025-11-11 22:05:42",130.7
CSWM-01K94J-1,"2025-11-11 22:10:42",90.6
CSWM-01K94J-1,"2025-11-11 22:15:42",99.2
CSWM-01K94J-1,"2025-11-11 22:20:42",125.8
CSWM-01K94J-1,"2025-11-11 22:25:42",79.8
CSWM-01K94J-1,"2025-11-11 22:30:42",106.2
CSWM-01K94J-1,"2025-11-11 22:35:42",124.7
CSWM-01K94J-1,"2025-11-11 22:40:42",116.8
CSWM-01K94J-1,"2025-11-11 22:45:42",91.7
CSWM-01K94J-1,"2025-11-11 22:50:42",105.8
CSWM-01K94J-1,"2025-11-11 22:55:42",77.2
CSWM-01K94J-1,"2025-11-11 23:00:42",124.2
CSWM-01K94J-1,"2025-11-11 23:05:42",89.6
CSWM-01K94J-1,"2025-11-11 23:10:42",117.3
CSWM-01K94J-1,"2025-11-11 23:15:42",87.0
CSWM-01K94J-1,"2025-11-11 23:20:42",165.1
CSWM-01K94J-1,"2025-11-11 23:25:42",161.4
CSWM-01K94J-1,"2025-11-11 23:30:42",146.8
CSWM-01K94J-1,"2025-11-11 23:35:42",65.2
CSWM-01K94J-1,"2025-11-11 23:40:42",141.7
CSWM-01K94J-1,"2025-11-11 23:45:42",93.5
CSWM-01K94J-1,"2025-11-11 23:50:42",120.5
CSWM-01K94J-1,"2025-11-11 23:55:42",135.3
CSWM-01K94J-1,"2025-11-12 00:00:42",126.8
CSWM-01K94J-1,"2025-11-12 00:05:42",131.3
CSWM-01K94J-1,"2025-11-12 00:10:42",109.0
CSWM-01K94J-1,"2025-11-12 00:15:42",161.2
CSWM-01K94J-1,"2025-11-12 00:20:42",134.3
CSWM-01K94J-1,"2025-11-12 00:25:42",74.8
CSWM-01K94J-1,"2025-11-12 00:30:42",100.7
CSWM-01K94J-1,"2025-11-12 00:35:42",156.7
CSWM-01K94J-1,"2025-11-12 00:40:42",105.1
CSWM-01K94J-1,"2025-11-12 00:45:42",139.2
CSWM-01K94J-1,"2025-11-12 00:50:42",101.0
CSWM-01K94J-1,"2025-11-12 00:55:42",100.5
CSWM-01K94J-1,"2025-11-12 01:00:42",94.8
CSWM-01K94J-1,"2025-11-12 01:05:42",133.0
CSWM-01K94J-1,"2025-11-12 01:10:42",139.4
CSWM-01K94J-1,"2025-11-12 01:15:42",62.6
CSWM-01K94J-1,"2025-11-12 01:20:42",91.5
CSWM-01K94J-1,"2025-11-12 01:25:42",114.1
CSWM-01K94J-1,"2025-11-12 01:30:42",114.6
CSWM-01K94J-1,"2025-11-12 01:35:42",72.6
CSWM-01K94J-1,"2025-11-12 01:40:42",77.5
CSWM-01K94J-1,"2025-11-12 01:45:42",107.8
CSWM-01K94J-1,"2025-11-12 01:50:42",114.1
CSWM-01K94J-1,"2025-11-12 01:55:42",75.9
CSWM-01K94J-1,"2025-11-12 02:00:42",124.8
CSWM-01K94J-1,"2025-11-12 02:05:42",133.0
CSWM-01K94J-1,"2025-11-12 02:10:42",81.7
CSWM-01K94J-1,"2025-11-12 02:15:42",131.3
CSWM-01K94J-1,"2025-11-12 02:20:42",126.5
CSWM-01K94J-1,"2025-11-12 02:25:42",65.7
CSWM-01K94J-1,"2025-11-12 02:30:42",92.4
CSWM-01K94J-1,"2025-11-12 02:35:42",132.5
CSWM-01K94J-1,"2025-11-12 02:40:42",110.4
CSWM-01K94J-1,"2025-11-12 02:45:42",110.4
CSWM-01K94J-1,"2025-11-12 02:50:42",125.1
CSWM-01K94J-1,"2025-11-12 02:55:42",72.0
CSWM-01K94J-1,"2025-11-12 03:00:42",101.3
CSWM-01K94J-1,"2025-11-12 03:05:42",62.6
CSWM-01K94J-1,"2025-11-12 03:10:42",77.5
CSWM-01K94J-1,"2025-11-12 03:15:42",139.5
CSWM-01K94J-1,"2025-11-12 03:20:42",112.6
CSWM-01K94J-1,"2025-11-12 03:25:42",109.4
CSWM-01K94J-1,"2025-11-12 03:30:42",87.1
CSWM-01K94J-1,"2025-11-12 03:35:42",148.8
CSWM-01K94J-1,"2025-11-12 03:40:42",120.2
CSWM-01K94J-1,"2025-11-12 03:45:42",134.2
CSWM-01K94J-1,"2025-11-12 03:50:42",118.9
CSWM-01K94J-1,"2025-11-12 03:55:42",114.9
CSWM-01K94J-1,"2025-11-12 04:00:42",157.6
CSWM-01K94J-1,"2025-11-12 04:05:42",131.9
CSWM-01K94J-1,"2025-11-12 04:10:42",65.1
CSWM-01K94J-1,"2025-11-12 04:15:42",143.9
CSWM-01K94J-1,"2025-11-12 04:20:42",74.8
CSWM-01K94J-1,"2025-11-12 04:25:42",65.4
CSWM-01K94J-1,"2025-11-12 04:30:42",54.4
CSWM-01K94J-1,"2025-11-12 04:35:42",126.5
CSWM-01K94J-1,"2025-11-12 04:40:42",149.6
CSWM-01K94J-1,"2025-11-12 04:45:42",126.7
CSWM-01K94J-1,"2025-11-12 04:50:42",112.5
CSWM-01K94J-1,"2025-11-12 04:55:42",140.3
CSWM-01K94J-1,"2025-11-12 05:00:42",131.8
CSWM-01K94J-1,"2025-11-12 05:05:42",111.5
CSWM-01K94J-1,"2025-11-12 05:10:42",116.5
CSWM-01K94J-1,"2025-11-12 05:15:42",107.4
CSWM-01K94J-1,"2025-11-12 05:20:42",122.1
CSWM-01K94J-1,"2025-11-12 05:25:42",88.4
CSWM-01K94J-1,"2025-11-12 05:30:42",79.3
CSWM-01K94J-1,"2025-11-12 05:35:42",72.4
CSWM-01K94J-1,"2025-11-12 05:40:42",101.8
CSWM-01K94J-1,"2025-11-12 05:45:42",64.1
CSWM-01K94J-1,"2025-11-12 05:50:42",120.8
CSWM-01K94J-1,"2025-11-12 05:55:42",127.2
CSWM-01K94J-1,"2025-11-12 06:00:42",69.2
CSWM-01K94J-1,"2025-11-12 06:05:42",150.0
CSWM-01K94J-1,"2025-11-12 06:10:42",83.7
CSWM-01K94J-1,"2025-11-12 06:15:42",134.0
CSWM-01K94J-1,"2025-11-12 06:20:42",122.9
CSWM-01K94J-1,"2025-11-12 06:25:42",73.0
CSWM-01K94J-1,"2025-11-12 06:30:42",125.9
CSWM-01K94J-1,"2025-11-12 06:35:42",110.5
CSWM-01K94J-1,"2025-11-12 06:40:42",70.7
CSWM-01K94J-1,"2025-11-12 06:45:42",95.4
CSWM-01K94J-1,"2025-11-12 06:50:42",138.9
CSWM-01K94J-1,"2025-11-12 06:55:42",53.1
CSWM-01K94J-1,"2025-11-12 07:00:42",87.4
CSWM-01K94J-1,"2025-11-12 07:05:42",78.7
CSWM-01K94J-1,"2025-11-12 07:10:42",102.0
CSWM-01K94J-1,"2025-11-12 07:15:42",71.6
CSWM-01K94J-1,"2025-11-12 07:20:42",125.7
CSWM-01K94J-1,"2025-11-12 07:25:42",98.4
CSWM-01K94J-1,"2025-11-12 07:30:42",136.4
CSWM-01K94J-1,"2025-11-12 07:35:42",155.3
CSWM-01K94J-1,"2025-11-12 07:40:42",120.6
CSWM-01K94J-1,"2025-11-12 07:45:42",75.6
CSWM-01K94J-1,"2025-11-12 07:50:42",112.5
CSWM-01K94J-1,"2025-11-12 07:55:42",127.3
CSWM-01K94J-1,"2025-11-12 08:00:42",143.2
CSWM-01K94J-1,"2025-11-12 08:05:42",100.2
CSWM-01K94J-1,"2025-11-12 08:10:42",93.1
CSWM-01K94J-1,"2025-11-12 08:15:42",70.3
CSWM-01K94J-1,"2025-11-12 08:20:42",96.3
CSWM-01K94J-1,"2025-11-12 08:25:42",94.3
CSWM-01K94J-1,"2025-11-12 08:30:42",62.6
CSWM-01K94J-1,"2025-11-12 08:35:42",91.8
CSWM-01K94J-1,"2025-11-12 08:40:42",114.8
CSWM-01K94J-1,"2025-11-12 08:45:42",143.3
CSWM-01K94J-1,"2025-11-12 08:50:42",125.5
CSWM-01K94J-1,"2025-11-12 08:55:42",137.4
CSWM-01K94J-1,"2025-11-12 09:00:42",117.4
CSWM-01K94J-1,"2025-11-12 09:05:42",150.0
CSWM-01K94J-1,"2025-11-12 09:10:42",122.7
CSWM-01K94J-1,"2025-11-12 09:15:42",73.4
CSWM-01K94J-1,"2025-11-12 09:20:42",79.7
CSWM-01K94J-1,"2025-11-12 09:25:42",157.7
CSWM-01K94J-1,"2025-11-12 09:30:42",124.1
CSWM-01K94J-1,"2025-11-12 09:35:42",99.3
CSWM-01K94J-1,"2025-11-12 09:40:42",76.8
CSWM-01K94J-1,"2025-11-12 09:45:42",150.1
CSWM-01K94J-1,"2025-11-12 09:50:42",135.3
CSWM-01K94J-1,"2025-11-12 09:55:42",112.4
CSWM-01K94J-1,"2025-11-12 10:00:42",131.0
CSWM-01K94J-1,"2025-11-12 10:05:42",79.5
CSWM-01K94J-1,"2025-11-12 10:10:42",117.6
CSWM-01K94J-1,"2025-11-12 10:15:42",109.3
CSWM-01K94J-1,"2025-11-12 10:20:42",97.5
CSWM-01K94J-1,"2025-11-12 10:25:42",157.5
CSWM-01K94J-1,"2025-11-12 10:30:42",150.2
CSWM-01K94J-1,"2025-11-12 10:35:42",81.8
CSWM-01K94J-1,"2025-11-12 10:40:42",128.5
CSWM-01K94J-1,"2025-11-12 10:45:42",138.9
CSWM-01K94J-1,"2025-11-12 10:50:42",128.4
CSWM-01K94J-1,"2025-11-12 10:55:42",100.3
CSWM-01K94J-1,"2025-11-12 11:00:42",135.1
CSWM-01K94J-1,"2025-11-12 11:05:42",111.6
CSWM-01K94J-1,"2025-11-12 11:10:42",154.9
CSWM-01K94J-1,"2025-11-12 11:15:42",113.6
CSWM-01K94J-1,"2025-11-12 11:20:42",163.3
CSWM-01K94J-1,"2025-11-12 11:25:42",135.9
CSWM-01K94J-1,"2025-11-12 11:30:42",93.1
CSWM-01K94J-1,"2025-11-12 11:35:42",151.9
CSWM-01K94J-1,"2025-11-12 11:40:42",74.9
CSWM-01K94J-1,"2025-11-12 11:45:42",140.5
CSWM-01K94J-1,"2025-11-12 11:50:42",105.1
CSWM-01K94J-1,"2025-11-12 11:55:42",126.0
CSWM-01K94J-1,"2025-11-12 12:00:42",135.6
CSWM-01K94J-1,"2025-11-12 12:05:42",124.8
CSWM-01K94J-1,"2025-11-12 12:10:42",134.8
CSWM-01K94J-1,"2025-11-12 12:15:42",70.7
CSWM-01K94J-1,"2025-11-12 12:20:42",86.7
CSWM-01K94J-1,"2025-11-12 12:25:42",143.8
CSWM-01K94J-1,"2025-11-12 12:30:42",102.1
CSWM-01K94J-1,"2025-11-12 12:35:42",97.0
CSWM-01K94J-1,"2025-11-12 12:40:42",103.1
CSWM-01K94J-1,"2025-11-12 12:45:42",98.2
CSWM-01K94J-1,"2025-11-12 12:50:42",126.8
CSWM-01K94J-1,"2025-11-12 12:55:42",93.4
CSWM-01K94J-1,"2025-11-12 13:00:42",108.5
CSWM-01K94J-1,"2025-11-12 13:05:42",84.1
CSWM-01K94J-1,"2025-11-12 13:10:42",166.4
CSWM-01K94J-1,"2025-11-12 13:15:42",123.1
CSWM-01K94J-1,"2025-11-12 13:20:42",78.1
CSWM-01K94J-1,"2025-11-12 13:25:42",116.6
CSWM-01K94J-1,"2025-11-12 13:30:42",81.8
CSWM-01K94J-1,"2025-11-12 13:35:42",106.3
CSWM-01K94J-1,"2025-11-12 13:40:42",139.9
CSWM-01K94J-1,"2025-11-12 13:45:42",139.2
CSWM-01K94J-1,"2025-11-12 13:50:42",122.8
CSWM-01K94J-1,"2025-11-12 13:55:42",106.0
CSWM-01K94J-1,"2025-11-12 14:00:42",138.2
CSWM-01K94J-1,"2025-11-12 14:05:42",142.2
CSWM-01K94J-1,"2025-11-12 14:10:42",98.8
CSWM-01K94J-1,"2025-11-12 14:15:42",79.7
CSWM-01K94J-1,"2025-11-12 14:20:42",159.9
CSWM-01K94J-1,"2025-11-12 14:25:42",136.4
CSWM-01K94J-1,"2025-11-12 14:30:42",92.8
CSWM-01K94J-1,"2025-11-12 14:35:42",147.2
CSWM-01K94J-1,"2025-11-12 14:40:42",89.6
CSWM-01K94J-1,"2025-11-12 14:45:42",89.1
CSWM-01K94J-1,"2025-11-12 14:50:42",79.8
CSWM-01K94J-1,"2025-11-12 14:55:42",158.9
CSWM-01K94J-1,"2025-11-12 15:00:42",117.7
CSWM-01K94J-1,"2025-11-12 15:05:42",158.2
CSWM-01K94J-1,"2025-11-12 15:10:42",131.0
CSWM-01K94J-1,"2025-11-12 15:15:42",89.5
CSWM-01K94J-1,"2025-11-12 15:20:42",62.1
CSWM-01K94J-1,"2025-11-12 15:25:42",102.7
CSWM-01K94J-1,"2025-11-12 15:30:42",149.2
CSWM-01K94J-1,"2025-11-12 15:35:42",129.1
CSWM-01K94J-1,"2025-11-12 15:40:42",102.2
CSWM-01K94J-1,"2025-11-12 15:45:42",126.7
CSWM-01K94J-1,"2025-11-12 15:50:42",114.1
CSWM-01K94J-1,"2025-11-12 15:55:42",105.1
CSWM-01K94J-1,"2025-11-12 16:00:42",61.7
CSWM-01K94J-1,"2025-11-12 16:05:42",104.9
CSWM-01K94J-1,"2025-11-12 16:10:42",91.0
CSWM-01K94J-1,"2025-11-12 16:15:42",116.1
CSWM-01K94J-1,"2025-11-12 16:20:42",58.1
CSWM-01K94J-1,"2025-11-12 16:25:42",67.7
CSWM-01K94J-1,"2025-11-12 16:30:42",138.3
CSWM-01K94J-1,"2025-11-12 16:35:42",93.3
CSWM-01K94J-1,"2025-11-12 16:40:42",127.5
CSWM-01K94J-1,"2025-11-12 16:45:42",124.0
CSWM-01K94J-1,"2025-11-12 16:50:42",125.5
CSWM-01K94J-1,"2025-11-12 16:55:42",103.9
CSWM-01K94J-1,"2025-11-12 17:00:42",95.9
CSWM-01K94J-1,"2025-11-12 17:05:42",100.0
CSWM-01K94J-1,"2025-11-12 17:10:42",103.0
CSWM-01K94J-1,"2025-11-12 17:15:42",146.1
CSWM-01K94J-1,"2025-11-12 17:20:42",65.8
CSWM-01K94J-1,"2025-11-12 17:25:42",76.1
CSWM-01K94J-1,"2025-11-12 17:30:42",152.0
CSWM-01K94J-1,"2025-11-12 17:35:42",102.9
CSWM-01K94J-1,"2025-11-12 17:40:42",77.4
CSWM-01K94J-1,"2025-11-12 17:45:42",156.1
CSWM-01K94J-1,"2025-11-12 17:50:42",89.6
CSWM-01K94J-1,"2025-11-12 17:55:42",100.5
CSWM-01K94J-1,"2025-11-12 18:00:42",71.7
CSWM-01K94J-1,"2025-11-12 18:05:42",91.9
CSWM-01K94J-1,"2025-11-12 18:10:42",80.6
CSWM-01K94J-1,"2025-11-12 18:15:42",64.1
CSWM-01K94J-1,"2025-11-12 18:20:42",124.4
CSWM-01K94J-1,"2025-11-12 18:25:42",140.9
CSWM-01K94J-1,"2025-11-12 18:30:42",57.1
CSWM-01K94J-1,"2025-11-12 18:35:42",64.2
CSWM-01K94J-1,"2025-11-12 18:40:42",54.7
CSWM-01K94J-1,"2025-11-12 18:45:42",64.5
CSWM-01K94J-1,"2025-11-12 18:50:42",123.0
CSWM-01K94J-1,"2025-11-12 18:55:42",147.8
CSWM-01K94J-1,"2025-11-12 19:00:42",77.0
CSWM-01K94J-1,"2025-11-12 19:05:42",94.8
CSWM-01K94J-1,"2025-11-12 19:10:42",106.3
CSWM-01K94J-1,"2025-11-12 19:15:42",97.0
CSWM-01K94J-1,"2025-11-12 19:20:42",132.9
CSWM-01K94J-1,"2025-11-12 19:25:42",144.8
CSWM-01K94J-1,"2025-11-12 19:30:42",76.9
CSWM-01K94J-1,"2025-11-12 19:35:42",108.6
CSWM-01K94J-1,"2025-11-12 19:40:42",151.6
CSWM-01K94J-1,"2025-11-12 19:45:42",166.2
CSWM-01K94J-1,"2025-11-12 19:50:42",137.1
CSWM-01K94J-1,"2025-11-12 19:55:42",123.6
CSWM-01K94J-1,"2025-11-12 20:00:42",115.1
CSWM-01K94J-1,"2025-11-12 20:05:42",77.8
CSWM-01K94J-1,"2025-11-12 20:10:42",102.3
CSWM-01K94J-1,"2025-11-12 20:15:42",103.3
CSWM-01K94J-1,"2025-11-12 20:20:42",60.7
CSWM-01K94J-1,"2025-11-12 20:25:42",88.0
CSWM-01K94J-1,"2025-11-12 20:30:42",107.9
CSWM-01K94J-1,"2025-11-12 20:35:42",128.5
CSWM-01K94J-1,"2025-11-12 20:40:42",84.9
CSWM-01K94J-1,"2025-11-12 20:45:42",103.3
CSWM-01K94J-1,"2025-11-12 20:50:42",135.0
CSWM-01K94J-1,"2025-11-12 20:55:42",85.9
CSWM-01K94J-1,"2025-11-12 21:00:42",112.7
CSWM-01K94J-1,"2025-11-12 21:05:42",85.2
CSWM-01K94J-1,"2025-11-12 21:10:42",151.8
CSWM-01K94J-1,"2025-11-12 21:15:42",84.9
CSWM-01K94J-1,"2025-11-12 21:20:42",139.0
CSWM-01K94J-1,"2025-11-12 21:25:42",132.1
CSWM-01K94J-1,"2025-11-12 21:30:42",64.8
CSWM-01K94J-1,"2025-11-12 21:35:42",109.5
CSWM-01K94J-1,"2025-11-12 21:40:42",79.3
CSWM-01K94J-1,"2025-11-12 21:45:42",100.2
CSWM-01K94J-1,"2025-11-12 21:50:42",88.2
CSWM-01K94J-1,"2025-11-12 21:55:42",79.7
CSWM-01K94J-1,"2025-11-12 22:00:42",121.2
CSWM-01K94J-1,"2025-11-12 22:05:42",104.2
CSWM-01K94J-1,"2025-11-12 22:10:42",156.2
CSWM-01K94J-1,"2025-11-12 22:15:42",68.3
CSWM-01K94J-1,"2025-11-12 22:20:42",97.9
CSWM-01K94J-1,"2025-11-12 22:25:42",95.7
CSWM-01K94J-1,"2025-11-12 22:30:42",122.8
CSWM-01K94J-1,"2025-11-12 22:35:42",98.1
CSWM-01K94J-1,"2025-11-12 22:40:42",92.7
CSWM-01K94J-1,"2025-11-12 22:45:42",143.0
CSWM-01K94J-1,"2025-11-12 22:50:42",72.7
CSWM-01K94J-1,"2025-11-12 22:55:42",114.8
CSWM-01K94J-1,"2025-11-12 23:00:42",96.2
CSWM-01K94J-1,"2025-11-12 23:05:42",108.7
CSWM-01K94J-1,"2025-11-12 23:10:42",104.8
CSWM-01K94J-1,"2025-11-12 23:15:42",109.9
CSWM-01K94J-1,"2025-11-12 23:20:42",74.1
CSWM-01K94J-1,"2025-11-12 23:25:42",106.6
CSWM-01K94J-1,"2025-11-12 23:30:42",78.4
CSWM-01K94J-1,"2025-11-12 23:35:42",88.4
CSWM-01K94J-1,"2025-11-12 23:40:42",107.5
CSWM-01K94J-1,"2025-11-12 23:45:42",143.2
CSWM-01K94J-1,"2025-11-12 23:50:42",153.3
CSWM-01K94J-1,"2025-11-12 23:55:42",102.9
CSWM-01K94J-1,"2025-11-13 00:00:42",95.6
CSWM-01K94J-1,"2025-11-13 00:05:42",70.4
CSWM-01K94J-1,"2025-11-13 00:10:42",132.7
CSWM-01K94J-1,"2025-11-13 00:15:42",88.2
CSWM-01K94J-1,"2025-11-13 00:20:42",66.7
CSWM-01K94J-1,"2025-11-13 00:25:42",134.9
CSWM-01K94J-1,"2025-11-13 00:30:42",114.9
CSWM-01K94J-1,"2025-11-13 00:35:42",83.6
CSWM-01K94J-1,"2025-11-13 00:40:42",144.7
CSWM-01K94J-1,"2025-11-13 00:45:42",104.7
CSWM-01K94J-1,"2025-11-13 00:50:42",100.7
CSWM-01K94J-1,"2025-11-13 00:55:42",159.5
CSWM-01K94J-1,"2025-11-13 01:00:42",137.9
CSWM-01K94J-1,"2025-11-13 01:05:42",107.2
CSWM-01K94J-1,"2025-11-13 01:10:42",99.8
CSWM-01K94J-1,"2025-11-13 01:15:42",89.7
CSWM-01K94J-1,"2025-11-13 01:20:42",67.9
CSWM-01K94J-1,"2025-11-13 01:25:42",103.2
CSWM-01K94J-1,"2025-11-13 01:30:42",115.0
CSWM-01K94J-1,"2025-11-13 01:35:42",114.0
CSWM-01K94J-1,"2025-11-13 01:40:42",122.7
CSWM-01K94J-1,"2025-11-13 01:45:42",124.8
CSWM-01K94J-1,"2025-11-13 01:50:42",132.6
CSWM-01K94J-1,"2025-11-13 01:55:42",130.1
CSWM-01K94J-1,"2025-11-13 02:00:42",123.4
CSWM-01K94J-1,"2025-11-13 02:05:42",137.0
CSWM-01K94J-1,"2025-11-13 02:10:42",85.6
CSWM-01K94J-1,"2025-11-13 02:15:42",100.3
CSWM-01K94J-1,"2025-11-13 02:20:42",77.5
CSWM-01K94J-1,"2025-11-13 02:25:42",133.6
CSWM-01K94J-1,"2025-11-13 02:30:42",98.2
CSWM-01K94J-1,"2025-11-13 02:35:42",68.8
CSWM-01K94J-1,"2025-11-13 02:40:42",89.8
CSWM-01K94J-1,"2025-11-13 02:45:42",166.7
CSWM-01K94J-1,"2025-11-13 02:50:42",84.9
CSWM-01K94J-1,"2025-11-13 02:55:42",96.6
CSWM-01K94J-1,"2025-11-13 03:00:42",70.4
CSWM-01K94J-1,"2025-11-13 03:05:42",104.7
CSWM-01K94J-1,"2025-11-13 03:10:42",118.2
CSWM-01K94J-1,"2025-11-13 03:15:42",127.5
CSWM-01K94J-1,"2025-11-13 03:20:42",89.2
CSWM-01K94J-1,"2025-11-13 03:25:42",138.2
CSWM-01K94J-1,"2025-11-13 03:30:42",68.9
CSWM-01K94J-1,"2025-11-13 03:35:42",84.0
CSWM-01K94J-1,"2025-11-13 03:40:42",124.4
CSWM-01K94J-1,"2025-11-13 03:45:42",152.6
CSWM-01K94J-1,"2025-11-13 03:50:42",76.8
CSWM-01K94J-1,"2025-11-13 03:55:42",108.4
CSWM-01K94J-1,"2025-11-13 04:00:42",90.5
CSWM-01K94J-1,"2025-11-13 04:05:42",99.1
CSWM-01K94J-1,"2025-11-13 04:10:42",92.2
CSWM-01K94J-1,"2025-11-13 04:15:42",65.4
CSWM-01K94J-1,"2025-11-13 04:20:42",98.8
CSWM-01K94J-1,"2025-11-13 04:25:42",93.4
CSWM-01K94J-1,"2025-11-13 04:30:42",107.3
CSWM-01K94J-1,"2025-11-13 04:35:42",96.2
CSWM-01K94J-1,"2025-11-13 04:40:42",119.1
CSWM-01K94J-1,"2025-11-13 04:45:42",74.9
CSWM-01K94J-1,"2025-11-13 04:50:42",142.8
CSWM-01K94J-1,"2025-11-13 04:55:42",110.0
CSWM-01K94J-1,"2025-11-13 05:00:42",121.1
CSWM-01K94J-1,"2025-11-13 05:05:42",72.4
CSWM-01K94J-1,"2025-11-13 05:10:42",96.9
CSWM-01K94J-1,"2025-11-13 05:15:42",113.1
CSWM-01K94J-1,"2025-11-13 05:20:42",85.5
CSWM-01K94J-1,"2025-11-13 05:25:42",61.7
CSWM-01K94J-1,"2025-11-13 05:30:42",124.3
CSWM-01K94J-1,"2025-11-13 05:35:42",108.4
CSWM-01K94J-1,"2025-11-13 05:40:42",147.8
CSWM-01K94J-1,"2025-11-13 05:45:42",150.9
CSWM-01K94J-1,"2025-11-13 05:50:42",124.0
CSWM-01K94J-1,"2025-11-13 05:55:42",101.7
CSWM-01K94J-1,"2025-11-13 06:00:42",78.3
CSWM-01K94J-1,"2025-11-13 06:05:42",143.4
CSWM-01K94J-1,"2025-11-13 06:10:42",131.6
CSWM-01K94J-1,"2025-11-13 06:15:42",166.3
CSWM-01K94J-1,"2025-11-13 06:20:42",103.7
CSWM-01K94J-1,"2025-11-13 06:25:42",85.0
CSWM-01K94J-1,"2025-11-13 06:30:42",72.7
CSWM-01K94J-1,"2025-11-13 06:35:42",88.2
CSWM-01K94J-1,"2025-11-13 06:40:42",99.4
CSWM-01K94J-1,"2025-11-13 06:45:42",82.8
CSWM-01K94J-1,"2025-11-13 06:50:42",97.6
CSWM-01K94J-1,"2025-11-13 06:55:42",78.2
CSWM-01K94J-1,"2025-11-13 07:00:42",95.9
CSWM-01K94J-1,"2025-11-13 07:05:42",118.0
CSWM-01K94J-1,"2025-11-13 07:10:42",151.4
CSWM-01K94J-1,"2025-11-13 07:15:42",69.1
CSWM-01K94J-1,"2025-11-13 07:20:42",123.1
CSWM-01K94J-1,"2025-11-13 07:25:42",106.6
CSWM-01K94J-1,"2025-11-13 07:30:42",118.4
CSWM-01K94J-1,"2025-11-13 07:35:42",128.1
CSWM-01K94J-1,"2025-11-13 07:40:42",84.6
CSWM-01K94J-1,"2025-11-13 07:45:42",157.7
CSWM-01K94J-1,"2025-11-13 07:50:42",149.5
CSWM-01K94J-1,"2025-11-13 07:55:42",123.8
CSWM-01K94J-1,"2025-11-13 08:00:42",53.1
CSWM-01K94J-1,"2025-11-13 08:05:42",125.6
CSWM-01K94J-1,"2025-11-13 08:10:42",107.4
CSWM-01K94J-1,"2025-11-13 08:15:42",135.1
CSWM-01K94J-1,"2025-11-13 08:20:42",136.9
CSWM-01K94J-1,"2025-11-13 08:25:42",120.5
CSWM-01K94J-1,"2025-11-13 08:30:42",154.6
CSWM-01K94J-1,"2025-11-13 08:35:42",98.2
CSWM-01K94J-1,"2025-11-13 08:40:42",100.1
CSWM-01K94J-1,"2025-11-13 08:45:42",114.2
CSWM-01K94J-1,"2025-11-13 08:50:42",115.6
CSWM-01K94J-1,"2025-11-13 08:55:42",125.8
CSWM-01K94J-1,"2025-11-13 09:00:42",144.0
CSWM-01K94J-1,"2025-11-13 09:05:42",96.6
CSWM-01K94J-1,"2025-11-13 09:10:42",128.4
CSWM-01K94J-1,"2025-11-13 09:15:42",98.8
CSWM-01K94J-1,"2025-11-13 09:20:42",122.1
CSWM-01K94J-1,"2025-11-13 09:25:42",126.5
CSWM-01K94J-1,"2025-11-13 09:30:42",106.7
CSWM-01K94J-1,"2025-11-13 09:35:42",87.9
CSWM-01K94J-1,"2025-11-13 09:40:42",106.0
CSWM-01K94J-1,"2025-11-13 09:45:42",128.2
CSWM-01K94J-1,"2025-11-13 09:50:42",131.8
CSWM-01K94J-1,"2025-11-13 09:55:42",135.3
CSWM-01K94J-1,"2025-11-13 10:00:42",97.8
CSWM-01K94J-1,"2025-11-13 10:05:42",114.8
CSWM-01K94J-1,"2025-11-13 10:10:42",66.3
CSWM-01K94J-1,"2025-11-13 10:15:42",114.6
CSWM-01K94J-1,"2025-11-13 10:20:42",60.2
CSWM-01K94J-1,"2025-11-13 10:25:42",84.6
CSWM-01K94J-1,"2025-11-13 10:30:42",138.2
CSWM-01K94J-1,"2025-11-13 10:35:42",132.7
CSWM-01K94J-1,"2025-11-13 10:40:42",69.1
CSWM-01K94J-1,"2025-11-13 10:45:42",151.4
CSWM-01K94J-1,"2025-11-13 10:50:42",123.0
CSWM-01K94J-1,"2025-11-13 10:55:42",101.5
CSWM-01K94J-1,"2025-11-13 11:00:42",149.6
CSWM-01K94J-1,"2025-11-13 11:05:42",100.4
CSWM-01K94J-1,"2025-11-13 11:10:42",98.0
CSWM-01K94J-1,"2025-11-13 11:15:42",75.2
CSWM-01K94J-1,"2025-11-13 11:20:42",137.2
CSWM-01K94J-1,"2025-11-13 11:25:42",111.1
CSWM-01K94J-1,"2025-11-13 11:30:42",99.2
CSWM-01K94J-1,"2025-11-13 11:35:42",82.4
CSWM-01K94J-1,"2025-11-13 11:40:42",152.0
CSWM-01K94J-1,"2025-11-13 11:45:42",86.7
CSWM-01K94J-1,"2025-11-13 11:50:42",128.5
CSWM-01K94J-1,"2025-11-13 11:55:42",118.5
CSWM-01K94J-1,"2025-11-13 12:00:42",74.5
CSWM-01K94J-1,"2025-11-13 12:05:42",112.5
CSWM-01K94J-1,"2025-11-13 12:10:42",136.3
CSWM-01K94J-1,"2025-11-13 12:15:42",95.5
CSWM-01K94J-1,"2025-11-13 12:20:42",115.9
CSWM-01K94J-1,"2025-11-13 12:25:42",87.5
CSWM-01K94J-1,"2025-11-13 12:30:42",91.9
CSWM-01K94J-1,"2025-11-13 12:35:42",77.2
CSWM-01K94J-1,"2025-11-13 12:40:42",73.0
CSWM-01K94J-1,"2025-11-13 12:45:42",160.7
CSWM-01K94J-1,"2025-11-13 12:50:42",123.7
CSWM-01K94J-1,"2025-11-13 12:55:42",88.2
CSWM-01K94J-1,"2025-11-13 13:00:42",80.4
CSWM-01K94J-1,"2025-11-13 13:05:42",148.4
CSWM-01K94J-1,"2025-11-13 13:10:42",149.3
CSWM-01K94J-1,"2025-11-13 13:15:42",110.7
CSWM-01K94J-1,"2025-11-13 13:20:42",134.9
CSWM-01K94J-1,"2025-11-13 13:25:42",118.7
CSWM-01K94J-1,"2025-11-13 13:30:42",81.2
CSWM-01K94J-1,"2025-11-13 13:35:42",82.5
CSWM-01K94J-1,"2025-11-13 13:40:42",131.7
CSWM-01K94J-1,"2025-11-13 13:45:42",140.6
CSWM-01K94J-1,"2025-11-13 13:50:42",73.2
CSWM-01K94J-1,"2025-11-13 13:55:42",139.1
CSWM-01K94J-1,"2025-11-13 14:00:42",149.4
CSWM-01K94J-1,"2025-11-13 14:05:42",52.0
CSWM-01K94J-1,"2025-11-13 14:10:42",114.6
CSWM-01K94J-1,"2025-11-13 14:15:42",86.4
CSWM-01K94J-1,"2025-11-13 14:20:42",103.0
CSWM-01K94J-1,"2025-11-13 14:25:42",98.7
CSWM-01K94J-1,"2025-11-13 14:30:42",108.8
CSWM-01K94J-1,"2025-11-13 14:35:42",136.4
CSWM-01K94J-1,"2025-11-13 14:40:42",72.1
CSWM-01K94J-1,"2025-11-13 14:45:42",129.5
CSWM-01K94J-1,"2025-11-13 14:50:42",96.7
CSWM-01K94J-1,"2025-11-13 14:55:42",133.2
CSWM-01K94J-1,"2025-11-13 15:00:42",69.6
CSWM-01K94J-1,"2025-11-13 15:05:42",89.4
CSWM-01K94J-1,"2025-11-13 15:10:42",133.5
CSWM-01K94J-1,"2025-11-13 15:15:42",134.1
CSWM-01K94J-1,"2025-11-13 15:20:42",69.7
CSWM-01K94J-1,"2025-11-13 15:25:42",67.4
CSWM-01K94J-1,"2025-11-13 15:30:42",147.2
CSWM-01K94J-1,"2025-11-13 15:35:42",153.3
CSWM-01K94J-1,"2025-11-13 15:40:42",100.7
CSWM-01K94J-1,"2025-11-13 15:45:42",87.3
CSWM-01K94J-1,"2025-11-13 15:50:42",131.6
CSWM-01K94J-1,"2025-11-13 15:55:42",123.8
CSWM-01K94J-1,"2025-11-13 16:00:42",111.7
CSWM-01K94J-1,"2025-11-13 16:05:42",155.8
CSWM-01K94J-1,"2025-11-13 16:10:42",139.6
CSWM-01K94J-1,"2025-11-13 16:15:42",120.1
CSWM-01K94J-1,"2025-11-13 16:20:42",116.1
CSWM-01K94J-1,"2025-11-13 16:25:42",117.2
CSWM-01K94J-1,"2025-11-13 16:30:42",129.7
CSWM-01K94J-1,"2025-11-13 16:35:42",134.7
CSWM-01K94J-1,"2025-11-13 16:40:42",102.3
CSWM-01K94J-1,"2025-11-13 16:45:42",130.1
CSWM-01K94J-1,"2025-11-13 16:50:42",161.9
CSWM-01K94J-1,"2025-11-13 16:55:42",140.8
CSWM-01K94J-1,"2025-11-13 17:00:42",140.8
CSWM-01K94J-1,"2025-11-13 17:05:42",120.2
CSWM-01K94J-1,"2025-11-13 17:10:42",93.8
CSWM-01K94J-1,"2025-11-13 17:15:42",115.8
CSWM-01K94J-1,"2025-11-13 17:20:42",105.9
CSWM-01K94J-1,"2025-11-13 17:25:42",72.5
CSWM-01K94J-1,"2025-11-13 17:30:42",151.5
CSWM-01K94J-1,"2025-11-13 17:35:42",118.1
CSWM-01K94J-1,"2025-11-13 17:40:42",108.1
CSWM-01K94J-1,"2025-11-13 17:45:42",95.6
CSWM-01K94J-1,"2025-11-13 17:50:42",63.7
CSWM-01K94J-1,"2025-11-13 17:55:42",141.4
CSWM-01K94J-1,"2025-11-13 18:00:42",100.9
CSWM-01K94J-1,"2025-11-13 18:05:42",111.0
CSWM-01K94J-1,"2025-11-13 18:10:42",147.0
CSWM-01K94J-1,"2025-11-13 18:15:42",132.5
CSWM-01K94J-1,"2025-11-13 18:20:42",146.5
CSWM-01K94J-1,"2025-11-13 18:25:42",131.7
CSWM-01K94J-1,"2025-11-13 18:30:42",80.2
CSWM-01K94J-1,"2025-11-13 18:35:42",139.9
CSWM-01K94J-1,"2025-11-13 18:40:42",78.0
CSWM-01K94J-1,"2025-11-13 18:45:42",151.0
CSWM-01K94J-1,"2025-11-13 18:50:42",77.8
CSWM-01K94J-1,"2025-11-13 18:55:42",88.3
CSWM-01K94J-1,"2025-11-13 19:00:42",74.2
CSWM-01K94J-1,"2025-11-13 19:05:42",94.2
CSWM-01K94J-1,"2025-11-13 19:10:42",129.3
CSWM-01K94J-1,"2025-11-13 19:15:42",153.1
CSWM-01K94J-1,"2025-11-13 19:20:42",121.6
CSWM-01K94J-1,"2025-11-13 19:25:42",142.2
CSWM-01K94J-1,"2025-11-13 19:30:42",103.7
CSWM-01K94J-1,"2025-11-13 19:35:42",104.8
CSWM-01K94J-1,"2025-11-13 19:40:42",103.9
CSWM-01K94J-1,"2025-11-13 19:45:42",103.2
CSWM-01K94J-1,"2025-11-13 19:50:42",103.4
CSWM-01K94J-1,"2025-11-13 19:55:42",127.9
CSWM-01K94J-1,"2025-11-13 20:00:42",97.3
CSWM-01K94J-1,"2025-11-13 20:05:42",138.6
CSWM-01K94J-1,"2025-11-13 20:10:42",111.3
CSWM-01K94J-1,"2025-11-13 20:15:42",115.1
CSWM-01K94J-1,"2025-11-13 20:20:42",87.7
CSWM-01K94J-1,"2025-11-13 20:25:42",137.2
CSWM-01K94J-1,"2025-11-13 20:30:42",115.9
CSWM-01K94J-1,"2025-11-13 20:35:42",165.9
CSWM-01K94J-1,"2025-11-13 20:40:42",117.3
CSWM-01K94J-1,"2025-11-13 20:45:42",62.3
CSWM-01K94J-1,"2025-11-13 20:50:42",95.1
CSWM-01K94J-1,"2025-11-13 20:55:42",147.0
CSWM-01K94J-1,"2025-11-13 21:00:42",129.6
CSWM-01K94J-1,"2025-11-13 21:05:42",151.8
CSWM-01K94J-1,"2025-11-13 21:10:42",63.2
CSWM-01K94J-1,"2025-11-13 21:15:42",84.5
CSWM-01K94J-1,"2025-11-13 21:20:42",158.3
CSWM-01K94J-1,"2025-11-13 21:25:42",121.9
CSWM-01K94J-1,"2025-11-13 21:30:42",136.5
CSWM-01K94J-1,"2025-11-13 21:35:42",112.3
CSWM-01K94J-1,"2025-11-13 21:40:42",70.9
CSWM-01K94J-1,"2025-11-13 21:45:42",70.2
CSWM-01K94J-1,"2025-11-13 21:50:42",113.7
CSWM-01K94J-1,"2025-11-13 21:55:42",144.7
CSWM-01K94J-1,"2025-11-13 22:00:42",119.1
CSWM-01K94J-1,"2025-11-13 22:05:42",136.3
CSWM-01K94J-1,"2025-11-13 22:10:42",165.3
CSWM-01K94J-1,"2025-11-13 22:15:42",159.9
CSWM-01K94J-1,"2025-11-13 22:20:42",133.2
CSWM-01K94J-1,"2025-11-13 22:25:42",55.7
CSWM-01K94J-1,"2025-11-13 22:30:42",78.4
CSWM-01K94J-1,"2025-11-13 22:35:42",82.4
CSWM-01K94J-1,"2025-11-13 22:40:42",139.9
CSWM-01K94J-1,"2025-11-13 22:45:42",91.8
CSWM-01K94J-1,"2025-11-13 22:50:42",82.1
CSWM-01K94J-1,"2025-11-13 22:55:42",108.3
CSWM-01K94J-1,"2025-11-13 23:00:42",58.6
CSWM-01K94J-1,"2025-11-13 23:05:42",121.8
CSWM-01K94J-1,"2025-11-13 23:10:42",139.0
CSWM-01K94J-1,"2025-11-13 23:15:42",88.8
CSWM-01K94J-1,"2025-11-13 23:20:42",106.7
CSWM-01K94J-1,"2025-11-13 23:25:42",68.2
CSWM-01K94J-1,"2025-11-13 23:30:42",103.5
CSWM-01K94J-1,"2025-11-13 23:35:42",82.9
CSWM-01K94J-1,"2025-11-13 23:40:42",93.3
CSWM-01K94J-1,"2025-11-13 23:45:42",112.0
CSWM-01K94J-1,"2025-11-13 23:50:42",128.2
CSWM-01K94J-1,"2025-11-13 23:55:42",134.0
CSWM-01K94J-1,"2025-11-14 00:00:42",123.8
CSWM-01K94J-1,"2025-11-14 00:05:42",81.5
CSWM-01K94J-1,"2025-11-14 00:10:42",130.3
CSWM-01K94J-1,"2025-11-14 00:15:42",58.8
CSWM-01K94J-1,"2025-11-14 00:20:42",119.8
CSWM-01K94J-1,"2025-11-14 00:25:42",148.8
CSWM-01K94J-1,"2025-11-14 00:30:42",87.9
CSWM-01K94J-1,"2025-11-14 00:35:42",69.2
CSWM-01K94J-1,"2025-11-14 00:40:42",159.9
CSWM-01K94J-1,"2025-11-14 00:45:42",88.0
CSWM-01K94J-1,"2025-11-14 00:50:42",111.4
CSWM-01K94J-1,"2025-11-14 00:55:42",132.7
CSWM-01K94J-1,"2025-11-14 01:00:42",140.9
CSWM-01K94J-1,"2025-11-14 01:05:42",101.9
CSWM-01K94J-1,"2025-11-14 01:10:42",130.8
CSWM-01K94J-1,"2025-11-14 01:15:42",130.6
CSWM-01K94J-1,"2025-11-14 01:20:42",105.1
CSWM-01K94J-1,"2025-11-14 01:25:42",129.0
CSWM-01K94J-1,"2025-11-14 01:30:42",135.9
CSWM-01K94J-1,"2025-11-14 01:35:42",104.0
CSWM-01K94J-1,"2025-11-14 01:40:42",141.2
CSWM-01K94J-1,"2025-11-14 01:45:42",108.3
CSWM-01K94J-1,"2025-11-14 01:50:42",113.3
CSWM-01K94J-1,"2025-11-14 01:55:42",112.6
CSWM-01K94J-1,"2025-11-14 02:00:42",125.5
CSWM-01K94J-1,"2025-11-14 02:05:42",103.3
CSWM-01K94J-1,"2025-11-14 02:10:42",152.0
CSWM-01K94J-1,"2025-11-14 02:15:42",114.3
CSWM-01K94J-1,"2025-11-14 02:20:42",95.8
CSWM-01K94J-1,"2025-11-14 02:25:42",62.0
CSWM-01K94J-1,"2025-11-14 02:30:42",140.3
CSWM-01K94J-1,"2025-11-14 02:35:42",102.1
CSWM-01K94J-1,"2025-11-14 02:40:42",130.4
CSWM-01K94J-1,"2025-11-14 02:45:42",118.7
CSWM-01K94J-1,"2025-11-14 02:50:42",132.4
CSWM-01K94J-1,"2025-11-14 02:55:42",81.5
CSWM-01K94J-1,"2025-11-14 03:00:42",156.5
CSWM-01K94J-1,"2025-11-14 03:05:42",117.7
CSWM-01K94J-1,"2025-11-14 03:10:42",122.1
CSWM-01K94J-1,"2025-11-14 03:15:42",103.9
CSWM-01K94J-1,"2025-11-14 03:20:42",110.2
CSWM-01K94J-1,"2025-11-14 03:25:42",72.8
CSWM-01K94J-1,"2025-11-14 03:30:42",137.4
CSWM-01K94J-1,"2025-11-14 03:35:42",87.8
CSWM-01K94J-1,"2025-11-14 03:40:42",108.0
CSWM-01K94J-1,"2025-11-14 03:45:42",155.7
CSWM-01K94J-1,"2025-11-14 03:50:42",90.0
CSWM-01K94J-1,"2025-11-14 03:55:42",134.4
CSWM-01K94J-1,"2025-11-14 04:00:42",134.6
CSWM-01K94J-1,"2025-11-14 04:05:42",52.4
CSWM-01K94J-1,"2025-11-14 04:10:42",128.0
CSWM-01K94J-1,"2025-11-14 04:15:42",97.4
CSWM-01K94J-1,"2025-11-14 04:20:42",73.8
CSWM-01K94J-1,"2025-11-14 04:25:42",71.4
CSWM-01K94J-1,"2025-11-14 04:30:42",147.7
CSWM-01K94J-1,"2025-11-14 04:35:42",130.9
CSWM-01K94J-1,"2025-11-14 04:40:42",78.2
CSWM-01K94J-1,"2025-11-14 04:45:42",153.8
CSWM-01K94J-1,"2025-11-14 04:50:42",95.1
CSWM-01K94J-1,"2025-11-14 04:55:42",134.3
CSWM-01K94J-1,"2025-11-14 05:00:42",50.5
CSWM-01K94J-1,"2025-11-14 05:05:42",113.3
CSWM-01K94J-1,"2025-11-14 05:10:42",100.5
CSWM-01K94J-1,"2025-11-14 05:15:42",110.2
CSWM-01K94J-1,"2025-11-14 05:20:42",58.5
CSWM-01K94J-1,"2025-11-14 05:25:42",94.1
CSWM-01K94J-1,"2025-11-14 05:30:42",98.9
CSWM-01K94J-1,"2025-11-14 05:35:42",121.2
CSWM-01K94J-1,"2025-11-14 05:40:42",52.4
CSWM-01K94J-1,"2025-11-14 05:45:42",73.0
CSWM-01K94J-1,"2025-11-14 05:50:42",154.2
CSWM-01K94J-1,"2025-11-14 05:55:42",106.1
CSWM-01K94J-1,"2025-11-14 06:00:42",134.4
CSWM-01K94J-1,"2025-11-14 06:05:42",134.0
CSWM-01K94J-1,"2025-11-14 06:10:42",158.0
CSWM-01K94J-1,"2025-11-14 06:15:42",109.4
CSWM-01K94J-1,"2025-11-14 06:20:42",117.7
CSWM-01K94J-1,"2025-11-14 06:25:42",117.2
CSWM-01K94J-1,"2025-11-14 06:30:42",108.9
CSWM-01K94J-1,"2025-11-14 06:35:42",66.7
CSWM-01K94J-1,"2025-11-14 06:40:42",83.2
CSWM-01K94J-1,"2025-11-14 06:45:42",128.1
CSWM-01K94J-1,"2025-11-14 06:50:42",77.5
CSWM-01K94J-1,"2025-11-14 06:55:42",150.9
CSWM-01K94J-1,"2025-11-14 07:00:42",115.5
CSWM-01K94J-1,"2025-11-14 07:05:42",115.8
CSWM-01K94J-1,"2025-11-14 07:10:42",134.1
CSWM-01K94J-1,"2025-11-14 07:15:42",107.2
CSWM-01K94J-1,"2025-11-14 07:20:42",138.0
CSWM-01K94J-1,"2025-11-14 07:25:42",86.4
CSWM-01K94J-1,"2025-11-14 07:30:42",140.4
CSWM-01K94J-1,"2025-11-14 07:35:42",120.5
CSWM-01K94J-1,"2025-11-14 07:40:42",135.1
CSWM-01K94J-1,"2025-11-14 07:45:42",161.8
CSWM-01K94J-1,"2025-11-14 07:50:42",96.7
CSWM-01K94J-1,"2025-11-14 07:55:42",137.1
CSWM-01K94J-1,"2025-11-14 08:00:42",94.9
CSWM-01K94J-1,"2025-11-14 08:05:42",99.9
CSWM-01K94J-1,"2025-11-14 08:10:42",100.3
CSWM-01K94J-1,"2025-11-14 08:15:42",129.2
CSWM-01K94J-1,"2025-11-14 08:20:42",100.6
CSWM-01K94J-1,"2025-11-14 08:25:42",85.8
CSWM-01K94J-1,"2025-11-14 08:30:42",131.7
CSWM-01K94J-1,"2025-11-14 08:35:42",122.3
CSWM-01K94J-1,"2025-11-14 08:40:42",103.1
CSWM-01K94J-1,"2025-11-14 08:45:42",91.5
CSWM-01K94J-1,"2025-11-14 08:50:42",143.0
CSWM-01K94J-1,"2025-11-14 08:55:42",91.8
CSWM-01K94J-1,"2025-11-14 09:00:42",143.2
CSWM-01K94J-1,"2025-11-14 09:05:42",133.0
CSWM-01K94J-1,"2025-11-14 09:10:42",84.6
CSWM-01K94J-1,"2025-11-14 09:15:42",128.7
CSWM-01K94J-1,"2025-11-14 09:20:42",82.7
CSWM-01K94J-1,"2025-11-14 09:25:42",113.9
CSWM-01K94J-1,"2025-11-14 09:30:42",136.3
CSWM-01K94J-1,"2025-11-14 09:35:42",70.7
CSWM-01K94J-1,"2025-11-14 09:40:42",144.8
CSWM-01K94J-1,"2025-11-14 09:45:42",105.9
CSWM-01K94J-1,"2025-11-14 09:50:42",115.6
CSWM-01K94J-1,"2025-11-14 09:55:42",113.0
CSWM-01K94J-1,"2025-11-14 10:00:42",139.2
CSWM-01K94J-1,"2025-11-14 10:05:42",98.2
CSWM-01K94J-1,"2025-11-14 10:10:42",103.2
CSWM-01K94J-1,"2025-11-14 10:15:42",121.2
CSWM-01K94J-1,"2025-11-14 10:20:42",107.9
CSWM-01K94J-1,"2025-11-14 10:25:42",123.3
CSWM-01K94J-1,"2025-11-14 10:30:42",158.7
CSWM-01K94J-1,"2025-11-14 10:35:42",99.3
CSWM-01K94J-1,"2025-11-14 10:40:42",82.9
CSWM-01K94J-1,"2025-11-14 10:45:42",114.7
CSWM-01K94J-1,"2025-11-14 10:50:42",84.1
CSWM-01K94J-1,"2025-11-14 10:55:42",129.3
CSWM-01K94J-1,"2025-11-14 11:00:42",123.4
CSWM-01K94J-1,"2025-11-14 11:05:42",125.3
CSWM-01K94J-1,"2025-11-14 11:10:42",110.9
CSWM-01K94J-1,"2025-11-14 11:15:42",125.4
CSWM-01K94J-1,"2025-11-14 11:20:42",143.1
CSWM-01K94J-1,"2025-11-14 11:25:42",92.6
CSWM-01K94J-1,"2025-11-14 11:30:42",100.8
CSWM-01K94J-1,"2025-11-14 11:35:42",57.4
CSWM-01K94J-1,"2025-11-14 11:40:42",122.7
CSWM-01K94J-1,"2025-11-14 11:45:42",130.1
CSWM-01K94J-1,"2025-11-14 11:50:42",136.9
CSWM-01K94J-1,"2025-11-14 11:55:42",104.5
CSWM-01K94J-1,"2025-11-14 12:00:42",113.1
CSWM-01K94J-1,"2025-11-14 12:05:42",111.5
CSWM-01K94J-1,"2025-11-14 12:10:42",114.8
CSWM-01K94J-1,"2025-11-14 12:15:42",107.7
CSWM-01K94J-1,"2025-11-14 12:20:42",74.7
CSWM-01K94J-1,"2025-11-14 12:25:42",118.0
CSWM-01K94J-1,"2025-11-14 12:30:42",111.6
CSWM-01K94J-1,"2025-11-14 12:35:42",125.5
CSWM-01K94J-1,"2025-11-14 12:40:42",118.0
CSWM-01K94J-1,"2025-11-14 12:45:42",116.7
CSWM-01K94J-1,"2025-11-14 12:50:42",125.5
CSWM-01K94J-1,"2025-11-14 12:55:42",128.2
CSWM-01K94J-1,"2025-11-14 13:00:42",133.5
CSWM-01K94J-1,"2025-11-14 13:05:42",114.6
CSWM-01K94J-1,"2025-11-14 13:10:42",93.2
CSWM-01K94J-1,"2025-11-14 13:15:42",125.6
CSWM-01K94J-1,"2025-11-14 13:20:42",116.8
CSWM-01K94J-1,"2025-11-14 13:25:42",72.0
CSWM-01K94J-1,"2025-11-14 13:30:42",93.6
CSWM-01K94J-1,"2025-11-14 13:35:42",85.9
CSWM-01K94J-1,"2025-11-14 13:40:42",95.6
CSWM-01K94J-1,"2025-11-14 13:45:42",73.5
CSWM-01K94J-1,"2025-11-14 13:50:42",104.6
CSWM-01K94J-1,"2025-11-14 13:55:42",126.0
CSWM-01K94J-1,"2025-11-14 14:00:42",125.3
CSWM-01K94J-1,"2025-11-14 14:05:42",118.1
CSWM-01K94J-1,"2025-11-14 14:10:42",111.0
CSWM-01K94J-1,"2025-11-14 14:15:42",153.4
CSWM-01K94J-1,"2025-11-14 14:20:42",104.3
CSWM-01K94J-1,"2025-11-14 14:25:42",143.6
CSWM-01K94J-1,"2025-11-14 14:30:42",112.4
CSWM-01K94J-1,"2025-11-14 14:35:42",141.3
CSWM-01K94J-1,"2025-11-14 14:40:42",64.5
CSWM-01K94J-1,"2025-11-14 14:45:42",112.2
CSWM-01K94J-1,"2025-11-14 14:50:42",139.8
CSWM-01K94J-1,"2025-11-14 14:55:42",97.8
CSWM-01K94J-1,"2025-11-14 15:00:42",100.3
CSWM-01K94J-1,"2025-11-14 15:05:42",68.1
CSWM-01K94J-1,"2025-11-14 15:10:42",143.1
CSWM-01K94J-1,"2025-11-14 15:15:42",113.0
CSWM-01K94J-1,"2025-11-14 15:20:42",109.3
CSWM-01K94J-1,"2025-11-14 15:25:42",123.7
CSWM-01K94J-1,"2025-11-14 15:30:42",139.1
CSWM-01K94J-1,"2025-11-14 15:35:42",128.7
CSWM-01K94J-1,"2025-11-14 15:40:42",144.3
CSWM-01K94J-1,"2025-11-14 15:45:42",101.0
CSWM-01K94J-1,"2025-11-14 15:50:42",131.4
CSWM-01K94J-1,"2025-11-14 15:55:42",141.3
CSWM-01K94J-1,"2025-11-14 16:00:42",160.5
CSWM-01K94J-1,"2025-11-14 16:05:42",147.5
CSWM-01K94J-1,"2025-11-14 16:10:42",108.2
CSWM-01K94J-1,"2025-11-14 16:15:42",110.6
CSWM-01K94J-1,"2025-11-14 16:20:42",85.2
CSWM-01K94J-1,"2025-11-14 16:25:42",152.5
CSWM-01K94J-1,"2025-11-14 16:30:42",103.0
CSWM-01K94J-1,"2025-11-14 16:35:42",106.2
CSWM-01K94J-1,"2025-11-14 16:40:42",104.7
CSWM-01K94J-1,"2025-11-14 16:45:42",104.8
CSWM-01K94J-1,"2025-11-14 16:50:42",127.4
CSWM-01K94J-1,"2025-11-14 16:55:42",108.0
CSWM-01K94J-1,"2025-11-14 17:00:42",90.3
CSWM-01K94J-1,"2025-11-14 17:05:42",91.2
CSWM-01K94J-1,"2025-11-14 17:10:42",86.3
CSWM-01K94J-1,"2025-11-14 17:15:42",100.0
CSWM-01K94J-1,"2025-11-14 17:20:42",121.1
CSWM-01K94J-1,"2025-11-14 17:25:42",103.6
CSWM-01K94J-1,"2025-11-14 17:30:42",94.1
CSWM-01K94J-1,"2025-11-14 17:35:42",138.6
CSWM-01K94J-1,"2025-11-14 17:40:42",100.7
CSWM-01K94J-1,"2025-11-14 17:45:42",121.3
CSWM-01K94J-1,"2025-11-14 17:50:42",159.3
CSWM-01K94J-1,"2025-11-14 17:55:42",129.9
CSWM-01K94J-1,"2025-11-14 18:00:42",140.9
CSWM-01K94J-1,"2025-11-14 18:05:42",101.2
CSWM-01K94J-1,"2025-11-14 18:10:42",90.1
CSWM-01K94J-1,"2025-11-14 18:15:42",62.0
CSWM-01K94J-1,"2025-11-14 18:20:42",115.8
CSWM-01K94J-1,"2025-11-14 18:25:42",88.7
CSWM-01K94J-1,"2025-11-14 18:30:42",59.6
CSWM-01K94J-1,"2025-11-14 18:35:42",86.5
CSWM-01K94J-1,"2025-11-14 18:40:42",143.5
CSWM-01K94J-1,"2025-11-14 18:45:42",149.7
CSWM-01K94J-1,"2025-11-14 18:50:42",93.1
CSWM-01K94J-1,"2025-11-14 18:55:42",138.3
CSWM-01K94J-1,"2025-11-14 19:00:42",109.3
CSWM-01K94J-1,"2025-11-14 19:05:42",104.6
CSWM-01K94J-1,"2025-11-14 19:10:42",65.4
CSWM-01K94J-1,"2025-11-14 19:15:42",117.3
CSWM-01K94J-1,"2025-11-14 19:20:42",130.3
CSWM-01K94J-1,"2025-11-14 19:25:42",141.2
CSWM-01K94J-1,"2025-11-14 19:30:42",102.3
CSWM-01K94J-1,"2025-11-14 19:35:42",103.4
CSWM-01K94J-1,"2025-11-14 19:40:42",130.7
CSWM-01K94J-1,"2025-11-14 19:45:42",93.5
CSWM-01K94J-1,"2025-11-14 19:50:42",89.7
CSWM-01K94J-1,"2025-11-14 19:55:42",128.0
CSWM-01K94J-1,"2025-11-14 20:00:42",127.9
CSWM-01K94J-1,"2025-11-14 20:05:42",100.5
CSWM-01K94J-1,"2025-11-14 20:10:42",100.7
CSWM-01K94J-1,"2025-11-14 20:15:42",130.1
CSWM-01K94J-1,"2025-11-14 20:20:42",92.8
CSWM-01K94J-1,"2025-11-14 20:25:42",130.9
CSWM-01K94J-1,"2025-11-14 20:30:42",78.1
CSWM-01K94J-1,"2025-11-14 20:35:42",137.7
CSWM-01K94J-1,"2025-11-14 20:40:42",145.7
CSWM-01K94J-1,"2025-11-14 20:45:42",131.0
CSWM-01K94J-1,"2025-11-14 20:50:42",134.3
CSWM-01K94J-1,"2025-11-14 20:55:42",112.5
CSWM-01K94J-1,"2025-11-14 21:00:42",101.9
CSWM-01K94J-1,"2025-11-14 21:05:42",73.3
CSWM-01K94J-1,"2025-11-14 21:10:42",83.0
CSWM-01K94J-1,"2025-11-14 21:15:42",130.2
CSWM-01K94J-1,"2025-11-14 21:20:42",115.5
CSWM-01K94J-1,"2025-11-14 21:25:42",72.9
CSWM-01K94J-1,"2025-11-14 21:30:42",83.5
CSWM-01K94J-1,"2025-11-14 21:35:42",103.6
CSWM-01K94J-1,"2025-11-14 21:40:42",102.8
CSWM-01K94J-1,"2025-11-14 21:45:42",90.0
CSWM-01K94J-1,"2025-11-14 21:50:42",144.8
CSWM-01K94J-1,"2025-11-14 21:55:42",70.3
CSWM-01K94J-1,"2025-11-14 22:00:42",80.4
CSWM-01K94J-1,"2025-11-14 22:05:42",138.1
CSWM-01K94J-1,"2025-11-14 22:10:42",85.4
CSWM-01K94J-1,"2025-11-14 22:15:42",86.5
CSWM-01K94J-1,"2025-11-14 22:20:42",134.6
CSWM-01K94J-1,"2025-11-14 22:25:42",106.7
CSWM-01K94J-1,"2025-11-14 22:30:42",58.2
CSWM-01K94J-1,"2025-11-14 22:35:42",85.5
CSWM-01K94J-1,"2025-11-14 22:40:42",141.0
CSWM-01K94J-1,"2025-11-14 22:45:42",122.8
CSWM-01K94J-1,"2025-11-14 22:50:42",123.2
CSWM-01K94J-1,"2025-11-14 22:55:42",73.1
CSWM-01K94J-1,"2025-11-14 23:00:42",129.8
CSWM-01K94J-1,"2025-11-14 23:05:42",121.9
CSWM-01K94J-1,"2025-11-14 23:10:42",123.6
CSWM-01K94J-1,"2025-11-14 23:15:42",124.3
CSWM-01K94J-1,"2025-11-14 23:20:42",126.3
CSWM-01K94J-1,"2025-11-14 23:25:42",141.5
CSWM-01K94J-1,"2025-11-14 23:30:42",132.4
CSWM-01K94J-1,"2025-11-14 23:35:42",112.3
CSWM-01K94J-1,"2025-11-14 23:40:42",104.3
CSWM-01K94J-1,"2025-11-14 23:45:42",142.3
CSWM-01K94J-1,"2025-11-14 23:50:42",65.4
CSWM-01K94J-1,"2025-11-14 23:55:42",114.1
CSWM-01K94J-1,"2025-11-15 00:00:42",71.2
CSWM-01K94J-1,"2025-11-15 00:05:42",128.5
CSWM-01K94J-1,"2025-11-15 00:10:42",144.5
CSWM-01K94J-1,"2025-11-15 00:15:42",64.4
CSWM-01K94J-1,"2025-11-15 00:20:42",133.6
CSWM-01K94J-1,"2025-11-15 00:25:42",121.0
CSWM-01K94J-1,"2025-11-15 00:30:42",84.5
CSWM-01K94J-1,"2025-11-15 00:35:42",78.8
CSWM-01K94J-1,"2025-11-15 00:40:42",68.0
CSWM-01K94J-1,"2025-11-15 00:45:42",123.1
CSWM-01K94J-1,"2025-11-15 00:50:42",154.3
CSWM-01K94J-1,"2025-11-15 00:55:42",97.5
CSWM-01K94J-1,"2025-11-15 01:00:42",81.7
CSWM-01K94J-1,"2025-11-15 01:05:42",97.6
CSWM-01K94J-1,"2025-11-15 01:10:42",155.9
CSWM-01K94J-1,"2025-11-15 01:15:42",90.5
CSWM-01K94J-1,"2025-11-15 01:20:42",92.2
CSWM-01K94J-1,"2025-11-15 01:25:42",136.6
CSWM-01K94J-1,"2025-11-15 01:30:42",68.5
CSWM-01K94J-1,"2025-11-15 01:35:42",111.0
CSWM-01K94J-1,"2025-11-15 01:40:42",139.3
CSWM-01K94J-1,"2025-11-15 01:45:42",113.9
CSWM-01K94J-1,"2025-11-15 01:50:42",126.8
CSWM-01K94J-1,"2025-11-15 01:55:42",121.3
CSWM-01K94J-1,"2025-11-15 02:00:42",83.8
CSWM-01K94J-1,"2025-11-15 02:05:42",146.7
CSWM-01K94J-1,"2025-11-15 02:10:42",138.8
CSWM-01K94J-1,"2025-11-15 02:15:42",130.6
CSWM-01K94J-1,"2025-11-15 02:20:42",72.5
CSWM-01K94J-1,"2025-11-15 02:25:42",63.9
CSWM-01K94J-1,"2025-11-15 02:30:42",102.2
CSWM-01K94J-1,"2025-11-15 02:35:42",152.1
CSWM-01K94J-1,"2025-11-15 02:40:42",82.7
CSWM-01K94J-1,"2025-11-15 02:45:42",140.7
CSWM-01K94J-1,"2025-11-15 02:50:42",122.1
CSWM-01K94J-1,"2025-11-15 02:55:42",121.8
CSWM-01K94J-1,"2025-11-15 03:00:42",125.8
CSWM-01K94J-1,"2025-11-15 03:05:42",99.5
CSWM-01K94J-1,"2025-11-15 03:10:42",80.5
CSWM-01K94J-1,"2025-11-15 03:15:42",165.6
CSWM-01K94J-1,"2025-11-15 03:20:42",106.9
CSWM-01K94J-1,"2025-11-15 03:25:42",109.7
CSWM-01K94J-1,"2025-11-15 03:30:42",123.1
CSWM-01K94J-1,"2025-11-15 03:35:42",98.5
CSWM-01K94J-1,"2025-11-15 03:40:42",119.3
CSWM-01K94J-1,"2025-11-15 03:45:42",116.1
CSWM-01K94J-1,"2025-11-15 03:50:42",139.0
CSWM-01K94J-1,"2025-11-15 03:55:42",100.5
CSWM-01K94J-1,"2025-11-15 04:00:42",72.1
CSWM-01K94J-1,"2025-11-15 04:05:42",106.0
CSWM-01K94J-1,"2025-11-15 04:10:42",152.5
CSWM-01K94J-1,"2025-11-15 04:15:42",124.5
CSWM-01K94J-1,"2025-11-15 04:20:42",95.3
CSWM-01K94J-1,"2025-11-15 04:25:42",107.7
CSWM-01K94J-1,"2025-11-15 04:30:42",112.4
CSWM-01K94J-1,"2025-11-15 04:35:42",125.2
CSWM-01K94J-1,"2025-11-15 04:40:42",130.8
CSWM-01K94J-1,"2025-11-15 04:45:42",80.4
CSWM-01K94J-1,"2025-11-15 04:50:42",118.8
CSWM-01K94J-1,"2025-11-15 04:55:42",110.0
CSWM-01K94J-1,"2025-11-15 05:00:42",59.5
CSWM-01K94J-1,"2025-11-15 05:05:42",114.4
CSWM-01K94J-1,"2025-11-15 05:10:42",137.9
CSWM-01K94J-1,"2025-11-15 05:15:42",78.5
CSWM-01K94J-1,"2025-11-15 05:20:42",76.0
CSWM-01K94J-1,"2025-11-15 05:25:42",158.6
CSWM-01K94J-1,"2025-11-15 05:30:42",103.5
CSWM-01K94J-1,"2025-11-15 05:35:42",114.4
CSWM-01K94J-1,"2025-11-15 05:40:42",140.6
CSWM-01K94J-1,"2025-11-15 05:45:42",99.7
CSWM-01K94J-1,"2025-11-15 05:50:42",141.9
CSWM-01K94J-1,"2025-11-15 05:55:42",118.6
CSWM-01K94J-1,"2025-11-15 06:00:42",145.6
CSWM-01K94J-1,"2025-11-15 06:05:42",95.3
CSWM-01K94J-1,"2025-11-15 06:10:42",103.6
CSWM-01K94J-1,"2025-11-15 06:15:42",138.3
CSWM-01K94J-1,"2025-11-15 06:20:42",99.5
CSWM-01K94J-1,"2025-11-15 06:25:42",108.9
CSWM-01K94J-1,"2025-11-15 06:30:42",141.7
CSWM-01K94J-1,"2025-11-15 06:35:42",142.9
CSWM-01K94J-1,"2025-11-15 06:40:42",76.9
CSWM-01K94J-1,"2025-11-15 06:45:42",70.1
CSWM-01K94J-1,"2025-11-15 06:50:42",125.4
CSWM-01K94J-1,"2025-11-15 06:55:42",126.0
CSWM-01K94J-1,"2025-11-15 07:00:42",124.2
CSWM-01K94J-1,"2025-11-15 07:05:42",136.4
CSWM-01K94J-1,"2025-11-15 07:10:42",127.3
CSWM-01K94J-1,"2025-11-15 07:15:42",131.9
CSWM-01K94J-1,"2025-11-15 07:20:42",85.4
CSWM-01K94J-1,"2025-11-15 07:25:42",96.3
CSWM-01K94J-1,"2025-11-15 07:30:42",115.4
CSWM-01K94J-1,"2025-11-15 07:35:42",105.8
CSWM-01K94J-1,"2025-11-15 07:40:42",90.2
CSWM-01K94J-1,"2025-11-15 07:45:42",135.6
CSWM-01K94J-1,"2025-11-15 07:50:42",107.1
CSWM-01K94J-1,"2025-11-15 07:55:42",133.7
CSWM-01K94J-1,"2025-11-15 08:00:42",112.0
CSWM-01K94J-1,"2025-11-15 08:05:42",58.3
CSWM-01K94J-1,"2025-11-15 08:10:42",106.4
CSWM-01K94J-1,"2025-11-15 08:15:42",119.3
CSWM-01K94J-1,"2025-11-15 08:20:42",121.7
CSWM-01K94J-1,"2025-11-15 08:25:42",86.7
CSWM-01K94J-1,"2025-11-15 08:30:42",82.1
CSWM-01K94J-1,"2025-11-15 08:35:42",146.9
CSWM-01K94J-1,"2025-11-15 08:40:42",95.4
CSWM-01K94J-1,"2025-11-15 08:45:42",108.5
CSWM-01K94J-1,"2025-11-15 08:50:42",87.9
CSWM-01K94J-1,"2025-11-15 08:55:42",105.8
CSWM-01K94J-1,"2025-11-15 09:00:42",91.0
CSWM-01K94J-1,"2025-11-15 09:05:42",134.8
CSWM-01K94J-1,"2025-11-15 09:10:42",125.5
CSWM-01K94J-1,"2025-11-15 09:15:42",165.6
CSWM-01K94J-1,"2025-11-15 09:20:42",96.8
CSWM-01K94J-1,"2025-11-15 09:25:42",130.6
CSWM-01K94J-1,"2025-11-15 09:30:42",56.6
CSWM-01K94J-1,"2025-11-15 09:35:42",110.7
CSWM-01K94J-1,"2025-11-15 09:40:42",116.6
CSWM-01K94J-1,"2025-11-15 09:45:42",83.5
CSWM-01K94J-1,"2025-11-15 09:50:42",110.6
CSWM-01K94J-1,"2025-11-15 09:55:42",136.0
CSWM-01K94J-1,"2025-11-15 10:00:42",111.9
CSWM-01K94J-1,"2025-11-15 10:05:42",100.6
CSWM-01K94J-1,"2025-11-15 10:10:42",141.6
CSWM-01K94J-1,"2025-11-15 10:15:42",83.9
CSWM-01K94J-1,"2025-11-15 10:20:42",144.1
CSWM-01K94J-1,"2025-11-15 10:25:42",65.7
CSWM-01K94J-1,"2025-11-15 10:30:42",122.9
CSWM-01K94J-1,"2025-11-15 10:35:42",82.0
CSWM-01K94J-1,"2025-11-15 10:40:42",151.1
CSWM-01K94J-1,"2025-11-15 10:45:42",110.7
CSWM-01K94J-1,"2025-11-15 10:50:42",81.9
CSWM-01K94J-1,"2025-11-15 10:55:42",120.2
CSWM-01K94J-1,"2025-11-15 11:00:42",101.7
CSWM-01K94J-1,"2025-11-15 11:05:42",137.8
CSWM-01K94J-1,"2025-11-15 11:10:42",156.4
CSWM-01K94J-1,"2025-11-15 11:15:42",137.5
CSWM-01K94J-1,"2025-11-15 11:20:42",86.7
CSWM-01K94J-1,"2025-11-15 11:25:42",71.9
CSWM-01K94J-1,"2025-11-15 11:30:42",125.4
CSWM-01K94J-1,"2025-11-15 11:35:42",131.5
CSWM-01K94J-1,"2025-11-15 11:40:42",107.0
CSWM-01K94J-1,"2025-11-15 11:45:42",114.5
CSWM-01K94J-1,"2025-11-15 11:50:42",81.2
CSWM-01K94J-1,"2025-11-15 11:55:42",95.6
CSWM-01K94J-1,"2025-11-15 12:00:42",110.0
CSWM-01K94J-1,"2025-11-15 12:05:42",120.4
CSWM-01K94J-1,"2025-11-15 12:10:42",128.9
CSWM-01K94J-1,"2025-11-15 12:15:42",133.2
CSWM-01K94J-1,"2025-11-15 12:20:42",125.7
CSWM-01K94J-1,"2025-11-15 12:25:42",98.7
CSWM-01K94J-1,"2025-11-15 12:30:42",98.3
CSWM-01K94J-1,"2025-11-15 12:35:42",75.9
CSWM-01K94J-1,"2025-11-15 12:40:42",125.7
CSWM-01K94J-1,"2025-11-15 12:45:42",141.0
CSWM-01K94J-1,"2025-11-15 12:50:42",148.4
CSWM-01K94J-1,"2025-11-15 12:55:42",85.5
CSWM-01K94J-1,"2025-11-15 13:00:42",119.7
CSWM-01K94J-1,"2025-11-15 13:05:42",135.5
CSWM-01K94J-1,"2025-11-15 13:10:42",124.7
CSWM-01K94J-1,"2025-11-15 13:15:42",107.6
CSWM-01K94J-1,"2025-11-15 13:20:42",66.9
CSWM-01K94J-1,"2025-11-15 13:25:42",91.8
CSWM-01K94J-1,"2025-11-15 13:30:42",91.9
CSWM-01K94J-1,"2025-11-15 13:35:42",103.4
CSWM-01K94J-1,"2025-11-15 13:40:42",116.1
CSWM-01K94J-1,"2025-11-15 13:45:42",144.7
CSWM-01K94J-1,"2025-11-15 13:50:42",71.6
CSWM-01K94J-1,"2025-11-15 13:55:42",96.4
CSWM-01K94J-1,"2025-11-15 14:00:42",142.2
CSWM-01K94J-1,"2025-11-15 14:05:42",123.2
CSWM-01K94J-1,"2025-11-15 14:10:42",135.0
CSWM-01K94J-1,"2025-11-15 14:15:42",96.2
CSWM-01K94J-1,"2025-11-15 14:20:42",125.2
CSWM-01K94J-1,"2025-11-15 14:25:42",96.1
CSWM-01K94J-1,"2025-11-15 14:30:42",138.8
CSWM-01K94J-1,"2025-11-15 14:35:42",78.7
CSWM-01K94J-1,"2025-11-15 14:40:42",115.2
CSWM-01K94J-1,"2025-11-15 14:45:42",144.4
CSWM-01K94J-1,"2025-11-15 14:50:42",91.5
CSWM-01K94J-1,"2025-11-15 14:55:42",139.7
CSWM-01K94J-1,"2025-11-15 15:00:42",76.9
CSWM-01K94J-1,"2025-11-15 15:05:42",85.6
CSWM-01K94J-1,"2025-11-15 15:10:42",87.9
CSWM-01K94J-1,"2025-11-15 15:15:42",81.2
CSWM-01K94J-1,"2025-11-15 15:20:42",127.0
CSWM-01K94J-1,"2025-11-15 15:25:42",139.8
CSWM-01K94J-1,"2025-11-15 15:30:42",134.5
CSWM-01K94J-1,"2025-11-15 15:35:42",113.7
CSWM-01K94J-1,"2025-11-15 15:40:42",134.2
CSWM-01K94J-1,"2025-11-15 15:45:42",102.0
CSWM-01K94J-1,"2025-11-15 15:50:42",129.0
CSWM-01K94J-1,"2025-11-15 15:55:42",97.0
CSWM-01K94J-1,"2025-11-15 16:00:42",120.0
CSWM-01K94J-1,"2025-11-15 16:05:42",103.8
CSWM-01K94J-1,"2025-11-15 16:10:42",63.4
CSWM-01K94J-1,"2025-11-15 16:15:42",73.9
CSWM-01K94J-1,"2025-11-15 16:20:42",129.4
CSWM-01K94J-1,"2025-11-15 16:25:42",81.0
CSWM-01K94J-1,"2025-11-15 16:30:42",157.5
CSWM-01K94J-1,"2025-11-15 16:35:42",124.8
CSWM-01K94J-1,"2025-11-15 16:40:42",108.8
CSWM-01K94J-1,"2025-11-15 16:45:42",133.8
CSWM-01K94J-1,"2025-11-15 16:50:42",107.5
CSWM-01K94J-1,"2025-11-15 16:55:42",122.2
CSWM-01K94J-1,"2025-11-15 17:00:42",109.0
CSWM-01K94J-1,"2025-11-15 17:05:42",120.3
CSWM-01K94J-1,"2025-11-15 17:10:42",113.5
CSWM-01K94J-1,"2025-11-15 17:15:42",160.7
CSWM-01K94J-1,"2025-11-15 17:20:42",133.3
CSWM-01K94J-1,"2025-11-15 17:25:42",72.8
CSWM-01K94J-1,"2025-11-15 17:30:42",77.6
CSWM-01K94J-1,"2025-11-15 17:35:42",122.7
CSWM-01K94J-1,"2025-11-15 17:40:42",127.6
CSWM-01K94J-1,"2025-11-15 17:45:42",103.5
CSWM-01K94J-1,"2025-11-15 17:50:42",136.5
CSWM-01K94J-1,"2025-11-15 17:55:42",84.2
CSWM-01K94J-1,"2025-11-15 18:00:42",144.4
CSWM-01K94J-1,"2025-11-15 18:05:42",77.1
CSWM-01K94J-1,"2025-11-15 18:10:42",145.5
CSWM-01K94J-1,"2025-11-15 18:15:42",135.4
CSWM-01K94J-1,"2025-11-15 18:20:42",132.2
CSWM-01K94J-1,"2025-11-15 18:25:42",77.0
CSWM-01K94J-1,"2025-11-15 18:30:42",104.5
CSWM-01K94J-1,"2025-11-15 18:35:42",122.6
CSWM-01K94J-1,"2025-11-15 18:40:42",99.8
CSWM-01K94J-1,"2025-11-15 18:45:42",90.8
CSWM-01K94J-1,"2025-11-15 18:50:42",74.5
CSWM-01K94J-1,"2025-11-15 18:55:42",81.7
CSWM-01K94J-1,"2025-11-15 19:00:42",99.1
CSWM-01K94J-1,"2025-11-15 19:05:42",125.8
CSWM-01K94J-1,"2025-11-15 19:10:42",78.4
CSWM-01K94J-1,"2025-11-15 19:15:42",102.6
CSWM-01K94J-1,"2025-11-15 19:20:42",150.4
CSWM-01K94J-1,"2025-11-15 19:25:42",90.0
CSWM-01K94J-1,"2025-11-15 19:30:42",114.9
CSWM-01K94J-1,"2025-11-15 19:35:42",114.8
CSWM-01K94J-1,"2025-11-15 19:40:42",98.7
CSWM-01K94J-1,"2025-11-15 19:45:42",136.7
CSWM-01K94J-1,"2025-11-15 19:50:42",97.6
CSWM-01K94J-1,"2025-11-15 19:55:42",72.4
CSWM-01K94J-1,"2025-11-15 20:00:42",135.3
CSWM-01K94J-1,"2025-11-15 20:05:42",156.8
CSWM-01K94J-1,"2025-11-15 20:10:42",91.0
CSWM-01K94J-1,"2025-11-15 20:15:42",63.7
CSWM-01K94J-1,"2025-11-15 20:20:42",155.6
CSWM-01K94J-1,"2025-11-15 20:25:42",94.6
CSWM-01K94J-1,"2025-11-15 20:30:42",139.2
CSWM-01K94J-1,"2025-11-15 20:35:42",119.3
CSWM-01K94J-1,"2025-11-15 20:40:42",94.8
CSWM-01K94J-1,"2025-11-15 20:45:42",62.3
CSWM-01K94J-1,"2025-11-15 20:50:42",104.1
CSWM-01K94J-1,"2025-11-15 20:55:42",64.9
CSWM-01K94J-1,"2025-11-15 21:00:42",108.1
CSWM-01K94J-1,"2025-11-15 21:05:42",66.9
CSWM-01K94J-1,"2025-11-15 21:10:42",71.4
CSWM-01K94J-1,"2025-11-15 21:15:42",113.3
CSWM-01K94J-1,"2025-11-15 21:20:42",137.1
CSWM-01K94J-1,"2025-11-15 21:25:42",145.3
CSWM-01K94J-1,"2025-11-15 21:30:42",64.7
CSWM-01K94J-1,"2025-11-15 21:35:42",112.0
CSWM-01K94J-1,"2025-11-15 21:40:42",124.0
CSWM-01K94J-1,"2025-11-15 21:45:42",128.8
CSWM-01K94J-1,"2025-11-15 21:50:42",61.0
CSWM-01K94J-1,"2025-11-15 21:55:42",73.3
CSWM-01K94J-1,"2025-11-15 22:00:42",123.3
CSWM-01K94J-1,"2025-11-15 22:05:42",110.3
CSWM-01K94J-1,"2025-11-15 22:10:42",112.1
CSWM-01K94J-1,"2025-11-15 22:15:42",121.0
CSWM-01K94J-1,"2025-11-15 22:20:42",70.1
CSWM-01K94J-1,"2025-11-15 22:25:42",163.3
CSWM-01K94J-1,"2025-11-15 22:30:42",118.5
CSWM-01K94J-1,"2025-11-15 22:35:42",138.1
CSWM-01K94J-1,"2025-11-15 22:40:42",120.0
CSWM-01K94J-1,"2025-11-15 22:45:42",70.1
CSWM-01K94J-1,"2025-11-15 22:50:42",119.2
CSWM-01K94J-1,"2025-11-15 22:55:42",101.3
CSWM-01K94J-1,"2025-11-15 23:00:42",107.9
CSWM-01K94J-1,"2025-11-15 23:05:42",127.6
CSWM-01K94J-1,"2025-11-15 23:10:42",111.8
CSWM-01K94J-1,"2025-11-15 23:15:42",104.4
CSWM-01K94J-1,"2025-11-15 23:20:42",83.2
CSWM-01K94J-1,"2025-11-15 23:25:42",124.2
CSWM-01K94J-1,"2025-11-15 23:30:42",130.4
CSWM-01K94J-1,"2025-11-15 23:35:42",95.1
CSWM-01K94J-1,"2025-11-15 23:40:42",121.9
CSWM-01K94J-1,"2025-11-15 23:45:42",159.4
CSWM-01K94J-1,"2025-11-15 23:50:42",103.8
CSWM-01K94J-1,"2025-11-15 23:55:42",118.7
CSWM-01K94J-1,"2025-11-16 00:00:42",121.3
CSWM-01K94J-1,"2025-11-16 00:05:42",116.8
CSWM-01K94J-1,"2025-11-16 00:10:42",92.3
CSWM-01K94J-1,"2025-11-16 00:15:42",147.7
CSWM-01K94J-1,"2025-11-16 00:20:42",90.8
CSWM-01K94J-1,"2025-11-16 00:25:42",73.5
CSWM-01K94J-1,"2025-11-16 00:30:42",60.8
CSWM-01K94J-1,"2025-11-16 00:35:42",102.7
CSWM-01K94J-1,"2025-11-16 00:40:42",154.2
CSWM-01K94J-1,"2025-11-16 00:45:42",155.6
CSWM-01K94J-1,"2025-11-16 00:50:42",94.1
CSWM-01K94J-1,"2025-11-16 00:55:42",71.4
CSWM-01K94J-1,"2025-11-16 01:00:42",130.5
CSWM-01K94J-1,"2025-11-16 01:05:42",105.4
CSWM-01K94J-1,"2025-11-16 01:10:42",76.7
CSWM-01K94J-1,"2025-11-16 01:15:42",95.6
CSWM-01K94J-1,"2025-11-16 01:20:42",140.6
CSWM-01K94J-1,"2025-11-16 01:25:42",131.4
CSWM-01K94J-1,"2025-11-16 01:30:42",93.1
CSWM-01K94J-1,"2025-11-16 01:35:42",78.8
CSWM-01K94J-1,"2025-11-16 01:40:42",137.8
CSWM-01K94J-1,"2025-11-16 01:45:42",75.5
CSWM-01K94J-1,"2025-11-16 01:50:42",136.3
CSWM-01K94J-1,"2025-11-16 01:55:42",83.3
CSWM-01K94J-1,"2025-11-16 02:00:42",116.8
CSWM-01K94J-1,"2025-11-16 02:05:42",111.9
CSWM-01K94J-1,"2025-11-16 02:10:42",111.7
CSWM-01K94J-1,"2025-11-16 02:15:42",131.1
CSWM-01K94J-1,"2025-11-16 02:20:42",135.8
CSWM-01K94J-1,"2025-11-16 02:25:42",111.4
CSWM-01K94J-1,"2025-11-16 02:30:42",114.7
CSWM-01K94J-1,"2025-11-16 02:35:42",91.3
CSWM-01K94J-1,"2025-11-16 02:40:42",90.6
CSWM-01K94J-1,"2025-11-16 02:45:42",130.8
CSWM-01K94J-1,"2025-11-16 02:50:42",68.9
CSWM-01K94J-1,"2025-11-16 02:55:42",146.1
CSWM-01K94J-1,"2025-11-16 03:00:42",113.2
CSWM-01K94J-1,"2025-11-16 03:05:42",102.7
CSWM-01K94J-1,"2025-11-16 03:10:42",109.5
CSWM-01K94J-1,"2025-11-16 03:15:42",112.9
CSWM-01K94J-1,"2025-11-16 03:20:42",130.8
CSWM-01K94J-1,"2025-11-16 03:25:42",67.2
CSWM-01K94J-1,"2025-11-16 03:30:42",118.0
CSWM-01K94J-1,"2025-11-16 03:35:42",129.3
CSWM-01K94J-1,"2025-11-16 03:40:42",70.6
CSWM-01K94J-1,"2025-11-16 03:45:42",110.5
CSWM-01K94J-1,"2025-11-16 03:50:42",93.7
CSWM-01K94J-1,"2025-11-16 03:55:42",99.7
CSWM-01K94J-1,"2025-11-16 04:00:42",95.7
CSWM-01K94J-1,"2025-11-16 04:05:42",84.0
CSWM-01K94J-1,"2025-11-16 04:10:42",141.3
CSWM-01K94J-1,"2025-11-16 04:15:42",69.0
CSWM-01K94J-1,"2025-11-16 04:20:42",72.9
CSWM-01K94J-1,"2025-11-16 04:25:42",70.2
CSWM-01K94J-1,"2025-11-16 04:30:42",133.4
CSWM-01K94J-1,"2025-11-16 04:35:42",117.7
CSWM-01K94J-1,"2025-11-16 04:40:42",113.4
CSWM-01K94J-1,"2025-11-16 04:45:42",142.1
CSWM-01K94J-1,"2025-11-16 04:50:42",118.1
CSWM-01K94J-1,"2025-11-16 04:55:42",114.7
CSWM-01K94J-1,"2025-11-16 05:00:42",136.0
CSWM-01K94J-1,"2025-11-16 05:05:42",93.1
CSWM-01K94J-1,"2025-11-16 05:10:42",67.6
CSWM-01K94J-1,"2025-11-16 05:15:42",80.2
CSWM-01K94J-1,"2025-11-16 05:20:42",63.6
CSWM-01K94J-1,"2025-11-16 05:25:42",126.3
CSWM-01K94J-1,"2025-11-16 05:30:42",127.2
CSWM-01K94J-1,"2025-11-16 05:35:42",146.8
CSWM-01K94J-1,"2025-11-16 05:40:42",139.6
CSWM-01K94J-1,"2025-11-16 05:45:42",128.4
CSWM-01K94J-1,"2025-11-16 05:50:42",118.2
CSWM-01K94J-1,"2025-11-16 05:55:42",71.5
CSWM-01K94J-1,"2025-11-16 06:00:42",120.1
CSWM-01K94J-1,"2025-11-16 06:05:42",70.2
CSWM-01K94J-1,"2025-11-16 06:10:42",111.1
CSWM-01K94J-1,"2025-11-16 06:15:42",152.1
CSWM-01K94J-1,"2025-11-16 06:20:42",136.2
CSWM-01K94J-1,"2025-11-16 06:25:42",83.6
CSWM-01K94J-1,"2025-11-16 06:30:42",117.1
CSWM-01K94J-1,"2025-11-16 06:35:42",102.4
CSWM-01K94J-1,"2025-11-16 06:40:42",84.2
CSWM-01K94J-1,"2025-11-16 06:45:42",115.0
CSWM-01K94J-1,"2025-11-16 06:50:42",115.3
CSWM-01K94J-1,"2025-11-16 06:55:42",83.6
CSWM-01K94J-1,"2025-11-16 07:00:42",90.0
CSWM-01K94J-1,"2025-11-16 07:05:42",129.1
CSWM-01K94J-1,"2025-11-16 07:10:42",115.2
CSWM-01K94J-1,"2025-11-16 07:15:42",148.2
CSWM-01K94J-1,"2025-11-16 07:20:42",106.6
CSWM-01K94J-1,"2025-11-16 07:25:42",126.8
CSWM-01K94J-1,"2025-11-16 07:30:42",101.6
CSWM-01K94J-1,"2025-11-16 07:35:42",128.6
CSWM-01K94J-1,"2025-11-16 07:40:42",115.9
CSWM-01K94J-1,"2025-11-16 07:45:42",118.8
CSWM-01K94J-1,"2025-11-16 07:50:42",122.0
CSWM-01K94J-1,"2025-11-16 07:55:42",102.6
CSWM-01K94J-1,"2025-11-16 08:00:42",81.4
CSWM-01K94J-1,"2025-11-16 08:05:42",54.3
CSWM-01K94J-1,"2025-11-16 08:10:42",139.5
CSWM-01K94J-1,"2025-11-16 08:15:42",144.2
CSWM-01K94J-1,"2025-11-16 08:20:42",110.4
CSWM-01K94J-1,"2025-11-16 08:25:42",85.2
CSWM-01K94J-1,"2025-11-16 08:30:42",93.4
CSWM-01K94J-1,"2025-11-16 08:35:42",136.3
CSWM-01K94J-1,"2025-11-16 08:40:42",59.4
CSWM-01K94J-1,"2025-11-16 08:45:42",115.3
CSWM-01K94J-1,"2025-11-16 08:50:42",104.5
CSWM-01K94J-1,"2025-11-16 08:55:42",92.8
CSWM-01K94J-1,"2025-11-16 09:00:42",122.4
CSWM-01K94J-1,"2025-11-16 09:05:42",96.6
CSWM-01K94J-1,"2025-11-16 09:10:42",72.9
CSWM-01K94J-1,"2025-11-16 09:15:42",122.9
CSWM-01K94J-1,"2025-11-16 09:20:42",110.7
CSWM-01K94J-1,"2025-11-16 09:25:42",98.9
CSWM-01K94J-1,"2025-11-16 09:30:42",93.2
CSWM-01K94J-1,"2025-11-16 09:35:42",140.5
CSWM-01K94J-1,"2025-11-16 09:40:42",120.3
CSWM-01K94J-1,"2025-11-16 09:45:42",99.2
CSWM-01K94J-1,"2025-11-16 09:50:42",133.9
CSWM-01K94J-1,"2025-11-16 09:55:42",103.3
CSWM-01K94J-1,"2025-11-16 10:00:42",96.8
CSWM-01K94J-1,"2025-11-16 10:05:42",121.2
CSWM-01K94J-1,"2025-11-16 10:10:42",113.8
CSWM-01K94J-1,"2025-11-16 10:15:42",73.2
CSWM-01K94J-1,"2025-11-16 10:20:42",95.2
CSWM-01K94J-1,"2025-11-16 10:25:42",87.0
CSWM-01K94J-1,"2025-11-16 10:30:42",128.9
CSWM-01K94J-1,"2025-11-16 10:35:42",112.9
CSWM-01K94J-1,"2025-11-16 10:40:42",76.4
CSWM-01K94J-1,"2025-11-16 10:45:42",83.9
CSWM-01K94J-1,"2025-11-16 10:50:42",116.1
CSWM-01K94J-1,"2025-11-16 10:55:42",80.9
CSWM-01K94J-1,"2025-11-16 11:00:42",80.4
CSWM-01K94J-1,"2025-11-16 11:05:42",116.5
CSWM-01K94J-1,"2025-11-16 11:10:42",100.1
CSWM-01K94J-1,"2025-11-16 11:15:42",136.7
CSWM-01K94J-1,"2025-11-16 11:20:42",88.4
CSWM-01K94J-1,"2025-11-16 11:25:42",137.2
CSWM-01K94J-1,"2025-11-16 11:30:42",129.2
CSWM-01K94J-1,"2025-11-16 11:35:42",149.7
CSWM-01K94J-1,"2025-11-16 11:40:42",120.7
CSWM-01K94J-1,"2025-11-16 11:45:42",104.2
CSWM-01K94J-1,"2025-11-16 11:50:42",117.0
CSWM-01K94J-1,"2025-11-16 11:55:42",72.1
CSWM-01K94J-1,"2025-11-16 12:00:42",66.1
CSWM-01K94J-1,"2025-11-16 12:05:42",117.0
CSWM-01K94J-1,"2025-11-16 12:10:42",87.3
CSWM-01K94J-1,"2025-11-16 12:15:42",143.9
CSWM-01K94J-1,"2025-11-16 12:20:42",141.8
CSWM-01K94J-1,"2025-11-16 12:25:42",147.6
CSWM-01K94J-1,"2025-11-16 12:30:42",94.1
CSWM-01K94J-1,"2025-11-16 12:35:42",77.2
CSWM-01K94J-1,"2025-11-16 12:40:42",85.5
CSWM-01K94J-1,"2025-11-16 12:45:42",87.1
CSWM-01K94J-1,"2025-11-16 12:50:42",123.0
CSWM-01K94J-1,"2025-11-16 12:55:42",71.9
CSWM-01K94J-1,"2025-11-16 13:00:42",130.0
CSWM-01K94J-1,"2025-11-16 13:05:42",113.7
CSWM-01K94J-1,"2025-11-16 13:10:42",123.6
CSWM-01K94J-1,"2025-11-16 13:15:42",82.9
CSWM-01K94J-1,"2025-11-16 13:20:42",91.3
CSWM-01K94J-1,"2025-11-16 13:25:42",156.3
CSWM-01K94J-1,"2025-11-16 13:30:42",129.5
CSWM-01K94J-1,"2025-11-16 13:35:42",133.3
CSWM-01K94J-1,"2025-11-16 13:40:42",113.0
CSWM-01K94J-1,"2025-11-16 13:45:42",83.8
CSWM-01K94J-1,"2025-11-16 13:50:42",82.5
CSWM-01K94J-1,"2025-11-16 13:55:42",118.5
CSWM-01K94J-1,"2025-11-16 14:00:42",51.8
CSWM-01K94J-1,"2025-11-16 14:05:42",164.5
CSWM-01K94J-1,"2025-11-16 14:10:42",139.3
CSWM-01K94J-1,"2025-11-16 14:15:42",124.9
CSWM-01K94J-1,"2025-11-16 14:20:42",136.6
CSWM-01K94J-1,"2025-11-16 14:25:42",96.8
CSWM-01K94J-1,"2025-11-16 14:30:42",99.0
CSWM-01K94J-1,"2025-11-16 14:35:42",103.9
CSWM-01K94J-1,"2025-11-16 14:40:42",129.9
CSWM-01K94J-1,"2025-11-16 14:45:42",133.3
CSWM-01K94J-1,"2025-11-16 14:50:42",98.6
CSWM-01K94J-1,"2025-11-16 14:55:42",94.0
CSWM-01K94J-1,"2025-11-16 15:00:42",96.5
CSWM-01K94J-1,"2025-11-16 15:05:42",57.5
CSWM-01K94J-1,"2025-11-16 15:10:42",122.8
CSWM-01K94J-1,"2025-11-16 15:15:42",87.2
CSWM-01K94J-1,"2025-11-16 15:20:42",135.0
CSWM-01K94J-1,"2025-11-16 15:25:42",102.3
CSWM-01K94J-1,"2025-11-16 15:30:42",141.4
CSWM-01K94J-1,"2025-11-16 15:35:42",139.3
CSWM-01K94J-1,"2025-11-16 15:40:42",140.8
CSWM-01K94J-1,"2025-11-16 15:45:42",119.6
CSWM-01K94J-1,"2025-11-16 15:50:42",133.5
CSWM-01K94J-1,"2025-11-16 15:55:42",82.8
CSWM-01K94J-1,"2025-11-16 16:00:42",127.1
CSWM-01K94J-1,"2025-11-16 16:05:42",68.7
CSWM-01K94J-1,"2025-11-16 16:10:42",123.8
CSWM-01K94J-1,"2025-11-16 16:15:42",153.5
CSWM-01K94J-1,"2025-11-16 16:20:42",116.2
CSWM-01K94J-1,"2025-11-16 16:25:42",118.3
CSWM-01K94J-1,"2025-11-16 16:30:42",88.5
CSWM-01K94J-1,"2025-11-16 16:35:42",66.3
CSWM-01K94J-1,"2025-11-16 16:40:42",117.7
CSWM-01K94J-1,"2025-11-16 16:45:42",112.1
CSWM-01K94J-1,"2025-11-16 16:50:42",57.0
CSWM-01K94J-1,"2025-11-16 16:55:42",111.5
CSWM-01K94J-1,"2025-11-16 17:00:42",117.4
CSWM-01K94J-1,"2025-11-16 17:05:42",98.6
CSWM-01K94J-1,"2025-11-16 17:10:42",82.4
CSWM-01K94J-1,"2025-11-16 17:15:42",94.1
CSWM-01K94J-1,"2025-11-16 17:20:42",113.7
CSWM-01K94J-1,"2025-11-16 17:25:42",137.2
CSWM-01K94J-1,"2025-11-16 17:30:42",139.8
CSWM-01K94J-1,"2025-11-16 17:35:42",76.8
CSWM-01K94J-1,"2025-11-16 17:40:42",74.9
CSWM-01K94J-1,"2025-11-16 17:45:42",127.6
CSWM-01K94J-1,"2025-11-16 17:50:42",136.2
CSWM-01K94J-1,"2025-11-16 17:55:42",154.0
CSWM-01K94J-1,"2025-11-16 18:00:42",148.0
CSWM-01K94J-1,"2025-11-16 18:05:42",154.5
CSWM-01K94J-1,"2025-11-16 18:10:42",104.4
CSWM-01K94J-1,"2025-11-16 18:15:42",66.7
CSWM-01K94J-1,"2025-11-16 18:20:42",168.6
CSWM-01K94J-1,"2025-11-16 18:25:42",142.3
CSWM-01K94J-1,"2025-11-16 18:30:42",107.5
CSWM-01K94J-1,"2025-11-16 18:35:42",93.6
CSWM-01K94J-1,"2025-11-16 18:40:42",138.0
CSWM-01K94J-1,"2025-11-16 18:45:42",152.6
CSWM-01K94J-1,"2025-11-16 18:50:42",90.9
CSWM-01K94J-1,"2025-11-16 18:55:42",79.5
CSWM-01K94J-1,"2025-11-16 19:00:42",108.3
CSWM-01K94J-1,"2025-11-16 19:05:42",100.6
CSWM-01K94J-1,"2025-11-16 19:10:42",92.7
CSWM-01K94J-1,"2025-11-16 19:15:42",128.7
CSWM-01K94J-1,"2025-11-16 19:20:42",84.0
CSWM-01K94J-1,"2025-11-16 19:25:42",63.9
CSWM-01K94J-1,"2025-11-16 19:30:42",93.7
CSWM-01K94J-1,"2025-11-16 19:35:42",103.2
CSWM-01K94J-1,"2025-11-16 19:40:42",100.5
CSWM-01K94J-1,"2025-11-16 19:45:42",124.0
CSWM-01K94J-1,"2025-11-16 19:50:42",94.4
CSWM-01K94J-1,"2025-11-16 19:55:42",121.6
CSWM-01K94J-1,"2025-11-16 20:00:42",111.0
CSWM-01K94J-1,"2025-11-16 20:05:42",76.5
CSWM-01K94J-1,"2025-11-16 20:10:42",123.0
CSWM-01K94J-1,"2025-11-16 20:15:42",92.2
CSWM-01K94J-1,"2025-11-16 20:20:42",96.4
CSWM-01K94J-1,"2025-11-16 20:25:42",89.0
CSWM-01K94J-1,"2025-11-16 20:30:42",142.1
CSWM-01K94J-1,"2025-11-16 20:35:42",127.1
CSWM-01K94J-1,"2025-11-16 20:40:42",72.4
CSWM-01K94J-1,"2025-11-16 20:45:42",99.3
CSWM-01K94J-1,"2025-11-16 20:50:42",145.3
CSWM-01K94J-1,"2025-11-16 20:55:42",102.1
CSWM-01K94J-1,"2025-11-16 21:00:42",75.9
CSWM-01K94J-1,"2025-11-16 21:05:42",112.7
CSWM-01K94J-1,"2025-11-16 21:10:42",66.3
CSWM-01K94J-1,"2025-11-16 21:15:42",114.5
CSWM-01K94J-1,"2025-11-16 21:20:42",76.1
CSWM-01K94J-1,"2025-11-16 21:25:42",96.3
CSWM-01K94J-1,"2025-11-16 21:30:42",67.0
CSWM-01K94J-1,"2025-11-16 21:35:42",126.1
CSWM-01K94J-1,"2025-11-16 21:40:42",127.3
CSWM-01K94J-1,"2025-11-16 21:45:42",117.5
CSWM-01K94J-1,"2025-11-16 21:50:42",76.1
CSWM-01K94J-1,"2025-11-16 21:55:42",108.2
CSWM-01K94J-1,"2025-11-16 22:00:42",63.2
CSWM-01K94J-1,"2025-11-16 22:05:42",123.6
CSWM-01K94J-1,"2025-11-16 22:10:42",53.0
CSWM-01K94J-1,"2025-11-16 22:15:42",135.9
CSWM-01K94J-1,"2025-11-16 22:20:42",127.3
CSWM-01K94J-1,"2025-11-16 22:25:42",98.0
CSWM-01K94J-1,"2025-11-16 22:30:42",164.5
CSWM-01K94J-1,"2025-11-16 22:35:42",105.8
CSWM-01K94J-1,"2025-11-16 22:40:42",119.9
CSWM-01K94J-1,"2025-11-16 22:45:42",101.7
CSWM-01K94J-1,"2025-11-16 22:50:42",82.9
CSWM-01K94J-1,"2025-11-16 22:55:42",150.2
CSWM-01K94J-1,"2025-11-16 23:00:42",117.7
CSWM-01K94J-1,"2025-11-16 23:05:42",92.4
CSWM-01K94J-1,"2025-11-16 23:10:42",99.1
CSWM-01K94J-1,"2025-11-16 23:15:42",89.2
CSWM-01K94J-1,"2025-11-16 23:20:42",57.8
CSWM-01K94J-1,"2025-11-16 23:25:42",121.4
CSWM-01K94J-1,"2025-11-16 23:30:42",160.3
CSWM-01K94J-1,"2025-11-16 23:35:42",114.2
CSWM-01K94J-1,"2025-11-16 23:40:42",110.8
CSWM-01K94J-1,"2025-11-16 23:45:42",134.7
CSWM-01K94J-1,"2025-11-16 23:50:42",163.6
CSWM-01K94J-1,"2025-11-16 23:55:42",139.0
CSWM-01K94J-1,"2025-11-17 00:00:42",117.9
CSWM-01K94J-1,"2025-11-17 00:05:42",72.2
CSWM-01K94J-1,"2025-11-17 00:10:42",152.7
CSWM-01K94J-1,"2025-11-17 00:15:42",111.3
CSWM-01K94J-1,"2025-11-17 00:20:42",163.0
CSWM-01K94J-1,"2025-11-17 00:25:42",132.7
CSWM-01K94J-1,"2025-11-17 00:30:42",149.2
CSWM-01K94J-1,"2025-11-17 00:35:42",141.9
CSWM-01K94J-1,"2025-11-17 00:40:42",160.4
CSWM-01K94J-1,"2025-11-17 00:45:42",133.3
CSWM-01K94J-1,"2025-11-17 00:50:42",108.1
CSWM-01K94J-1,"2025-11-17 00:55:42",129.6
CSWM-01K94J-1,"2025-11-17 01:00:42",146.9
CSWM-01K94J-1,"2025-11-17 01:05:42",140.5
CSWM-01K94J-1,"2025-11-17 01:10:42",138.5
CSWM-01K94J-1,"2025-11-17 01:15:42",91.0
CSWM-01K94J-1,"2025-11-17 01:20:42",57.4
CSWM-01K94J-1,"2025-11-17 01:25:42",115.7
CSWM-01K94J-1,"2025-11-17 01:30:42",111.4
CSWM-01K94J-1,"2025-11-17 01:35:42",85.6
CSWM-01K94J-1,"2025-11-17 01:40:42",83.4
CSWM-01K94J-1,"2025-11-17 01:45:42",141.8
CSWM-01K94J-1,"2025-11-17 01:50:42",146.7
CSWM-01K94J-1,"2025-11-17 01:55:42",140.3
CSWM-01K94J-1,"2025-11-17 02:00:42",127.1
CSWM-01K94J-1,"2025-11-17 02:05:42",96.3
CSWM-01K94J-1,"2025-11-17 02:10:42",98.4
CSWM-01K94J-1,"2025-11-17 02:15:42",85.9
CSWM-01K94J-1,"2025-11-17 02:20:42",125.8
CSWM-01K94J-1,"2025-11-17 02:25:42",122.1
CSWM-01K94J-1,"2025-11-17 02:30:42",123.4
CSWM-01K94J-1,"2025-11-17 02:35:42",125.2
CSWM-01K94J-1,"2025-11-17 02:40:42",152.3
CSWM-01K94J-1,"2025-11-17 02:45:42",92.2
CSWM-01K94J-1,"2025-11-17 02:50:42",78.7
CSWM-01K94J-1,"2025-11-17 02:55:42",114.4
CSWM-01K94J-1,"2025-11-17 03:00:42",112.5
CSWM-01K94J-1,"2025-11-17 03:05:42",90.2
CSWM-01K94J-1,"2025-11-17 03:10:42",113.7
CSWM-01K94J-1,"2025-11-17 03:15:42",130.5
CSWM-01K94J-1,"2025-11-17 03:20:42",75.3
CSWM-01K94J-1,"2025-11-17 03:25:42",137.8
CSWM-01K94J-1,"2025-11-17 03:30:42",118.5
CSWM-01K94J-1,"2025-11-17 03:35:42",110.9
CSWM-01K94J-1,"2025-11-17 03:40:42",61.2
CSWM-01K94J-1,"2025-11-17 03:45:42",81.8
CSWM-01K94J-1,"2025-11-17 03:50:42",156.5
CSWM-01K94J-1,"2025-11-17 03:55:42",84.2
CSWM-01K94J-1,"2025-11-17 04:00:42",96.5
CSWM-01K94J-1,"2025-11-17 04:05:42",146.9
CSWM-01K94J-1,"2025-11-17 04:10:42",124.9
CSWM-01K94J-1,"2025-11-17 04:15:42",93.6
CSWM-01K94J-1,"2025-11-17 04:20:42",154.1
CSWM-01K94J-1,"2025-11-17 04:25:42",102.4
CSWM-01K94J-1,"2025-11-17 04:30:42",62.1
CSWM-01K94J-1,"2025-11-17 04:35:42",79.0
CSWM-01K94J-1,"2025-11-17 04:40:42",131.9
CSWM-01K94J-1,"2025-11-17 04:45:42",91.1
CSWM-01K94J-1,"2025-11-17 04:50:42",81.3
CSWM-01K94J-1,"2025-11-17 04:55:42",134.2
CSWM-01K94J-1,"2025-11-17 05:00:42",74.8
CSWM-01K94J-1,"2025-11-17 05:05:42",94.4
CSWM-01K94J-1,"2025-11-17 05:10:42",70.7
CSWM-01K94J-1,"2025-11-17 05:15:42",126.9
CSWM-01K94J-1,"2025-11-17 05:20:42",130.2
CSWM-01K94J-1,"2025-11-17 05:25:42",143.0
CSWM-01K94J-1,"2025-11-17 05:30:42",99.1
CSWM-01K94J-1,"2025-11-17 05:35:42",140.9
CSWM-01K94J-1,"2025-11-17 05:40:42",142.5
CSWM-01K94J-1,"2025-11-17 05:45:42",113.5
CSWM-01K94J-1,"2025-11-17 05:50:42",112.7
CSWM-01K94J-1,"2025-11-17 05:55:42",140.7
CSWM-01K94J-1,"2025-11-17 06:00:42",89.4
CSWM-01K94J-1,"2025-11-17 06:05:42",139.6
CSWM-01K94J-1,"2025-11-17 06:10:42",105.1
CSWM-01K94J-1,"2025-11-17 06:15:42",65.6
CSWM-01K94J-1,"2025-11-17 06:20:42",142.3
CSWM-01K94J-1,"2025-11-17 06:25:42",111.4
CSWM-01K94J-1,"2025-11-17 06:30:42",118.0
CSWM-01K94J-1,"2025-11-17 06:35:42",102.1
CSWM-01K94J-1,"2025-11-17 06:40:42",88.6
CSWM-01K94J-1,"2025-11-17 06:45:42",151.7
CSWM-01K94J-1,"2025-11-17 06:50:42",129.4
CSWM-01K94J-1,"2025-11-17 06:55:42",140.0
CSWM-01K94J-1,"2025-11-17 07:00:42",146.6
CSWM-01K94J-1,"2025-11-17 07:05:42",147.6
CSWM-01K94J-1,"2025-11-17 07:10:42",131.0
CSWM-01K94J-1,"2025-11-17 07:15:42",125.4
CSWM-01K94J-1,"2025-11-17 07:20:42",103.9
CSWM-01K94J-1,"2025-11-17 07:25:42",136.9
CSWM-01K94J-1,"2025-11-17 07:30:42",133.2
CSWM-01K94J-1,"2025-11-17 07:35:42",105.2
CSWM-01K94J-1,"2025-11-17 07:40:42",100.8
CSWM-01K94J-1,"2025-11-17 07:45:42",109.8
CSWM-01K94J-1,"2025-11-17 07:50:42",62.7
CSWM-01K94J-1,"2025-11-17 07:55:42",117.7
CSWM-01K94J-1,"2025-11-17 08:00:42",142.1
CSWM-01K94J-1,"2025-11-17 08:05:42",139.3
CSWM-01K94J-1,"2025-11-17 08:10:42",64.9
CSWM-01K94J-1,"2025-11-17 08:15:42",137.6
CSWM-01K94J-1,"2025-11-17 08:20:42",144.2
CSWM-01K94J-1,"2025-11-17 08:25:42",123.0
CSWM-01K94J-1,"2025-11-17 08:30:42",89.8
CSWM-01K94J-1,"2025-11-17 08:35:42",112.4
CSWM-01K94J-1,"2025-11-17 08:40:42",83.5
CSWM-01K94J-1,"2025-11-17 08:45:42",107.1
CSWM-01K94J-1,"2025-11-17 08:50:42",99.2
CSWM-01K94J-1,"2025-11-17 08:55:42",99.7
CSWM-01K94J-1,"2025-11-17 09:00:42",87.8
CSWM-01K94J-1,"2025-11-17 09:05:42",142.2
CSWM-01K94J-1,"2025-11-17 09:10:42",118.7
CSWM-01K94J-1,"2025-11-17 09:15:42",143.3
CSWM-01K94J-1,"2025-11-17 09:20:42",93.1
CSWM-01K94J-1,"2025-11-17 09:25:42",131.0
CSWM-01K94J-1,"2025-11-17 09:30:42",108.5
CSWM-01K94J-1,"2025-11-17 09:35:42",142.0
CSWM-01K94J-1,"2025-11-17 09:40:42",131.6
CSWM-01K94J-1,"2025-11-17 09:45:42",132.2
CSWM-01K94J-1,"2025-11-17 09:50:42",90.5
