SID,Date_Time,CGM_Value
CSWM-01K94J-11,"2025-11-03 09:55:43",122.9
CSWM-01K94J-11,"2025-11-03 10:00:43",108.7
CSWM-01K94J-11,"2025-11-03 10:05:43",105.6
CSWM-01K94J-11,"2025-11-03 10:10:43",75.3
CSWM-01K94J-11,"2025-11-03 10:15:43",101.1
CSWM-01K94J-11,"2025-11-03 10:20:43",92.6
CSWM-01K94J-11,"2025-11-03 10:25:43",107.4
CSWM-01K94J-11,"2025-11-03 10:30:43",71.5
CSWM-01K94J-11,"2025-11-03 10:35:43",153.0
CSWM-01K94J-11,"2025-11-03 10:40:43",154.0
CSWM-01K94J-11,"2025-11-03 10:45:43",95.3
CSWM-01K94J-11,"2025-11-03 10:50:43",87.2
CSWM-01K94J-11,"2025-11-03 10:55:43",105.7
CSWM-01K94J-11,"2025-11-03 11:00:43",124.2
CSWM-01K94J-11,"2025-11-03 11:05:43",155.5
CSWM-01K94J-11,"2025-11-03 11:10:43",76.5
CSWM-01K94J-11,"2025-11-03 11:15:43",140.7
CSWM-01K94J-11,"2025-11-03 11:20:43",66.9
CSWM-01K94J-11,"2025-11-03 11:25:43",115.4
CSWM-01K94J-11,"2025-11-03 11:30:43",117.6
CSWM-01K94J-11,"2025-11-03 11:35:43",115.4
CSWM-01K94J-11,"2025-11-03 11:40:43",65.2
CSWM-01K94J-11,"2025-11-03 11:45:43",88.4
CSWM-01K94J-11,"2025-11-03 11:50:43",117.3
CSWM-01K94J-11,"2025-11-03 11:55:43",97.1
CSWM-01K94J-11,"2025-11-03 12:00:43",101.7
CSWM-01K94J-11,"2025-11-03 12:05:43",155.9
CSWM-01K94J-11,"2025-11-03 12:10:43",140.1
CSWM-01K94J-11,"2025-11-03 12:15:43",95.4
CSWM-01K94J-11,"2025-11-03 12:20:43",98.9
CSWM-01K94J-11,"2025-11-03 12:25:43",108.6
CSWM-01K94J-11,"2025-11-03 12:30:43",113.7
CSWM-01K94J-11,"2025-11-03 12:35:43",92.9
CSWM-01K94J-11,"2025-11-03 12:40:43",85.5
CSWM-01K94J-11,"2025-11-03 12:45:43",109.2
CSWM-01K94J-11,"2025-11-03 12:50:43",156.6
CSWM-01K94J-11,"2025-11-03 12:55:43",90.4
CSWM-01K94J-11,"2025-11-03 13:00:43",73.9
CSWM-01K94J-11,"2025-11-03 13:05:43",100.6
CSWM-01K94J-11,"2025-11-03 13:10:43",89.4
CSWM-01K94J-11,"2025-11-03 13:15:43",144.7
CSWM-01K94J-11,"2025-11-03 13:20:43",157.5
CSWM-01K94J-11,"2025-11-03 13:25:43",144.8
CSWM-01K94J-11,"2025-11-03 13:30:43",156.2
CSWM-01K94J-11,"2025-11-03 13:35:43",124.5
CSWM-01K94J-11,"2025-11-03 13:40:43",117.7
CSWM-01K94J-11,"2025-11-03 13:45:43",135.6
CSWM-01K94J-11,"2025-11-03 13:50:43",123.3
CSWM-01K94J-11,"2025-11-03 13:55:43",87.2
CSWM-01K94J-11,"2025-11-03 14:00:43",77.2
CSWM-01K94J-11,"2025-11-03 14:05:43",91.9
CSWM-01K94J-11,"2025-11-03 14:10:43",92.5
CSWM-01K94J-11,"2025-11-03 14:15:43",160.1
CSWM-01K94J-11,"2025-11-03 14:20:43",146.2
CSWM-01K94J-11,"2025-11-03 14:25:43",109.7
CSWM-01K94J-11,"2025-11-03 14:30:43",78.5
CSWM-01K94J-11,"2025-11-03 14:35:43",86.6
CSWM-01K94J-11,"2025-11-03 14:40:43",71.6
CSWM-01K94J-11,"2025-11-03 14:45:43",139.9
CSWM-01K94J-11,"2025-11-03 14:50:43",68.3
CSWM-01K94J-11,"2025-11-03 14:55:43",77.5
CSWM-01K94J-11,"2025-11-03 15:00:43",91.1
CSWM-01K94J-11,"2025-11-03 15:05:43",128.6
CSWM-01K94J-11,"2025-11-03 15:10:43",151.4
CSWM-01K94J-11,"2025-11-03 15:15:43",125.8
CSWM-01K94J-11,"2025-11-03 15:20:43",64.3
CSWM-01K94J-11,"2025-11-03 15:25:43",118.0
CSWM-01K94J-11,"2025-11-03 15:30:43",101.8
CSWM-01K94J-11,"2025-11-03 15:35:43",76.4
CSWM-01K94J-11,"2025-11-03 15:40:43",84.9
CSWM-01K94J-11,"2025-11-03 15:45:43",68.4
CSWM-01K94J-11,"2025-11-03 15:50:43",102.4
CSWM-01K94J-11,"2025-11-03 15:55:43",125.8
CSWM-01K94J-11,"2025-11-03 16:00:43",59.8
CSWM-01K94J-11,"2025-11-03 16:05:43",133.8
CSWM-01K94J-11,"2025-11-03 16:10:43",63.9
CSWM-01K94J-11,"2025-11-03 16:15:43",102.3
CSWM-01K94J-11,"2025-11-03 16:20:43",151.0
CSWM-01K94J-11,"2025-11-03 16:25:43",129.5
CSWM-01K94J-11,"2025-11-03 16:30:43",104.6
CSWM-01K94J-11,"2025-11-03 16:35:43",53.5
CSWM-01K94J-11,"2025-11-03 16:40:43",79.3
CSWM-01K94J-11,"2025-11-03 16:45:43",120.8
CSWM-01K94J-11,"2025-11-03 16:50:43",93.6
CSWM-01K94J-11,"2025-11-03 16:55:43",80.3
CSWM-01K94J-11,"2025-11-03 17:00:43",135.8
CSWM-01K94J-11,"2025-11-03 17:05:43",73.4
CSWM-01K94J-11,"2025-11-03 17:10:43",107.9
CSWM-01K94J-11,"2025-11-03 17:15:43",145.8
CSWM-01K94J-11,"2025-11-03 17:20:43",145.7
CSWM-01K94J-11,"2025-11-03 17:25:43",101.2
CSWM-01K94J-11,"2025-11-03 17:30:43",80.5
CSWM-01K94J-11,"2025-11-03 17:35:43",129.6
CSWM-01K94J-11,"2025-11-03 17:40:43",133.0
CSWM-01K94J-11,"2025-11-03 17:45:43",80.8
CSWM-01K94J-11,"2025-11-03 17:50:43",79.1
CSWM-01K94J-11,"2025-11-03 17:55:43",121.0
CSWM-01K94J-11,"2025-11-03 18:00:43",98.1
CSWM-01K94J-11,"2025-11-03 18:05:43",138.6
CSWM-01K94J-11,"2025-11-03 18:10:43",75.3
CSWM-01K94J-11,"2025-11-03 18:15:43",86.8
CSWM-01K94J-11,"2025-11-03 18:20:43",58.7
CSWM-01K94J-11,"2025-11-03 18:25:43",117.5
CSWM-01K94J-11,"2025-11-03 18:30:43",128.9
CSWM-01K94J-11,"2025-11-03 18:35:43",109.0
CSWM-01K94J-11,"2025-11-03 18:40:43",126.5
CSWM-01K94J-11,"2025-11-03 18:45:43",101.0
CSWM-01K94J-11,"2025-11-03 18:50:43",107.4
CSWM-01K94J-11,"2025-11-03 18:55:43",96.4
CSWM-01K94J-11,"2025-11-03 19:00:43",65.4
CSWM-01K94J-11,"2025-11-03 19:05:43",105.5
CSWM-01K94J-11,"2025-11-03 19:10:43",103.4
CSWM-01K94J-11,"2025-11-03 19:15:43",121.4
CSWM-01K94J-11,"2025-11-03 19:20:43",105.0
CSWM-01K94J-11,"2025-11-03 19:25:43",113.5
CSWM-01K94J-11,"2025-11-03 19:30:43",114.8
CSWM-01K94J-11,"2025-11-03 19:35:43",116.7
CSWM-01K94J-11,"2025-11-03 19:40:43",100.4
CSWM-01K94J-11,"2025-11-03 19:45:43",79.1
CSWM-01K94J-11,"2025-11-03 19:50:43",97.1
CSWM-01K94J-11,"2025-11-03 19:55:43",130.9
CSWM-01K94J-11,"2025-11-03 20:00:43",132.3
CSWM-01K94J-11,"2025-11-03 20:05:43",139.4
CSWM-01K94J-11,"2025-11-03 20:10:43",79.7
CSWM-01K94J-11,"2025-11-03 20:15:43",141.4
CSWM-01K94J-11,"2025-11-03 20:20:43",143.0
CSWM-01K94J-11,"2025-11-03 20:25:43",162.7
CSWM-01K94J-11,"2025-11-03 20:30:43",101.3
CSWM-01K94J-11,"2025-11-03 20:35:43",148.1
CSWM-01K94J-11,"2025-11-03 20:40:43",83.8
CSWM-01K94J-11,"2025-11-03 20:45:43",121.4
CSWM-01K94J-11,"2025-11-03 20:50:43",76.1
CSWM-01K94J-11,"2025-11-03 20:55:43",141.5
CSWM-01K94J-11,"2025-11-03 21:00:43",145.2
CSWM-01K94J-11,"2025-11-03 21:05:43",82.0
CSWM-01K94J-11,"2025-11-03 21:10:43",97.0
CSWM-01K94J-11,"2025-11-03 21:15:43",85.5
CSWM-01K94J-11,"2025-11-03 21:20:43",89.9
CSWM-01K94J-11,"2025-11-03 21:25:43",87.2
CSWM-01K94J-11,"2025-11-03 21:30:43",81.3
CSWM-01K94J-11,"2025-11-03 21:35:43",67.5
CSWM-01K94J-11,"2025-11-03 21:40:43",140.8
CSWM-01K94J-11,"2025-11-03 21:45:43",103.5
CSWM-01K94J-11,"2025-11-03 21:50:43",136.9
CSWM-01K94J-11,"2025-11-03 21:55:43",88.1
CSWM-01K94J-11,"2025-11-03 22:00:43",133.9
CSWM-01K94J-11,"2025-11-03 22:05:43",138.6
CSWM-01K94J-11,"2025-11-03 22:10:43",132.0
CSWM-01K94J-11,"2025-11-03 22:15:43",112.3
CSWM-01K94J-11,"2025-11-03 22:20:43",86.5
CSWM-01K94J-11,"2025-11-03 22:25:43",101.8
CSWM-01K94J-11,"2025-11-03 22:30:43",93.5
CSWM-01K94J-11,"2025-11-03 22:35:43",69.8
CSWM-01K94J-11,"2025-11-03 22:40:43",102.2
CSWM-01K94J-11,"2025-11-03 22:45:43",122.3
CSWM-01K94J-11,"2025-11-03 22:50:43",78.9
CSWM-01K94J-11,"2025-11-03 22:55:43",93.0
CSWM-01K94J-11,"2025-11-03 23:00:43",110.3
CSWM-01K94J-11,"2025-11-03 23:05:43",104.5
CSWM-01K94J-11,"2025-11-03 23:10:43",87.3
CSWM-01K94J-11,"2025-11-03 23:15:43",154.7
CSWM-01K94J-11,"2025-11-03 23:20:43",148.9
CSWM-01K94J-11,"2025-11-03 23:25:43",80.2
CSWM-01K94J-11,"2025-11-03 23:30:43",131.8
CSWM-01K94J-11,"2025-11-03 23:35:43",147.8
CSWM-01K94J-11,"2025-11-03 23:40:43",74.3
CSWM-01K94J-11,"2025-11-03 23:45:43",90.2
CSWM-01K94J-11,"2025-11-03 23:50:43",113.2
CSWM-01K94J-11,"2025-11-03 23:55:43",122.4
CSWM-01K94J-11,"2025-11-04 00:00:43",119.3
CSWM-01K94J-11,"2025-11-04 00:05:43",89.8
CSWM-01K94J-11,"2025-11-04 00:10:43",157.8
CSWM-01K94J-11,"2025-11-04 00:15:43",114.0
CSWM-01K94J-11,"2025-11-04 00:20:43",143.2
CSWM-01K94J-11,"2025-11-04 00:25:43",83.2
CSWM-01K94J-11,"2025-11-04 00:30:43",124.7
CSWM-01K94J-11,"2025-11-04 00:35:43",135.6
CSWM-01K94J-11,"2025-11-04 00:40:43",120.6
CSWM-01K94J-11,"2025-11-04 00:45:43",114.8
CSWM-01K94J-11,"2025-11-04 00:50:43",105.1
CSWM-01K94J-11,"2025-11-04 00:55:43",131.1
CSWM-01K94J-11,"2025-11-04 01:00:43",101.5
CSWM-01K94J-11,"2025-11-04 01:05:43",88.7
CSWM-01K94J-11,"2025-11-04 01:10:43",94.6
CSWM-01K94J-11,"2025-11-04 01:15:43",114.3
CSWM-01K94J-11,"2025-11-04 01:20:43",126.3
CSWM-01K94J-11,"2025-11-04 01:25:43",90.9
CSWM-01K94J-11,"2025-11-04 01:30:43",109.4
CSWM-01K94J-11,"2025-11-04 01:35:43",82.1
CSWM-01K94J-11,"2025-11-04 01:40:43",94.3
CSWM-01K94J-11,"2025-11-04 01:45:43",118.4
CSWM-01K94J-11,"2025-11-04 01:50:43",111.0
CSWM-01K94J-11,"2025-11-04 01:55:43",157.0
CSWM-01K94J-11,"2025-11-04 02:00:43",131.2
CSWM-01K94J-11,"2025-11-04 02:05:43",68.3
CSWM-01K94J-11,"2025-11-04 02:10:43",108.3
CSWM-01K94J-11,"2025-11-04 02:15:43",92.9
CSWM-01K94J-11,"2025-11-04 02:20:43",72.0
CSWM-01K94J-11,"2025-11-04 02:25:43",71.6
CSWM-01K94J-11,"2025-11-04 02:30:43",117.1
CSWM-01K94J-11,"2025-11-04 02:35:43",128.0
CSWM-01K94J-11,"2025-11-04 02:40:43",103.2
CSWM-01K94J-11,"2025-11-04 02:45:43",76.6
CSWM-01K94J-11,"2025-11-04 02:50:43",105.3
CSWM-01K94J-11,"2025-11-04 02:55:43",117.2
CSWM-01K94J-11,"2025-11-04 03:00:43",98.8
CSWM-01K94J-11,"2025-11-04 03:05:43",158.7
CSWM-01K94J-11,"2025-11-04 03:10:43",90.7
CSWM-01K94J-11,"2025-11-04 03:15:43",92.2
CSWM-01K94J-11,"2025-11-04 03:20:43",74.6
CSWM-01K94J-11,"2025-11-04 03:25:43",101.6
CSWM-01K94J-11,"2025-11-04 03:30:43",108.9
CSWM-01K94J-11,"2025-11-04 03:35:43",127.5
CSWM-01K94J-11,"2025-11-04 03:40:43",77.3
CSWM-01K94J-11,"2025-11-04 03:45:43",127.3
CSWM-01K94J-11,"2025-11-04 03:50:43",55.5
CSWM-01K94J-11,"2025-11-04 03:55:43",130.1
CSWM-01K94J-11,"2025-11-04 04:00:43",88.6
CSWM-01K94J-11,"2025-11-04 04:05:43",126.6
CSWM-01K94J-11,"2025-11-04 04:10:43",70.4
CSWM-01K94J-11,"2025-11-04 04:15:43",80.5
CSWM-01K94J-11,"2025-11-04 04:20:43",109.8
CSWM-01K94J-11,"2025-11-04 04:25:43",143.0
CSWM-01K94J-11,"2025-11-04 04:30:43",87.2
CSWM-01K94J-11,"2025-11-04 04:35:43",94.0
CSWM-01K94J-11,"2025-11-04 04:40:43",88.7
CSWM-01K94J-11,"2025-11-04 04:45:43",122.3
CSWM-01K94J-11,"2025-11-04 04:50:43",139.5
CSWM-01K94J-11,"2025-11-04 04:55:43",122.3
CSWM-01K94J-11,"2025-11-04 05:00:43",134.2
CSWM-01K94J-11,"2025-11-04 05:05:43",130.3
CSWM-01K94J-11,"2025-11-04 05:10:43",86.5
CSWM-01K94J-11,"2025-11-04 05:15:43",127.3
CSWM-01K94J-11,"2025-11-04 05:20:43",106.1
CSWM-01K94J-11,"2025-11-04 05:25:43",95.7
CSWM-01K94J-11,"2025-11-04 05:30:43",106.3
CSWM-01K94J-11,"2025-11-04 05:35:43",70.1
CSWM-01K94J-11,"2025-11-04 05:40:43",105.2
CSWM-01K94J-11,"2025-11-04 05:45:43",143.8
CSWM-01K94J-11,"2025-11-04 05:50:43",89.9
CSWM-01K94J-11,"2025-11-04 05:55:43",72.2
CSWM-01K94J-11,"2025-11-04 06:00:43",119.0
CSWM-01K94J-11,"2025-11-04 06:05:43",64.4
CSWM-01K94J-11,"2025-11-04 06:10:43",125.7
CSWM-01K94J-11,"2025-11-04 06:15:43",112.9
CSWM-01K94J-11,"2025-11-04 06:20:43",131.2
CSWM-01K94J-11,"2025-11-04 06:25:43",87.1
CSWM-01K94J-11,"2025-11-04 06:30:43",138.1
CSWM-01K94J-11,"2025-11-04 06:35:43",108.3
CSWM-01K94J-11,"2025-11-04 06:40:43",111.2
CSWM-01K94J-11,"2025-11-04 06:45:43",70.7
CSWM-01K94J-11,"2025-11-04 06:50:43",102.2
CSWM-01K94J-11,"2025-11-04 06:55:43",105.2
CSWM-01K94J-11,"2025-11-04 07:00:43",104.0
CSWM-01K94J-11,"2025-11-04 07:05:43",92.7
CSWM-01K94J-11,"2025-11-04 07:10:43",113.5
CSWM-01K94J-11,"2025-11-04 07:15:43",89.5
CSWM-01K94J-11,"2025-11-04 07:20:43",124.4
CSWM-01K94J-11,"2025-11-04 07:25:43",95.1
CSWM-01K94J-11,"2025-11-04 07:30:43",68.9
CSWM-01K94J-11,"2025-11-04 07:35:43",132.3
CSWM-01K94J-11,"2025-11-04 07:40:43",134.0
CSWM-01K94J-11,"2025-11-04 07:45:43",145.2
CSWM-01K94J-11,"2025-11-04 07:50:43",68.1
CSWM-01K94J-11,"2025-11-04 07:55:43",95.6
CSWM-01K94J-11,"2025-11-04 08:00:43",99.3
CSWM-01K94J-11,"2025-11-04 08:05:43",119.2
CSWM-01K94J-11,"2025-11-04 08:10:43",138.8
CSWM-01K94J-11,"2025-11-04 08:15:43",87.4
CSWM-01K94J-11,"2025-11-04 08:20:43",87.0
CSWM-01K94J-11,"2025-11-04 08:25:43",97.8
CSWM-01K94J-11,"2025-11-04 08:30:43",107.1
CSWM-01K94J-11,"2025-11-04 08:35:43",105.3
CSWM-01K94J-11,"2025-11-04 08:40:43",92.6
CSWM-01K94J-11,"2025-11-04 08:45:43",98.8
CSWM-01K94J-11,"2025-11-04 08:50:43",136.7
CSWM-01K94J-11,"2025-11-04 08:55:43",108.8
CSWM-01K94J-11,"2025-11-04 09:00:43",112.4
CSWM-01K94J-11,"2025-11-04 09:05:43",132.6
CSWM-01K94J-11,"2025-11-04 09:10:43",105.3
CSWM-01K94J-11,"2025-11-04 09:15:43",75.7
CSWM-01K94J-11,"2025-11-04 09:20:43",104.0
CSWM-01K94J-11,"2025-11-04 09:25:43",151.6
CSWM-01K94J-11,"2025-11-04 09:30:43",137.6
CSWM-01K94J-11,"2025-11-04 09:35:43",122.6
CSWM-01K94J-11,"2025-11-04 09:40:43",129.1
CSWM-01K94J-11,"2025-11-04 09:45:43",151.9
CSWM-01K94J-11,"2025-11-04 09:50:43",131.3
CSWM-01K94J-11,"2025-11-04 09:55:43",69.0
CSWM-01K94J-11,"2025-11-04 10:00:43",94.2
CSWM-01K94J-11,"2025-11-04 10:05:43",113.1
CSWM-01K94J-11,"2025-11-04 10:10:43",137.9
CSWM-01K94J-11,"2025-11-04 10:15:43",86.2
CSWM-01K94J-11,"2025-11-04 10:20:43",106.8
CSWM-01K94J-11,"2025-11-04 10:25:43",114.1
CSWM-01K94J-11,"2025-11-04 10:30:43",81.0
CSWM-01K94J-11,"2025-11-04 10:35:43",152.5
CSWM-01K94J-11,"2025-11-04 10:40:43",111.5
CSWM-01K94J-11,"2025-11-04 10:45:43",89.9
CSWM-01K94J-11,"2025-11-04 10:50:43",162.7
CSWM-01K94J-11,"2025-11-04 10:55:43",122.1
CSWM-01K94J-11,"2025-11-04 11:00:43",97.1
CSWM-01K94J-11,"2025-11-04 11:05:43",79.7
CSWM-01K94J-11,"2025-11-04 11:10:43",85.5
CSWM-01K94J-11,"2025-11-04 11:15:43",161.1
CSWM-01K94J-11,"2025-11-04 11:20:43",86.4
CSWM-01K94J-11,"2025-11-04 11:25:43",99.3
CSWM-01K94J-11,"2025-11-04 11:30:43",103.5
CSWM-01K94J-11,"2025-11-04 11:35:43",130.7
CSWM-01K94J-11,"2025-11-04 11:40:43",77.1
CSWM-01K94J-11,"2025-11-04 11:45:43",112.8
CSWM-01K94J-11,"2025-11-04 11:50:43",130.2
CSWM-01K94J-11,"2025-11-04 11:55:43",102.8
CSWM-01K94J-11,"2025-11-04 12:00:43",97.3
CSWM-01K94J-11,"2025-11-04 12:05:43",71.1
CSWM-01K94J-11,"2025-11-04 12:10:43",157.0
CSWM-01K94J-11,"2025-11-04 12:15:43",139.4
CSWM-01K94J-11,"2025-11-04 12:20:43",69.0
CSWM-01K94J-11,"2025-11-04 12:25:43",129.3
CSWM-01K94J-11,"2025-11-04 12:30:43",96.8
CSWM-01K94J-11,"2025-11-04 12:35:43",88.4
CSWM-01K94J-11,"2025-11-04 12:40:43",90.4
CSWM-01K94J-11,"2025-11-04 12:45:43",81.3
CSWM-01K94J-11,"2025-11-04 12:50:43",138.2
CSWM-01K94J-11,"2025-11-04 12:55:43",94.5
CSWM-01K94J-11,"2025-11-04 13:00:43",103.2
CSWM-01K94J-11,"2025-11-04 13:05:43",63.1
CSWM-01K94J-11,"2025-11-04 13:10:43",164.3
CSWM-01K94J-11,"2025-11-04 13:15:43",121.3
CSWM-01K94J-11,"2025-11-04 13:20:43",132.7
CSWM-01K94J-11,"2025-11-04 13:25:43",92.6
CSWM-01K94J-11,"2025-11-04 13:30:43",131.0
CSWM-01K94J-11,"2025-11-04 13:35:43",107.3
CSWM-01K94J-11,"2025-11-04 13:40:43",89.5
CSWM-01K94J-11,"2025-11-04 13:45:43",146.2
CSWM-01K94J-11,"2025-11-04 13:50:43",123.6
CSWM-01K94J-11,"2025-11-04 13:55:43",59.5
CSWM-01K94J-11,"2025-11-04 14:00:43",108.0
CSWM-01K94J-11,"2025-11-04 14:05:43",93.7
CSWM-01K94J-11,"2025-11-04 14:10:43",71.3
CSWM-01K94J-11,"2025-11-04 14:15:43",77.9
CSWM-01K94J-11,"2025-11-04 14:20:43",163.7
CSWM-01K94J-11,"2025-11-04 14:25:43",111.5
CSWM-01K94J-11,"2025-11-04 14:30:43",88.9
CSWM-01K94J-11,"2025-11-04 14:35:43",92.5
CSWM-01K94J-11,"2025-11-04 14:40:43",101.7
CSWM-01K94J-11,"2025-11-04 14:45:43",145.3
CSWM-01K94J-11,"2025-11-04 14:50:43",103.5
CSWM-01K94J-11,"2025-11-04 14:55:43",102.0
CSWM-01K94J-11,"2025-11-04 15:00:43",121.3
CSWM-01K94J-11,"2025-11-04 15:05:43",142.5
CSWM-01K94J-11,"2025-11-04 15:10:43",93.4
CSWM-01K94J-11,"2025-11-04 15:15:43",142.1
CSWM-01K94J-11,"2025-11-04 15:20:43",77.7
CSWM-01K94J-11,"2025-11-04 15:25:43",102.3
CSWM-01K94J-11,"2025-11-04 15:30:43",127.8
CSWM-01K94J-11,"2025-11-04 15:35:43",119.0
CSWM-01K94J-11,"2025-11-04 15:40:43",120.9
CSWM-01K94J-11,"2025-11-04 15:45:43",85.1
CSWM-01K94J-11,"2025-11-04 15:50:43",104.6
CSWM-01K94J-11,"2025-11-04 15:55:43",101.3
CSWM-01K94J-11,"2025-11-04 16:00:43",75.0
CSWM-01K94J-11,"2025-11-04 16:05:43",92.8
CSWM-01K94J-11,"2025-11-04 16:10:43",103.1
CSWM-01K94J-11,"2025-11-04 16:15:43",97.3
CSWM-01K94J-11,"2025-11-04 16:20:43",128.9
CSWM-01K94J-11,"2025-11-04 16:25:43",115.5
CSWM-01K94J-11,"2025-11-04 16:30:43",61.3
CSWM-01K94J-11,"2025-11-04 16:35:43",144.6
CSWM-01K94J-11,"2025-11-04 16:40:43",158.1
CSWM-01K94J-11,"2025-11-04 16:45:43",64.3
CSWM-01K94J-11,"2025-11-04 16:50:43",104.3
CSWM-01K94J-11,"2025-11-04 16:55:43",132.5
CSWM-01K94J-11,"2025-11-04 17:00:43",127.5
CSWM-01K94J-11,"2025-11-04 17:05:43",110.3
CSWM-01K94J-11,"2025-11-04 17:10:43",131.2
CSWM-01K94J-11,"2025-11-04 17:15:43",92.1
CSWM-01K94J-11,"2025-11-04 17:20:43",99.9
CSWM-01K94J-11,"2025-11-04 17:25:43",90.0
CSWM-01K94J-11,"2025-11-04 17:30:43",85.7
CSWM-01K94J-11,"2025-11-04 17:35:43",72.2
CSWM-01K94J-11,"2025-11-04 17:40:43",99.7
CSWM-01K94J-11,"2025-11-04 17:45:43",125.5
CSWM-01K94J-11,"2025-11-04 17:50:43",136.3
CSWM-01K94J-11,"2025-11-04 17:55:43",114.9
CSWM-01K94J-11,"2025-11-04 18:00:43",144.5
CSWM-01K94J-11,"2025-11-04 18:05:43",95.2
CSWM-01K94J-11,"2025-11-04 18:10:43",134.2
CSWM-01K94J-11,"2025-11-04 18:15:43",57.5
CSWM-01K94J-11,"2025-11-04 18:20:43",135.4
CSWM-01K94J-11,"2025-11-04 18:25:43",114.3
CSWM-01K94J-11,"2025-11-04 18:30:43",123.9
CSWM-01K94J-11,"2025-11-04 18:35:43",157.1
CSWM-01K94J-11,"2025-11-04 18:40:43",110.9
CSWM-01K94J-11,"2025-11-04 18:45:43",150.5
CSWM-01K94J-11,"2025-11-04 18:50:43",93.0
CSWM-01K94J-11,"2025-11-04 18:55:43",76.2
CSWM-01K94J-11,"2025-11-04 19:00:43",120.1
CSWM-01K94J-11,"2025-11-04 19:05:43",117.6
CSWM-01K94J-11,"2025-11-04 19:10:43",117.6
CSWM-01K94J-11,"2025-11-04 19:15:43",141.2
CSWM-01K94J-11,"2025-11-04 19:20:43",102.2
CSWM-01K94J-11,"2025-11-04 19:25:43",77.8
CSWM-01K94J-11,"2025-11-04 19:30:43",157.8
CSWM-01K94J-11,"2025-11-04 19:35:43",85.4
CSWM-01K94J-11,"2025-11-04 19:40:43",95.8
CSWM-01K94J-11,"2025-11-04 19:45:43",89.8
CSWM-01K94J-11,"2025-11-04 19:50:43",133.9
CSWM-01K94J-11,"2025-11-04 19:55:43",112.2
CSWM-01K94J-11,"2025-11-04 20:00:43",121.6
CSWM-01K94J-11,"2025-11-04 20:05:43",125.1
CSWM-01K94J-11,"2025-11-04 20:10:43",143.9
CSWM-01K94J-11,"2025-11-04 20:15:43",155.4
CSWM-01K94J-11,"2025-11-04 20:20:43",62.4
CSWM-01K94J-11,"2025-11-04 20:25:43",96.8
CSWM-01K94J-11,"2025-11-04 20:30:43",122.9
CSWM-01K94J-11,"2025-11-04 20:35:43",121.5
CSWM-01K94J-11,"2025-11-04 20:40:43",83.5
CSWM-01K94J-11,"2025-11-04 20:45:43",139.3
CSWM-01K94J-11,"2025-11-04 20:50:43",62.6
CSWM-01K94J-11,"2025-11-04 20:55:43",121.0
CSWM-01K94J-11,"2025-11-04 21:00:43",110.1
CSWM-01K94J-11,"2025-11-04 21:05:43",100.8
CSWM-01K94J-11,"2025-11-04 21:10:43",109.7
CSWM-01K94J-11,"2025-11-04 21:15:43",105.6
CSWM-01K94J-11,"2025-11-04 21:20:43",85.8
CSWM-01K94J-11,"2025-11-04 21:25:43",121.2
CSWM-01K94J-11,"2025-11-04 21:30:43",120.3
CSWM-01K94J-11,"2025-11-04 21:35:43",113.4
CSWM-01K94J-11,"2025-11-04 21:40:43",148.4
CSWM-01K94J-11,"2025-11-04 21:45:43",82.4
CSWM-01K94J-11,"2025-11-04 21:50:43",123.7
CSWM-01K94J-11,"2025-11-04 21:55:43",114.4
CSWM-01K94J-11,"2025-11-04 22:00:43",69.4
CSWM-01K94J-11,"2025-11-04 22:05:43",131.5
CSWM-01K94J-11,"2025-11-04 22:10:43",132.0
CSWM-01K94J-11,"2025-11-04 22:15:43",90.0
CSWM-01K94J-11,"2025-11-04 22:20:43",102.3
CSWM-01K94J-11,"2025-11-04 22:25:43",88.3
CSWM-01K94J-11,"2025-11-04 22:30:43",103.5
CSWM-01K94J-11,"2025-11-04 22:35:43",127.1
CSWM-01K94J-11,"2025-11-04 22:40:43",123.5
CSWM-01K94J-11,"2025-11-04 22:45:43",115.9
CSWM-01K94J-11,"2025-11-04 22:50:43",76.8
CSWM-01K94J-11,"2025-11-04 22:55:43",103.4
CSWM-01K94J-11,"2025-11-04 23:00:43",106.2
CSWM-01K94J-11,"2025-11-04 23:05:43",144.0
CSWM-01K94J-11,"2025-11-04 23:10:43",70.4
CSWM-01K94J-11,"2025-11-04 23:15:43",107.9
CSWM-01K94J-11,"2025-11-04 23:20:43",55.4
CSWM-01K94J-11,"2025-11-04 23:25:43",98.6
CSWM-01K94J-11,"2025-11-04 23:30:43",141.7
CSWM-01K94J-11,"2025-11-04 23:35:43",85.9
CSWM-01K94J-11,"2025-11-04 23:40:43",97.9
CSWM-01K94J-11,"2025-11-04 23:45:43",91.3
CSWM-01K94J-11,"2025-11-04 23:50:43",141.8
CSWM-01K94J-11,"2025-11-04 23:55:43",93.2
CSWM-01K94J-11,"2025-11-05 00:00:43",129.9
CSWM-01K94J-11,"2025-11-05 00:05:43",125.1
CSWM-01K94J-11,"2025-11-05 00:10:43",107.2
CSWM-01K94J-11,"2025-11-05 00:15:43",83.5
CSWM-01K94J-11,"2025-11-05 00:20:43",110.4
CSWM-01K94J-11,"2025-11-05 00:25:43",91.7
CSWM-01K94J-11,"2025-11-05 00:30:43",141.3
CSWM-01K94J-11,"2025-11-05 00:35:43",105.7
CSWM-01K94J-11,"2025-11-05 00:40:43",94.1
CSWM-01K94J-11,"2025-11-05 00:45:43",142.4
CSWM-01K94J-11,"2025-11-05 00:50:43",108.5
CSWM-01K94J-11,"2025-11-05 00:55:43",87.7
CSWM-01K94J-11,"2025-11-05 01:00:43",139.6
CSWM-01K94J-11,"2025-11-05 01:05:43",101.9
CSWM-01K94J-11,"2025-11-05 01:10:43",105.4
CSWM-01K94J-11,"2025-11-05 01:15:43",116.1
CSWM-01K94J-11,"2025-11-05 01:20:43",157.6
CSWM-01K94J-11,"2025-11-05 01:25:43",96.0
CSWM-01K94J-11,"2025-11-05 01:30:43",93.4
CSWM-01K94J-11,"2025-11-05 01:35:43",147.9
CSWM-01K94J-11,"2025-11-05 01:40:43",106.9
CSWM-01K94J-11,"2025-11-05 01:45:43",126.1
CSWM-01K94J-11,"2025-11-05 01:50:43",144.3
CSWM-01K94J-11,"2025-11-05 01:55:43",87.7
CSWM-01K94J-11,"2025-11-05 02:00:43",108.6
CSWM-01K94J-11,"2025-11-05 02:05:43",88.8
CSWM-01K94J-11,"2025-11-05 02:10:43",64.1
CSWM-01K94J-11,"2025-11-05 02:15:43",73.4
CSWM-01K94J-11,"2025-11-05 02:20:43",93.1
CSWM-01K94J-11,"2025-11-05 02:25:43",130.3
CSWM-01K94J-11,"2025-11-05 02:30:43",108.3
CSWM-01K94J-11,"2025-11-05 02:35:43",105.2
CSWM-01K94J-11,"2025-11-05 02:40:43",89.2
CSWM-01K94J-11,"2025-11-05 02:45:43",106.9
CSWM-01K94J-11,"2025-11-05 02:50:43",58.6
CSWM-01K94J-11,"2025-11-05 02:55:43",70.9
CSWM-01K94J-11,"2025-11-05 03:00:43",121.7
CSWM-01K94J-11,"2025-11-05 03:05:43",122.3
CSWM-01K94J-11,"2025-11-05 03:10:43",147.0
CSWM-01K94J-11,"2025-11-05 03:15:43",92.5
CSWM-01K94J-11,"2025-11-05 03:20:43",71.3
CSWM-01K94J-11,"2025-11-05 03:25:43",115.4
CSWM-01K94J-11,"2025-11-05 03:30:43",97.8
CSWM-01K94J-11,"2025-11-05 03:35:43",122.7
CSWM-01K94J-11,"2025-11-05 03:40:43",150.8
CSWM-01K94J-11,"2025-11-05 03:45:43",137.1
CSWM-01K94J-11,"2025-11-05 03:50:43",157.1
CSWM-01K94J-11,"2025-11-05 03:55:43",110.9
CSWM-01K94J-11,"2025-11-05 04:00:43",135.4
CSWM-01K94J-11,"2025-11-05 04:05:43",121.1
CSWM-01K94J-11,"2025-11-05 04:10:43",128.6
CSWM-01K94J-11,"2025-11-05 04:15:43",146.6
CSWM-01K94J-11,"2025-11-05 04:20:43",138.3
CSWM-01K94J-11,"2025-11-05 04:25:43",116.9
CSWM-01K94J-11,"2025-11-05 04:30:43",143.0
CSWM-01K94J-11,"2025-11-05 04:35:43",73.2
CSWM-01K94J-11,"2025-11-05 04:40:43",137.9
CSWM-01K94J-11,"2025-11-05 04:45:43",95.2
CSWM-01K94J-11,"2025-11-05 04:50:43",91.2
CSWM-01K94J-11,"2025-11-05 04:55:43",67.3
CSWM-01K94J-11,"2025-11-05 05:00:43",77.0
CSWM-01K94J-11,"2025-11-05 05:05:43",78.1
CSWM-01K94J-11,"2025-11-05 05:10:43",80.9
CSWM-01K94J-11,"2025-11-05 05:15:43",113.1
CSWM-01K94J-11,"2025-11-05 05:20:43",65.8
CSWM-01K94J-11,"2025-11-05 05:25:43",65.6
CSWM-01K94J-11,"2025-11-05 05:30:43",149.8
CSWM-01K94J-11,"2025-11-05 05:35:43",118.8
CSWM-01K94J-11,"2025-11-05 05:40:43",107.2
CSWM-01K94J-11,"2025-11-05 05:45:43",107.3
CSWM-01K94J-11,"2025-11-05 05:50:43",102.8
CSWM-01K94J-11,"2025-11-05 05:55:43",64.2
CSWM-01K94J-11,"2025-11-05 06:00:43",133.5
CSWM-01K94J-11,"2025-11-05 06:05:43",60.3
CSWM-01K94J-11,"2025-11-05 06:10:43",142.5
CSWM-01K94J-11,"2025-11-05 06:15:43",112.3
CSWM-01K94J-11,"2025-11-05 06:20:43",96.2
CSWM-01K94J-11,"2025-11-05 06:25:43",131.7
CSWM-01K94J-11,"2025-11-05 06:30:43",86.8
CSWM-01K94J-11,"2025-11-05 06:35:43",104.6
CSWM-01K94J-11,"2025-11-05 06:40:43",119.2
CSWM-01K94J-11,"2025-11-05 06:45:43",102.8
CSWM-01K94J-11,"2025-11-05 06:50:43",77.2
CSWM-01K94J-11,"2025-11-05 06:55:43",112.3
CSWM-01K94J-11,"2025-11-05 07:00:43",130.0
CSWM-01K94J-11,"2025-11-05 07:05:43",106.5
CSWM-01K94J-11,"2025-11-05 07:10:43",138.7
CSWM-01K94J-11,"2025-11-05 07:15:43",126.1
CSWM-01K94J-11,"2025-11-05 07:20:43",89.0
CSWM-01K94J-11,"2025-11-05 07:25:43",105.7
CSWM-01K94J-11,"2025-11-05 07:30:43",100.7
CSWM-01K94J-11,"2025-11-05 07:35:43",72.2
CSWM-01K94J-11,"2025-11-05 07:40:43",115.4
CSWM-01K94J-11,"2025-11-05 07:45:43",121.4
CSWM-01K94J-11,"2025-11-05 07:50:43",88.4
CSWM-01K94J-11,"2025-11-05 07:55:43",96.4
CSWM-01K94J-11,"2025-11-05 08:00:43",55.6
CSWM-01K94J-11,"2025-11-05 08:05:43",118.5
CSWM-01K94J-11,"2025-11-05 08:10:43",120.8
CSWM-01K94J-11,"2025-11-05 08:15:43",82.3
CSWM-01K94J-11,"2025-11-05 08:20:43",142.5
CSWM-01K94J-11,"2025-11-05 08:25:43",151.4
CSWM-01K94J-11,"2025-11-05 08:30:43",145.8
CSWM-01K94J-11,"2025-11-05 08:35:43",107.9
CSWM-01K94J-11,"2025-11-05 08:40:43",101.7
CSWM-01K94J-11,"2025-11-05 08:45:43",120.9
CSWM-01K94J-11,"2025-11-05 08:50:43",94.5
CSWM-01K94J-11,"2025-11-05 08:55:43",88.2
CSWM-01K94J-11,"2025-11-05 09:00:43",100.8
CSWM-01K94J-11,"2025-11-05 09:05:43",120.5
CSWM-01K94J-11,"2025-11-05 09:10:43",96.4
CSWM-01K94J-11,"2025-11-05 09:15:43",76.0
CSWM-01K94J-11,"2025-11-05 09:20:43",133.4
CSWM-01K94J-11,"2025-11-05 09:25:43",83.2
CSWM-01K94J-11,"2025-11-05 09:30:43",143.3
CSWM-01K94J-11,"2025-11-05 09:35:43",141.5
CSWM-01K94J-11,"2025-11-05 09:40:43",85.8
CSWM-01K94J-11,"2025-11-05 09:45:43",136.0
CSWM-01K94J-11,"2025-11-05 09:50:43",121.4
CSWM-01K94J-11,"2025-11-05 09:55:43",95.7
CSWM-01K94J-11,"2025-11-05 10:00:43",163.7
CSWM-01K94J-11,"2025-11-05 10:05:43",93.0
CSWM-01K94J-11,"2025-11-05 10:10:43",122.7
CSWM-01K94J-11,"2025-11-05 10:15:43",76.2
CSWM-01K94J-11,"2025-11-05 10:20:43",59.8
CSWM-01K94J-11,"2025-11-05 10:25:43",156.0
CSWM-01K94J-11,"2025-11-05 10:30:43",91.4
CSWM-01K94J-11,"2025-11-05 10:35:43",117.3
CSWM-01K94J-11,"2025-11-05 10:40:43",82.2
CSWM-01K94J-11,"2025-11-05 10:45:43",106.8
CSWM-01K94J-11,"2025-11-05 10:50:43",144.0
CSWM-01K94J-11,"2025-11-05 10:55:43",80.9
CSWM-01K94J-11,"2025-11-05 11:00:43",140.7
CSWM-01K94J-11,"2025-11-05 11:05:43",73.5
CSWM-01K94J-11,"2025-11-05 11:10:43",137.8
CSWM-01K94J-11,"2025-11-05 11:15:43",136.3
CSWM-01K94J-11,"2025-11-05 11:20:43",111.3
CSWM-01K94J-11,"2025-11-05 11:25:43",74.9
CSWM-01K94J-11,"2025-11-05 11:30:43",75.9
CSWM-01K94J-11,"2025-11-05 11:35:43",151.8
CSWM-01K94J-11,"2025-11-05 11:40:43",101.7
CSWM-01K94J-11,"2025-11-05 11:45:43",125.2
CSWM-01K94J-11,"2025-11-05 11:50:43",135.2
CSWM-01K94J-11,"2025-11-05 11:55:43",82.5
CSWM-01K94J-11,"2025-11-05 12:00:43",66.0
CSWM-01K94J-11,"2025-11-05 12:05:43",79.0
CSWM-01K94J-11,"2025-11-05 12:10:43",114.8
CSWM-01K94J-11,"2025-11-05 12:15:43",125.1
CSWM-01K94J-11,"2025-11-05 12:20:43",89.5
CSWM-01K94J-11,"2025-11-05 12:25:43",102.4
CSWM-01K94J-11,"2025-11-05 12:30:43",121.0
CSWM-01K94J-11,"2025-11-05 12:35:43",127.0
CSWM-01K94J-11,"2025-11-05 12:40:43",124.9
CSWM-01K94J-11,"2025-11-05 12:45:43",122.1
CSWM-01K94J-11,"2025-11-05 12:50:43",103.0
CSWM-01K94J-11,"2025-11-05 12:55:43",116.7
CSWM-01K94J-11,"2025-11-05 13:00:43",142.0
CSWM-01K94J-11,"2025-11-05 13:05:43",99.3
CSWM-01K94J-11,"2025-11-05 13:10:43",114.6
CSWM-01K94J-11,"2025-11-05 13:15:43",96.9
CSWM-01K94J-11,"2025-11-05 13:20:43",147.3
CSWM-01K94J-11,"2025-11-05 13:25:43",106.3
CSWM-01K94J-11,"2025-11-05 13:30:43",157.3
CSWM-01K94J-11,"2025-11-05 13:35:43",140.4
CSWM-01K94J-11,"2025-11-05 13:40:43",152.1
CSWM-01K94J-11,"2025-11-05 13:45:43",134.8
CSWM-01K94J-11,"2025-11-05 13:50:43",87.6
CSWM-01K94J-11,"2025-11-05 13:55:43",92.8
CSWM-01K94J-11,"2025-11-05 14:00:43",100.5
CSWM-01K94J-11,"2025-11-05 14:05:43",114.5
CSWM-01K94J-11,"2025-11-05 14:10:43",71.0
CSWM-01K94J-11,"2025-11-05 14:15:43",102.6
CSWM-01K94J-11,"2025-11-05 14:20:43",125.4
CSWM-01K94J-11,"2025-11-05 14:25:43",99.5
CSWM-01K94J-11,"2025-11-05 14:30:43",92.8
CSWM-01K94J-11,"2025-11-05 14:35:43",101.9
CSWM-01K94J-11,"2025-11-05 14:40:43",116.1
CSWM-01K94J-11,"2025-11-05 14:45:43",98.5
CSWM-01K94J-11,"2025-11-05 14:50:43",129.8
CSWM-01K94J-11,"2025-11-05 14:55:43",135.3
CSWM-01K94J-11,"2025-11-05 15:00:43",108.1
CSWM-01K94J-11,"2025-11-05 15:05:43",65.0
CSWM-01K94J-11,"2025-11-05 15:10:43",101.5
CSWM-01K94J-11,"2025-11-05 15:15:43",115.7
CSWM-01K94J-11,"2025-11-05 15:20:43",64.0
CSWM-01K94J-11,"2025-11-05 15:25:43",123.9
CSWM-01K94J-11,"2025-11-05 15:30:43",133.4
CSWM-01K94J-11,"2025-11-05 15:35:43",129.3
CSWM-01K94J-11,"2025-11-05 15:40:43",140.4
CSWM-01K94J-11,"2025-11-05 15:45:43",104.6
CSWM-01K94J-11,"2025-11-05 15:50:43",149.6
CSWM-01K94J-11,"2025-11-05 15:55:43",163.2
CSWM-01K94J-11,"2025-11-05 16:00:43",146.8
CSWM-01K94J-11,"2025-11-05 16:05:43",127.7
CSWM-01K94J-11,"2025-11-05 16:10:43",138.5
CSWM-01K94J-11,"2025-11-05 16:15:43",119.6
CSWM-01K94J-11,"2025-11-05 16:20:43",99.3
CSWM-01K94J-11,"2025-11-05 16:25:43",122.0
CSWM-01K94J-11,"2025-11-05 16:30:43",63.1
CSWM-01K94J-11,"2025-11-05 16:35:43",127.2
CSWM-01K94J-11,"2025-11-05 16:40:43",100.5
CSWM-01K94J-11,"2025-11-05 16:45:43",98.0
CSWM-01K94J-11,"2025-11-05 16:50:43",126.6
CSWM-01K94J-11,"2025-11-05 16:55:43",120.7
CSWM-01K94J-11,"2025-11-05 17:00:43",97.7
CSWM-01K94J-11,"2025-11-05 17:05:43",119.6
CSWM-01K94J-11,"2025-11-05 17:10:43",89.8
CSWM-01K94J-11,"2025-11-05 17:15:43",66.1
CSWM-01K94J-11,"2025-11-05 17:20:43",59.9
CSWM-01K94J-11,"2025-11-05 17:25:43",82.0
CSWM-01K94J-11,"2025-11-05 17:30:43",64.3
CSWM-01K94J-11,"2025-11-05 17:35:43",66.7
CSWM-01K94J-11,"2025-11-05 17:40:43",107.1
CSWM-01K94J-11,"2025-11-05 17:45:43",113.8
CSWM-01K94J-11,"2025-11-05 17:50:43",80.9
CSWM-01K94J-11,"2025-11-05 17:55:43",83.0
CSWM-01K94J-11,"2025-11-05 18:00:43",128.8
CSWM-01K94J-11,"2025-11-05 18:05:43",81.3
CSWM-01K94J-11,"2025-11-05 18:10:43",98.9
CSWM-01K94J-11,"2025-11-05 18:15:43",107.3
CSWM-01K94J-11,"2025-11-05 18:20:43",87.6
CSWM-01K94J-11,"2025-11-05 18:25:43",98.7
CSWM-01K94J-11,"2025-11-05 18:30:43",71.1
CSWM-01K94J-11,"2025-11-05 18:35:43",136.6
CSWM-01K94J-11,"2025-11-05 18:40:43",102.3
CSWM-01K94J-11,"2025-11-05 18:45:43",111.1
CSWM-01K94J-11,"2025-11-05 18:50:43",136.0
CSWM-01K94J-11,"2025-11-05 18:55:43",106.4
CSWM-01K94J-11,"2025-11-05 19:00:43",102.6
CSWM-01K94J-11,"2025-11-05 19:05:43",114.8
CSWM-01K94J-11,"2025-11-05 19:10:43",116.5
CSWM-01K94J-11,"2025-11-05 19:15:43",65.4
CSWM-01K94J-11,"2025-11-05 19:20:43",149.8
CSWM-01K94J-11,"2025-11-05 19:25:43",68.0
CSWM-01K94J-11,"2025-11-05 19:30:43",113.2
CSWM-01K94J-11,"2025-11-05 19:35:43",130.7
CSWM-01K94J-11,"2025-11-05 19:40:43",89.0
CSWM-01K94J-11,"2025-11-05 19:45:43",105.6
CSWM-01K94J-11,"2025-11-05 19:50:43",74.7
CSWM-01K94J-11,"2025-11-05 19:55:43",126.1
CSWM-01K94J-11,"2025-11-05 20:00:43",119.5
CSWM-01K94J-11,"2025-11-05 20:05:43",119.2
CSWM-01K94J-11,"2025-11-05 20:10:43",139.1
CSWM-01K94J-11,"2025-11-05 20:15:43",134.8
CSWM-01K94J-11,"2025-11-05 20:20:43",63.5
CSWM-01K94J-11,"2025-11-05 20:25:43",115.4
CSWM-01K94J-11,"2025-11-05 20:30:43",58.2
CSWM-01K94J-11,"2025-11-05 20:35:43",111.3
CSWM-01K94J-11,"2025-11-05 20:40:43",63.5
CSWM-01K94J-11,"2025-11-05 20:45:43",92.3
CSWM-01K94J-11,"2025-11-05 20:50:43",63.9
CSWM-01K94J-11,"2025-11-05 20:55:43",142.4
CSWM-01K94J-11,"2025-11-05 21:00:43",108.4
CSWM-01K94J-11,"2025-11-05 21:05:43",76.1
CSWM-01K94J-11,"2025-11-05 21:10:43",69.3
CSWM-01K94J-11,"2025-11-05 21:15:43",126.3
CSWM-01K94J-11,"2025-11-05 21:20:43",96.1
CSWM-01K94J-11,"2025-11-05 21:25:43",110.7
CSWM-01K94J-11,"2025-11-05 21:30:43",111.6
CSWM-01K94J-11,"2025-11-05 21:35:43",125.3
CSWM-01K94J-11,"2025-11-05 21:40:43",93.9
CSWM-01K94J-11,"2025-11-05 21:45:43",96.2
CSWM-01K94J-11,"2025-11-05 21:50:43",116.9
CSWM-01K94J-11,"2025-11-05 21:55:43",91.2
CSWM-01K94J-11,"2025-11-05 22:00:43",85.8
CSWM-01K94J-11,"2025-11-05 22:05:43",91.1
CSWM-01K94J-11,"2025-11-05 22:10:43",101.2
CSWM-01K94J-11,"2025-11-05 22:15:43",145.4
CSWM-01K94J-11,"2025-11-05 22:20:43",99.8
CSWM-01K94J-11,"2025-11-05 22:25:43",97.3
CSWM-01K94J-11,"2025-11-05 22:30:43",108.2
CSWM-01K94J-11,"2025-11-05 22:35:43",122.9
CSWM-01K94J-11,"2025-11-05 22:40:43",116.2
CSWM-01K94J-11,"2025-11-05 22:45:43",101.6
CSWM-01K94J-11,"2025-11-05 22:50:43",95.8
CSWM-01K94J-11,"2025-11-05 22:55:43",79.2
CSWM-01K94J-11,"2025-11-05 23:00:43",143.3
CSWM-01K94J-11,"2025-11-05 23:05:43",144.5
CSWM-01K94J-11,"2025-11-05 23:10:43",136.7
CSWM-01K94J-11,"2025-11-05 23:15:43",124.5
CSWM-01K94J-11,"2025-11-05 23:20:43",116.6
CSWM-01K94J-11,"2025-11-05 23:25:43",74.1
CSWM-01K94J-11,"2025-11-05 23:30:43",94.1
CSWM-01K94J-11,"2025-11-05 23:35:43",84.1
CSWM-01K94J-11,"2025-11-05 23:40:43",105.3
CSWM-01K94J-11,"2025-11-05 23:45:43",134.2
CSWM-01K94J-11,"2025-11-05 23:50:43",119.2
CSWM-01K94J-11,"2025-11-05 23:55:43",101.9
CSWM-01K94J-11,"2025-11-06 00:00:43",116.4
CSWM-01K94J-11,"2025-11-06 00:05:43",82.9
CSWM-01K94J-11,"2025-11-06 00:10:43",152.7
CSWM-01K94J-11,"2025-11-06 00:15:43",110.0
CSWM-01K94J-11,"2025-11-06 00:20:43",120.1
CSWM-01K94J-11,"2025-11-06 00:25:43",137.9
CSWM-01K94J-11,"2025-11-06 00:30:43",128.2
CSWM-01K94J-11,"2025-11-06 00:35:43",125.7
CSWM-01K94J-11,"2025-11-06 00:40:43",141.3
CSWM-01K94J-11,"2025-11-06 00:45:43",84.4
CSWM-01K94J-11,"2025-11-06 00:50:43",111.3
CSWM-01K94J-11,"2025-11-06 00:55:43",132.1
CSWM-01K94J-11,"2025-11-06 01:00:43",159.8
CSWM-01K94J-11,"2025-11-06 01:05:43",106.3
CSWM-01K94J-11,"2025-11-06 01:10:43",69.5
CSWM-01K94J-11,"2025-11-06 01:15:43",128.8
CSWM-01K94J-11,"2025-11-06 01:20:43",87.3
CSWM-01K94J-11,"2025-11-06 01:25:43",137.4
CSWM-01K94J-11,"2025-11-06 01:30:43",87.7
CSWM-01K94J-11,"2025-11-06 01:35:43",150.5
CSWM-01K94J-11,"2025-11-06 01:40:43",141.9
CSWM-01K94J-11,"2025-11-06 01:45:43",83.7
CSWM-01K94J-11,"2025-11-06 01:50:43",99.1
CSWM-01K94J-11,"2025-11-06 01:55:43",166.7
CSWM-01K94J-11,"2025-11-06 02:00:43",112.2
CSWM-01K94J-11,"2025-11-06 02:05:43",81.3
CSWM-01K94J-11,"2025-11-06 02:10:43",125.6
CSWM-01K94J-11,"2025-11-06 02:15:43",78.4
CSWM-01K94J-11,"2025-11-06 02:20:43",116.7
CSWM-01K94J-11,"2025-11-06 02:25:43",86.6
CSWM-01K94J-11,"2025-11-06 02:30:43",146.8
CSWM-01K94J-11,"2025-11-06 02:35:43",101.2
CSWM-01K94J-11,"2025-11-06 02:40:43",88.8
CSWM-01K94J-11,"2025-11-06 02:45:43",130.9
CSWM-01K94J-11,"2025-11-06 02:50:43",103.4
CSWM-01K94J-11,"2025-11-06 02:55:43",89.4
CSWM-01K94J-11,"2025-11-06 03:00:43",128.3
CSWM-01K94J-11,"2025-11-06 03:05:43",79.9
CSWM-01K94J-11,"2025-11-06 03:10:43",109.7
CSWM-01K94J-11,"2025-11-06 03:15:43",102.6
CSWM-01K94J-11,"2025-11-06 03:20:43",122.9
CSWM-01K94J-11,"2025-11-06 03:25:43",96.6
CSWM-01K94J-11,"2025-11-06 03:30:43",154.5
CSWM-01K94J-11,"2025-11-06 03:35:43",79.6
CSWM-01K94J-11,"2025-11-06 03:40:43",135.9
CSWM-01K94J-11,"2025-11-06 03:45:43",129.4
CSWM-01K94J-11,"2025-11-06 03:50:43",160.3
CSWM-01K94J-11,"2025-11-06 03:55:43",118.1
CSWM-01K94J-11,"2025-11-06 04:00:43",87.4
CSWM-01K94J-11,"2025-11-06 04:05:43",141.2
CSWM-01K94J-11,"2025-11-06 04:10:43",131.1
CSWM-01K94J-11,"2025-11-06 04:15:43",106.9
CSWM-01K94J-11,"2025-11-06 04:20:43",129.0
CSWM-01K94J-11,"2025-11-06 04:25:43",86.6
CSWM-01K94J-11,"2025-11-06 04:30:43",130.8
CSWM-01K94J-11,"2025-11-06 04:35:43",132.5
CSWM-01K94J-11,"2025-11-06 04:40:43",118.3
CSWM-01K94J-11,"2025-11-06 04:45:43",87.8
CSWM-01K94J-11,"2025-11-06 04:50:43",104.9
CSWM-01K94J-11,"2025-11-06 04:55:43",157.7
CSWM-01K94J-11,"2025-11-06 05:00:43",149.1
CSWM-01K94J-11,"2025-11-06 05:05:43",77.9
CSWM-01K94J-11,"2025-11-06 05:10:43",109.8
CSWM-01K94J-11,"2025-11-06 05:15:43",127.6
CSWM-01K94J-11,"2025-11-06 05:20:43",66.1
CSWM-01K94J-11,"2025-11-06 05:25:43",140.2
CSWM-01K94J-11,"2025-11-06 05:30:43",130.2
CSWM-01K94J-11,"2025-11-06 05:35:43",74.4
CSWM-01K94J-11,"2025-11-06 05:40:43",137.7
CSWM-01K94J-11,"2025-11-06 05:45:43",124.7
CSWM-01K94J-11,"2025-11-06 05:50:43",119.9
CSWM-01K94J-11,"2025-11-06 05:55:43",69.2
CSWM-01K94J-11,"2025-11-06 06:00:43",154.1
CSWM-01K94J-11,"2025-11-06 06:05:43",109.0
CSWM-01K94J-11,"2025-11-06 06:10:43",138.9
CSWM-01K94J-11,"2025-11-06 06:15:43",122.6
CSWM-01K94J-11,"2025-11-06 06:20:43",148.2
CSWM-01K94J-11,"2025-11-06 06:25:43",89.7
CSWM-01K94J-11,"2025-11-06 06:30:43",115.7
CSWM-01K94J-11,"2025-11-06 06:35:43",150.9
CSWM-01K94J-11,"2025-11-06 06:40:43",109.4
CSWM-01K94J-11,"2025-11-06 06:45:43",127.6
CSWM-01K94J-11,"2025-11-06 06:50:43",148.5
CSWM-01K94J-11,"2025-11-06 06:55:43",102.7
CSWM-01K94J-11,"2025-11-06 07:00:43",128.5
CSWM-01K94J-11,"2025-11-06 07:05:43",56.8
CSWM-01K94J-11,"2025-11-06 07:10:43",127.3
CSWM-01K94J-11,"2025-11-06 07:15:43",127.2
CSWM-01K94J-11,"2025-11-06 07:20:43",95.0
CSWM-01K94J-11,"2025-11-06 07:25:43",136.6
CSWM-01K94J-11,"2025-11-06 07:30:43",123.8
CSWM-01K94J-11,"2025-11-06 07:35:43",92.6
CSWM-01K94J-11,"2025-11-06 07:40:43",141.1
CSWM-01K94J-11,"2025-11-06 07:45:43",148.2
CSWM-01K94J-11,"2025-11-06 07:50:43",111.0
CSWM-01K94J-11,"2025-11-06 07:55:43",138.8
CSWM-01K94J-11,"2025-11-06 08:00:43",151.5
CSWM-01K94J-11,"2025-11-06 08:05:43",114.6
CSWM-01K94J-11,"2025-11-06 08:10:43",144.8
CSWM-01K94J-11,"2025-11-06 08:15:43",134.3
CSWM-01K94J-11,"2025-11-06 08:20:43",150.3
CSWM-01K94J-11,"2025-11-06 08:25:43",134.7
CSWM-01K94J-11,"2025-11-06 08:30:43",132.7
CSWM-01K94J-11,"2025-11-06 08:35:43",105.4
CSWM-01K94J-11,"2025-11-06 08:40:43",140.5
CSWM-01K94J-11,"2025-11-06 08:45:43",90.2
CSWM-01K94J-11,"2025-11-06 08:50:43",125.0
CSWM-01K94J-11,"2025-11-06 08:55:43",130.4
CSWM-01K94J-11,"2025-11-06 09:00:43",150.8
CSWM-01K94J-11,"2025-11-06 09:05:43",109.5
CSWM-01K94J-11,"2025-11-06 09:10:43",113.0
CSWM-01K94J-11,"2025-11-06 09:15:43",106.3
CSWM-01K94J-11,"2025-11-06 09:20:43",114.3
CSWM-01K94J-11,"2025-11-06 09:25:43",138.4
CSWM-01K94J-11,"2025-11-06 09:30:43",143.8
CSWM-01K94J-11,"2025-11-06 09:35:43",103.0
CSWM-01K94J-11,"2025-11-06 09:40:43",97.0
CSWM-01K94J-11,"2025-11-06 09:45:43",59.5
CSWM-01K94J-11,"2025-11-06 09:50:43",117.9
CSWM-01K94J-11,"2025-11-06 09:55:43",114.5
CSWM-01K94J-11,"2025-11-06 10:00:43",108.0
CSWM-01K94J-11,"2025-11-06 10:05:43",81.4
CSWM-01K94J-11,"2025-11-06 10:10:43",93.9
CSWM-01K94J-11,"2025-11-06 10:15:43",58.6
CSWM-01K94J-11,"2025-11-06 10:20:43",116.2
CSWM-01K94J-11,"2025-11-06 10:25:43",140.4
CSWM-01K94J-11,"2025-11-06 10:30:43",88.5
CSWM-01K94J-11,"2025-11-06 10:35:43",79.2
CSWM-01K94J-11,"2025-11-06 10:40:43",129.6
CSWM-01K94J-11,"2025-11-06 10:45:43",83.2
CSWM-01K94J-11,"2025-11-06 10:50:43",88.7
CSWM-01K94J-11,"2025-11-06 10:55:43",151.6
CSWM-01K94J-11,"2025-11-06 11:00:43",121.1
CSWM-01K94J-11,"2025-11-06 11:05:43",135.9
CSWM-01K94J-11,"2025-11-06 11:10:43",126.2
CSWM-01K94J-11,"2025-11-06 11:15:43",76.2
CSWM-01K94J-11,"2025-11-06 11:20:43",98.6
CSWM-01K94J-11,"2025-11-06 11:25:43",127.6
CSWM-01K94J-11,"2025-11-06 11:30:43",94.6
CSWM-01K94J-11,"2025-11-06 11:35:43",167.0
CSWM-01K94J-11,"2025-11-06 11:40:43",110.3
CSWM-01K94J-11,"2025-11-06 11:45:43",126.0
CSWM-01K94J-11,"2025-11-06 11:50:43",116.0
CSWM-01K94J-11,"2025-11-06 11:55:43",117.6
CSWM-01K94J-11,"2025-11-06 12:00:43",131.4
CSWM-01K94J-11,"2025-11-06 12:05:43",75.6
CSWM-01K94J-11,"2025-11-06 12:10:43",75.2
CSWM-01K94J-11,"2025-11-06 12:15:43",94.9
CSWM-01K94J-11,"2025-11-06 12:20:43",128.9
CSWM-01K94J-11,"2025-11-06 12:25:43",73.2
CSWM-01K94J-11,"2025-11-06 12:30:43",149.8
CSWM-01K94J-11,"2025-11-06 12:35:43",98.9
CSWM-01K94J-11,"2025-11-06 12:40:43",56.9
CSWM-01K94J-11,"2025-11-06 12:45:43",87.8
CSWM-01K94J-11,"2025-11-06 12:50:43",99.6
CSWM-01K94J-11,"2025-11-06 12:55:43",139.5
CSWM-01K94J-11,"2025-11-06 13:00:43",97.1
CSWM-01K94J-11,"2025-11-06 13:05:43",148.1
CSWM-01K94J-11,"2025-11-06 13:10:43",125.6
CSWM-01K94J-11,"2025-11-06 13:15:43",130.2
CSWM-01K94J-11,"2025-11-06 13:20:43",68.7
CSWM-01K94J-11,"2025-11-06 13:25:43",110.9
CSWM-01K94J-11,"2025-11-06 13:30:43",75.2
CSWM-01K94J-11,"2025-11-06 13:35:43",90.9
CSWM-01K94J-11,"2025-11-06 13:40:43",67.8
CSWM-01K94J-11,"2025-11-06 13:45:43",137.8
CSWM-01K94J-11,"2025-11-06 13:50:43",152.2
CSWM-01K94J-11,"2025-11-06 13:55:43",153.7
CSWM-01K94J-11,"2025-11-06 14:00:43",95.0
CSWM-01K94J-11,"2025-11-06 14:05:43",123.4
CSWM-01K94J-11,"2025-11-06 14:10:43",120.7
CSWM-01K94J-11,"2025-11-06 14:15:43",104.1
CSWM-01K94J-11,"2025-11-06 14:20:43",71.4
CSWM-01K94J-11,"2025-11-06 14:25:43",109.1
CSWM-01K94J-11,"2025-11-06 14:30:43",95.0
CSWM-01K94J-11,"2025-11-06 14:35:43",79.2
CSWM-01K94J-11,"2025-11-06 14:40:43",99.1
CSWM-01K94J-11,"2025-11-06 14:45:43",103.3
CSWM-01K94J-11,"2025-11-06 14:50:43",104.5
CSWM-01K94J-11,"2025-11-06 14:55:43",94.5
CSWM-01K94J-11,"2025-11-06 15:00:43",129.7
CSWM-01K94J-11,"2025-11-06 15:05:43",83.0
CSWM-01K94J-11,"2025-11-06 15:10:43",148.8
CSWM-01K94J-11,"2025-11-06 15:15:43",105.7
CSWM-01K94J-11,"2025-11-06 15:20:43",101.6
CSWM-01K94J-11,"2025-11-06 15:25:43",106.1
CSWM-01K94J-11,"2025-11-06 15:30:43",137.4
CSWM-01K94J-11,"2025-11-06 15:35:43",116.2
CSWM-01K94J-11,"2025-11-06 15:40:43",127.7
CSWM-01K94J-11,"2025-11-06 15:45:43",89.4
CSWM-01K94J-11,"2025-11-06 15:50:43",135.4
CSWM-01K94J-11,"2025-11-06 15:55:43",92.8
CSWM-01K94J-11,"2025-11-06 16:00:43",97.4
CSWM-01K94J-11,"2025-11-06 16:05:43",113.6
CSWM-01K94J-11,"2025-11-06 16:10:43",153.1
CSWM-01K94J-11,"2025-11-06 16:15:43",94.2
CSWM-01K94J-11,"2025-11-06 16:20:43",68.4
CSWM-01K94J-11,"2025-11-06 16:25:43",62.2
CSWM-01K94J-11,"2025-11-06 16:30:43",117.2
CSWM-01K94J-11,"2025-11-06 16:35:43",146.7
CSWM-01K94J-11,"2025-11-06 16:40:43",110.6
CSWM-01K94J-11,"2025-11-06 16:45:43",75.2
CSWM-01K94J-11,"2025-11-06 16:50:43",53.4
CSWM-01K94J-11,"2025-11-06 16:55:43",154.1
CSWM-01K94J-11,"2025-11-06 17:00:43",76.9
CSWM-01K94J-11,"2025-11-06 17:05:43",82.1
CSWM-01K94J-11,"2025-11-06 17:10:43",104.3
CSWM-01K94J-11,"2025-11-06 17:15:43",113.0
CSWM-01K94J-11,"2025-11-06 17:20:43",136.6
CSWM-01K94J-11,"2025-11-06 17:25:43",78.4
CSWM-01K94J-11,"2025-11-06 17:30:43",124.1
CSWM-01K94J-11,"2025-11-06 17:35:43",133.7
CSWM-01K94J-11,"2025-11-06 17:40:43",113.1
CSWM-01K94J-11,"2025-11-06 17:45:43",146.2
CSWM-01K94J-11,"2025-11-06 17:50:43",115.1
CSWM-01K94J-11,"2025-11-06 17:55:43",105.1
CSWM-01K94J-11,"2025-11-06 18:00:43",78.7
CSWM-01K94J-11,"2025-11-06 18:05:43",135.6
CSWM-01K94J-11,"2025-11-06 18:10:43",74.3
CSWM-01K94J-11,"2025-11-06 18:15:43",132.8
CSWM-01K94J-11,"2025-11-06 18:20:43",87.7
CSWM-01K94J-11,"2025-11-06 18:25:43",100.5
CSWM-01K94J-11,"2025-11-06 18:30:43",132.0
CSWM-01K94J-11,"2025-11-06 18:35:43",123.6
CSWM-01K94J-11,"2025-11-06 18:40:43",113.5
CSWM-01K94J-11,"2025-11-06 18:45:43",98.3
CSWM-01K94J-11,"2025-11-06 18:50:43",104.8
CSWM-01K94J-11,"2025-11-06 18:55:43",138.7
CSWM-01K94J-11,"2025-11-06 19:00:43",119.3
CSWM-01K94J-11,"2025-11-06 19:05:43",88.9
CSWM-01K94J-11,"2025-11-06 19:10:43",121.6
CSWM-01K94J-11,"2025-11-06 19:15:43",91.9
CSWM-01K94J-11,"2025-11-06 19:20:43",104.2
CSWM-01K94J-11,"2025-11-06 19:25:43",111.6
CSWM-01K94J-11,"2025-11-06 19:30:43",87.8
CSWM-01K94J-11,"2025-11-06 19:35:43",152.7
CSWM-01K94J-11,"2025-11-06 19:40:43",111.8
CSWM-01K94J-11,"2025-11-06 19:45:43",104.4
CSWM-01K94J-11,"2025-11-06 19:50:43",124.9
CSWM-01K94J-11,"2025-11-06 19:55:43",129.1
CSWM-01K94J-11,"2025-11-06 20:00:43",143.4
CSWM-01K94J-11,"2025-11-06 20:05:43",115.7
CSWM-01K94J-11,"2025-11-06 20:10:43",134.7
CSWM-01K94J-11,"2025-11-06 20:15:43",89.7
CSWM-01K94J-11,"2025-11-06 20:20:43",129.6
CSWM-01K94J-11,"2025-11-06 20:25:43",105.6
CSWM-01K94J-11,"2025-11-06 20:30:43",100.9
CSWM-01K94J-11,"2025-11-06 20:35:43",148.2
CSWM-01K94J-11,"2025-11-06 20:40:43",84.9
CSWM-01K94J-11,"2025-11-06 20:45:43",67.4
CSWM-01K94J-11,"2025-11-06 20:50:43",113.5
CSWM-01K94J-11,"2025-11-06 20:55:43",100.4
CSWM-01K94J-11,"2025-11-06 21:00:43",157.2
CSWM-01K94J-11,"2025-11-06 21:05:43",137.6
CSWM-01K94J-11,"2025-11-06 21:10:43",98.7
CSWM-01K94J-11,"2025-11-06 21:15:43",102.4
CSWM-01K94J-11,"2025-11-06 21:20:43",70.8
CSWM-01K94J-11,"2025-11-06 21:25:43",146.2
CSWM-01K94J-11,"2025-11-06 21:30:43",71.5
CSWM-01K94J-11,"2025-11-06 21:35:43",106.4
CSWM-01K94J-11,"2025-11-06 21:40:43",115.0
CSWM-01K94J-11,"2025-11-06 21:45:43",125.9
CSWM-01K94J-11,"2025-11-06 21:50:43",116.6
CSWM-01K94J-11,"2025-11-06 21:55:43",81.0
CSWM-01K94J-11,"2025-11-06 22:00:43",95.2
CSWM-01K94J-11,"2025-11-06 22:05:43",98.2
CSWM-01K94J-11,"2025-11-06 22:10:43",123.4
CSWM-01K94J-11,"2025-11-06 22:15:43",126.4
CSWM-01K94J-11,"2025-11-06 22:20:43",155.3
CSWM-01K94J-11,"2025-11-06 22:25:43",136.4
CSWM-01K94J-11,"2025-11-06 22:30:43",73.6
CSWM-01K94J-11,"2025-11-06 22:35:43",136.3
CSWM-01K94J-11,"2025-11-06 22:40:43",59.9
CSWM-01K94J-11,"2025-11-06 22:45:43",119.1
CSWM-01K94J-11,"2025-11-06 22:50:43",127.7
CSWM-01K94J-11,"2025-11-06 22:55:43",79.4
CSWM-01K94J-11,"2025-11-06 23:00:43",101.7
CSWM-01K94J-11,"2025-11-06 23:05:43",124.8
CSWM-01K94J-11,"2025-11-06 23:10:43",149.7
CSWM-01K94J-11,"2025-11-06 23:15:43",97.3
CSWM-01K94J-11,"2025-11-06 23:20:43",98.2
CSWM-01K94J-11,"2025-11-06 23:25:43",68.5
CSWM-01K94J-11,"2025-11-06 23:30:43",147.3
CSWM-01K94J-11,"2025-11-06 23:35:43",93.3
CSWM-01K94J-11,"2025-11-06 23:40:43",103.5
CSWM-01K94J-11,"2025-11-06 23:45:43",123.7
CSWM-01K94J-11,"2025-11-06 23:50:43",101.4
CSWM-01K94J-11,"2025-11-06 23:55:43",105.2
CSWM-01K94J-11,"2025-11-07 00:00:43",66.1
CSWM-01K94J-11,"2025-11-07 00:05:43",99.2
CSWM-01K94J-11,"2025-11-07 00:10:43",118.9
CSWM-01K94J-11,"2025-11-07 00:15:43",95.1
CSWM-01K94J-11,"2025-11-07 00:20:43",97.9
CSWM-01K94J-11,"2025-11-07 00:25:43",114.7
CSWM-01K94J-11,"2025-11-07 00:30:43",113.8
CSWM-01K94J-11,"2025-11-07 00:35:43",73.4
CSWM-01K94J-11,"2025-11-07 00:40:43",94.5
CSWM-01K94J-11,"2025-11-07 00:45:43",131.7
CSWM-01K94J-11,"2025-11-07 00:50:43",86.5
CSWM-01K94J-11,"2025-11-07 00:55:43",148.4
CSWM-01K94J-11,"2025-11-07 01:00:43",84.0
CSWM-01K94J-11,"2025-11-07 01:05:43",80.9
CSWM-01K94J-11,"2025-11-07 01:10:43",86.1
CSWM-01K94J-11,"2025-11-07 01:15:43",94.5
CSWM-01K94J-11,"2025-11-07 01:20:43",76.7
CSWM-01K94J-11,"2025-11-07 01:25:43",130.2
CSWM-01K94J-11,"2025-11-07 01:30:43",73.7
CSWM-01K94J-11,"2025-11-07 01:35:43",118.7
CSWM-01K94J-11,"2025-11-07 01:40:43",125.8
CSWM-01K94J-11,"2025-11-07 01:45:43",110.8
CSWM-01K94J-11,"2025-11-07 01:50:43",130.2
CSWM-01K94J-11,"2025-11-07 01:55:43",134.7
CSWM-01K94J-11,"2025-11-07 02:00:43",105.8
CSWM-01K94J-11,"2025-11-07 02:05:43",124.0
CSWM-01K94J-11,"2025-11-07 02:10:43",67.5
CSWM-01K94J-11,"2025-11-07 02:15:43",141.6
CSWM-01K94J-11,"2025-11-07 02:20:43",89.3
CSWM-01K94J-11,"2025-11-07 02:25:43",130.2
CSWM-01K94J-11,"2025-11-07 02:30:43",93.7
CSWM-01K94J-11,"2025-11-07 02:35:43",88.0
CSWM-01K94J-11,"2025-11-07 02:40:43",64.6
CSWM-01K94J-11,"2025-11-07 02:45:43",118.2
CSWM-01K94J-11,"2025-11-07 02:50:43",75.8
CSWM-01K94J-11,"2025-11-07 02:55:43",110.7
CSWM-01K94J-11,"2025-11-07 03:00:43",69.6
CSWM-01K94J-11,"2025-11-07 03:05:43",100.7
CSWM-01K94J-11,"2025-11-07 03:10:43",106.7
CSWM-01K94J-11,"2025-11-07 03:15:43",99.3
CSWM-01K94J-11,"2025-11-07 03:20:43",146.4
CSWM-01K94J-11,"2025-11-07 03:25:43",134.4
CSWM-01K94J-11,"2025-11-07 03:30:43",89.8
CSWM-01K94J-11,"2025-11-07 03:35:43",148.2
CSWM-01K94J-11,"2025-11-07 03:40:43",133.5
CSWM-01K94J-11,"2025-11-07 03:45:43",76.7
CSWM-01K94J-11,"2025-11-07 03:50:43",82.3
CSWM-01K94J-11,"2025-11-07 03:55:43",79.8
CSWM-01K94J-11,"2025-11-07 04:00:43",127.1
CSWM-01K94J-11,"2025-11-07 04:05:43",113.2
CSWM-01K94J-11,"2025-11-07 04:10:43",141.1
CSWM-01K94J-11,"2025-11-07 04:15:43",114.6
CSWM-01K94J-11,"2025-11-07 04:20:43",116.1
CSWM-01K94J-11,"2025-11-07 04:25:43",140.8
CSWM-01K94J-11,"2025-11-07 04:30:43",71.2
CSWM-01K94J-11,"2025-11-07 04:35:43",126.5
CSWM-01K94J-11,"2025-11-07 04:40:43",146.1
CSWM-01K94J-11,"2025-11-07 04:45:43",127.9
CSWM-01K94J-11,"2025-11-07 04:50:43",136.7
CSWM-01K94J-11,"2025-11-07 04:55:43",139.4
CSWM-01K94J-11,"2025-11-07 05:00:43",129.5
CSWM-01K94J-11,"2025-11-07 05:05:43",153.6
CSWM-01K94J-11,"2025-11-07 05:10:43",126.8
CSWM-01K94J-11,"2025-11-07 05:15:43",140.8
CSWM-01K94J-11,"2025-11-07 05:20:43",89.6
CSWM-01K94J-11,"2025-11-07 05:25:43",83.4
CSWM-01K94J-11,"2025-11-07 05:30:43",154.4
CSWM-01K94J-11,"2025-11-07 05:35:43",80.0
CSWM-01K94J-11,"2025-11-07 05:40:43",144.7
CSWM-01K94J-11,"2025-11-07 05:45:43",121.8
CSWM-01K94J-11,"2025-11-07 05:50:43",60.9
CSWM-01K94J-11,"2025-11-07 05:55:43",97.4
CSWM-01K94J-11,"2025-11-07 06:00:43",119.5
CSWM-01K94J-11,"2025-11-07 06:05:43",113.1
CSWM-01K94J-11,"2025-11-07 06:10:43",97.9
CSWM-01K94J-11,"2025-11-07 06:15:43",60.6
CSWM-01K94J-11,"2025-11-07 06:20:43",131.3
CSWM-01K94J-11,"2025-11-07 06:25:43",137.7
CSWM-01K94J-11,"2025-11-07 06:30:43",117.4
CSWM-01K94J-11,"2025-11-07 06:35:43",105.9
CSWM-01K94J-11,"2025-11-07 06:40:43",72.9
CSWM-01K94J-11,"2025-11-07 06:45:43",102.3
CSWM-01K94J-11,"2025-11-07 06:50:43",79.3
CSWM-01K94J-11,"2025-11-07 06:55:43",68.4
CSWM-01K94J-11,"2025-11-07 07:00:43",126.5
CSWM-01K94J-11,"2025-11-07 07:05:43",116.9
CSWM-01K94J-11,"2025-11-07 07:10:43",97.1
CSWM-01K94J-11,"2025-11-07 07:15:43",87.5
CSWM-01K94J-11,"2025-11-07 07:20:43",149.4
CSWM-01K94J-11,"2025-11-07 07:25:43",114.0
CSWM-01K94J-11,"2025-11-07 07:30:43",53.2
CSWM-01K94J-11,"2025-11-07 07:35:43",118.4
CSWM-01K94J-11,"2025-11-07 07:40:43",141.7
CSWM-01K94J-11,"2025-11-07 07:45:43",84.4
CSWM-01K94J-11,"2025-11-07 07:50:43",145.7
CSWM-01K94J-11,"2025-11-07 07:55:43",104.9
CSWM-01K94J-11,"2025-11-07 08:00:43",98.8
CSWM-01K94J-11,"2025-11-07 08:05:43",77.3
CSWM-01K94J-11,"2025-11-07 08:10:43",119.7
CSWM-01K94J-11,"2025-11-07 08:15:43",142.2
CSWM-01K94J-11,"2025-11-07 08:20:43",75.5
CSWM-01K94J-11,"2025-11-07 08:25:43",114.9
CSWM-01K94J-11,"2025-11-07 08:30:43",110.6
CSWM-01K94J-11,"2025-11-07 08:35:43",81.5
CSWM-01K94J-11,"2025-11-07 08:40:43",110.8
CSWM-01K94J-11,"2025-11-07 08:45:43",71.6
CSWM-01K94J-11,"2025-11-07 08:50:43",128.2
CSWM-01K94J-11,"2025-11-07 08:55:43",133.9
CSWM-01K94J-11,"2025-11-07 09:00:43",130.4
CSWM-01K94J-11,"2025-11-07 09:05:43",73.2
CSWM-01K94J-11,"2025-11-07 09:10:43",101.2
CSWM-01K94J-11,"2025-11-07 09:15:43",111.1
CSWM-01K94J-11,"2025-11-07 09:20:43",104.7
CSWM-01K94J-11,"2025-11-07 09:25:43",144.9
CSWM-01K94J-11,"2025-11-07 09:30:43",67.7
CSWM-01K94J-11,"2025-11-07 09:35:43",116.8
CSWM-01K94J-11,"2025-11-07 09:40:43",119.7
CSWM-01K94J-11,"2025-11-07 09:45:43",140.0
CSWM-01K94J-11,"2025-11-07 09:50:43",136.5
CSWM-01K94J-11,"2025-11-07 09:55:43",104.6
CSWM-01K94J-11,"2025-11-07 10:00:43",139.2
CSWM-01K94J-11,"2025-11-07 10:05:43",125.8
CSWM-01K94J-11,"2025-11-07 10:10:43",133.5
CSWM-01K94J-11,"2025-11-07 10:15:43",144.2
CSWM-01K94J-11,"2025-11-07 10:20:43",125.5
CSWM-01K94J-11,"2025-11-07 10:25:43",98.5
CSWM-01K94J-11,"2025-11-07 10:30:43",147.1
CSWM-01K94J-11,"2025-11-07 10:35:43",103.2
CSWM-01K94J-11,"2025-11-07 10:40:43",130.3
CSWM-01K94J-11,"2025-11-07 10:45:43",104.5
CSWM-01K94J-11,"2025-11-07 10:50:43",83.7
CSWM-01K94J-11,"2025-11-07 10:55:43",93.6
CSWM-01K94J-11,"2025-11-07 11:00:43",134.8
CSWM-01K94J-11,"2025-11-07 11:05:43",68.3
CSWM-01K94J-11,"2025-11-07 11:10:43",130.1
CSWM-01K94J-11,"2025-11-07 11:15:43",133.2
CSWM-01K94J-11,"2025-11-07 11:20:43",148.9
CSWM-01K94J-11,"2025-11-07 11:25:43",92.9
CSWM-01K94J-11,"2025-11-07 11:30:43",161.7
CSWM-01K94J-11,"2025-11-07 11:35:43",108.2
CSWM-01K94J-11,"2025-11-07 11:40:43",69.4
CSWM-01K94J-11,"2025-11-07 11:45:43",79.0
CSWM-01K94J-11,"2025-11-07 11:50:43",100.8
CSWM-01K94J-11,"2025-11-07 11:55:43",68.4
CSWM-01K94J-11,"2025-11-07 12:00:43",138.0
CSWM-01K94J-11,"2025-11-07 12:05:43",70.8
CSWM-01K94J-11,"2025-11-07 12:10:43",129.9
CSWM-01K94J-11,"2025-11-07 12:15:43",131.0
CSWM-01K94J-11,"2025-11-07 12:20:43",133.5
CSWM-01K94J-11,"2025-11-07 12:25:43",122.0
CSWM-01K94J-11,"2025-11-07 12:30:43",111.5
CSWM-01K94J-11,"2025-11-07 12:35:43",104.0
CSWM-01K94J-11,"2025-11-07 12:40:43",63.6
CSWM-01K94J-11,"2025-11-07 12:45:43",73.1
CSWM-01K94J-11,"2025-11-07 12:50:43",87.0
CSWM-01K94J-11,"2025-11-07 12:55:43",69.1
CSWM-01K94J-11,"2025-11-07 13:00:43",130.7
CSWM-01K94J-11,"2025-11-07 13:05:43",58.4
CSWM-01K94J-11,"2025-11-07 13:10:43",89.2
CSWM-01K94J-11,"2025-11-07 13:15:43",121.7
CSWM-01K94J-11,"2025-11-07 13:20:43",97.6
CSWM-01K94J-11,"2025-11-07 13:25:43",91.6
CSWM-01K94J-11,"2025-11-07 13:30:43",122.4
CSWM-01K94J-11,"2025-11-07 13:35:43",67.6
CSWM-01K94J-11,"2025-11-07 13:40:43",137.7
CSWM-01K94J-11,"2025-11-07 13:45:43",89.8
CSWM-01K94J-11,"2025-11-07 13:50:43",115.8
CSWM-01K94J-11,"2025-11-07 13:55:43",139.4
CSWM-01K94J-11,"2025-11-07 14:00:43",143.8
CSWM-01K94J-11,"2025-11-07 14:05:43",136.4
CSWM-01K94J-11,"2025-11-07 14:10:43",139.9
CSWM-01K94J-11,"2025-11-07 14:15:43",109.9
CSWM-01K94J-11,"2025-11-07 14:20:43",156.7
CSWM-01K94J-11,"2025-11-07 14:25:43",99.1
CSWM-01K94J-11,"2025-11-07 14:30:43",144.8
CSWM-01K94J-11,"2025-11-07 14:35:43",113.6
CSWM-01K94J-11,"2025-11-07 14:40:43",110.7
CSWM-01K94J-11,"2025-11-07 14:45:43",91.9
CSWM-01K94J-11,"2025-11-07 14:50:43",121.6
CSWM-01K94J-11,"2025-11-07 14:55:43",121.6
CSWM-01K94J-11,"2025-11-07 15:00:43",133.8
CSWM-01K94J-11,"2025-11-07 15:05:43",135.1
CSWM-01K94J-11,"2025-11-07 15:10:43",132.9
CSWM-01K94J-11,"2025-11-07 15:15:43",128.9
CSWM-01K94J-11,"2025-11-07 15:20:43",117.9
CSWM-01K94J-11,"2025-11-07 15:25:43",133.7
CSWM-01K94J-11,"2025-11-07 15:30:43",125.0
CSWM-01K94J-11,"2025-11-07 15:35:43",79.3
CSWM-01K94J-11,"2025-11-07 15:40:43",97.2
CSWM-01K94J-11,"2025-11-07 15:45:43",78.0
CSWM-01K94J-11,"2025-11-07 15:50:43",144.3
CSWM-01K94J-11,"2025-11-07 15:55:43",122.9
CSWM-01K94J-11,"2025-11-07 16:00:43",85.5
CSWM-01K94J-11,"2025-11-07 16:05:43",127.6
CSWM-01K94J-11,"2025-11-07 16:10:43",117.3
CSWM-01K94J-11,"2025-11-07 16:15:43",101.3
CSWM-01K94J-11,"2025-11-07 16:20:43",102.7
CSWM-01K94J-11,"2025-11-07 16:25:43",136.2
CSWM-01K94J-11,"2025-11-07 16:30:43",150.5
CSWM-01K94J-11,"2025-11-07 16:35:43",107.6
CSWM-01K94J-11,"2025-11-07 16:40:43",69.9
CSWM-01K94J-11,"2025-11-07 16:45:43",134.1
CSWM-01K94J-11,"2025-11-07 16:50:43",131.1
CSWM-01K94J-11,"2025-11-07 16:55:43",137.0
CSWM-01K94J-11,"2025-11-07 17:00:43",87.0
CSWM-01K94J-11,"2025-11-07 17:05:43",139.7
CSWM-01K94J-11,"2025-11-07 17:10:43",150.6
CSWM-01K94J-11,"2025-11-07 17:15:43",103.4
CSWM-01K94J-11,"2025-11-07 17:20:43",86.1
CSWM-01K94J-11,"2025-11-07 17:25:43",89.9
CSWM-01K94J-11,"2025-11-07 17:30:43",139.4
CSWM-01K94J-11,"2025-11-07 17:35:43",153.3
CSWM-01K94J-11,"2025-11-07 17:40:43",88.0
CSWM-01K94J-11,"2025-11-07 17:45:43",97.2
CSWM-01K94J-11,"2025-11-07 17:50:43",60.1
CSWM-01K94J-11,"2025-11-07 17:55:43",73.1
CSWM-01K94J-11,"2025-11-07 18:00:43",72.9
CSWM-01K94J-11,"2025-11-07 18:05:43",108.2
CSWM-01K94J-11,"2025-11-07 18:10:43",107.2
CSWM-01K94J-11,"2025-11-07 18:15:43",113.3
CSWM-01K94J-11,"2025-11-07 18:20:43",146.8
CSWM-01K94J-11,"2025-11-07 18:25:43",90.8
CSWM-01K94J-11,"2025-11-07 18:30:43",116.0
CSWM-01K94J-11,"2025-11-07 18:35:43",137.8
CSWM-01K94J-11,"2025-11-07 18:40:43",145.2
CSWM-01K94J-11,"2025-11-07 18:45:43",137.2
CSWM-01K94J-11,"2025-11-07 18:50:43",86.2
CSWM-01K94J-11,"2025-11-07 18:55:43",117.1
CSWM-01K94J-11,"2025-11-07 19:00:43",136.8
CSWM-01K94J-11,"2025-11-07 19:05:43",98.3
CSWM-01K94J-11,"2025-11-07 19:10:43",108.5
CSWM-01K94J-11,"2025-11-07 19:15:43",131.0
CSWM-01K94J-11,"2025-11-07 19:20:43",93.2
CSWM-01K94J-11,"2025-11-07 19:25:43",126.4
CSWM-01K94J-11,"2025-11-07 19:30:43",110.7
CSWM-01K94J-11,"2025-11-07 19:35:43",98.4
CSWM-01K94J-11,"2025-11-07 19:40:43",77.6
CSWM-01K94J-11,"2025-11-07 19:45:43",117.6
CSWM-01K94J-11,"2025-11-07 19:50:43",136.3
CSWM-01K94J-11,"2025-11-07 19:55:43",134.4
CSWM-01K94J-11,"2025-11-07 20:00:43",97.1
CSWM-01K94J-11,"2025-11-07 20:05:43",83.2
CSWM-01K94J-11,"2025-11-07 20:10:43",137.2
CSWM-01K94J-11,"2025-11-07 20:15:43",142.9
CSWM-01K94J-11,"2025-11-07 20:20:43",85.8
CSWM-01K94J-11,"2025-11-07 20:25:43",92.1
CSWM-01K94J-11,"2025-11-07 20:30:43",132.8
CSWM-01K94J-11,"2025-11-07 20:35:43",123.1
CSWM-01K94J-11,"2025-11-07 20:40:43",111.3
CSWM-01K94J-11,"2025-11-07 20:45:43",109.0
CSWM-01K94J-11,"2025-11-07 20:50:43",155.7
CSWM-01K94J-11,"2025-11-07 20:55:43",77.8
CSWM-01K94J-11,"2025-11-07 21:00:43",108.2
CSWM-01K94J-11,"2025-11-07 21:05:43",99.8
CSWM-01K94J-11,"2025-11-07 21:10:43",98.4
CSWM-01K94J-11,"2025-11-07 21:15:43",85.3
CSWM-01K94J-11,"2025-11-07 21:20:43",135.7
CSWM-01K94J-11,"2025-11-07 21:25:43",141.7
CSWM-01K94J-11,"2025-11-07 21:30:43",107.9
CSWM-01K94J-11,"2025-11-07 21:35:43",115.8
CSWM-01K94J-11,"2025-11-07 21:40:43",77.1
CSWM-01K94J-11,"2025-11-07 21:45:43",129.8
CSWM-01K94J-11,"2025-11-07 21:50:43",146.1
CSWM-01K94J-11,"2025-11-07 21:55:43",87.6
CSWM-01K94J-11,"2025-11-07 22:00:43",121.1
CSWM-01K94J-11,"2025-11-07 22:05:43",106.3
CSWM-01K94J-11,"2025-11-07 22:10:43",129.9
CSWM-01K94J-11,"2025-11-07 22:15:43",112.8
CSWM-01K94J-11,"2025-11-07 22:20:43",121.2
CSWM-01K94J-11,"2025-11-07 22:25:43",86.6
CSWM-01K94J-11,"2025-11-07 22:30:43",63.3
CSWM-01K94J-11,"2025-11-07 22:35:43",165.5
CSWM-01K94J-11,"2025-11-07 22:40:43",111.0
CSWM-01K94J-11,"2025-11-07 22:45:43",120.7
CSWM-01K94J-11,"2025-11-07 22:50:43",94.2
CSWM-01K94J-11,"2025-11-07 22:55:43",132.2
CSWM-01K94J-11,"2025-11-07 23:00:43",140.3
CSWM-01K94J-11,"2025-11-07 23:05:43",131.8
CSWM-01K94J-11,"2025-11-07 23:10:43",119.9
CSWM-01K94J-11,"2025-11-07 23:15:43",77.5
CSWM-01K94J-11,"2025-11-07 23:20:43",88.4
CSWM-01K94J-11,"2025-11-07 23:25:43",118.2
CSWM-01K94J-11,"2025-11-07 23:30:43",86.6
CSWM-01K94J-11,"2025-11-07 23:35:43",65.8
CSWM-01K94J-11,"2025-11-07 23:40:43",128.0
CSWM-01K94J-11,"2025-11-07 23:45:43",108.8
CSWM-01K94J-11,"2025-11-07 23:50:43",74.8
CSWM-01K94J-11,"2025-11-07 23:55:43",84.2
CSWM-01K94J-11,"2025-11-08 00:00:43",152.1
CSWM-01K94J-11,"2025-11-08 00:05:43",120.9
CSWM-01K94J-11,"2025-11-08 00:10:43",83.5
CSWM-01K94J-11,"2025-11-08 00:15:43",82.0
CSWM-01K94J-11,"2025-11-08 00:20:43",125.0
CSWM-01K94J-11,"2025-11-08 00:25:43",73.9
CSWM-01K94J-11,"2025-11-08 00:30:43",92.7
CSWM-01K94J-11,"2025-11-08 00:35:43",81.6
CSWM-01K94J-11,"2025-11-08 00:40:43",71.9
CSWM-01K94J-11,"2025-11-08 00:45:43",115.3
CSWM-01K94J-11,"2025-11-08 00:50:43",158.4
CSWM-01K94J-11,"2025-11-08 00:55:43",94.7
CSWM-01K94J-11,"2025-11-08 01:00:43",99.3
CSWM-01K94J-11,"2025-11-08 01:05:43",69.1
CSWM-01K94J-11,"2025-11-08 01:10:43",140.8
CSWM-01K94J-11,"2025-11-08 01:15:43",149.4
CSWM-01K94J-11,"2025-11-08 01:20:43",129.6
CSWM-01K94J-11,"2025-11-08 01:25:43",121.7
CSWM-01K94J-11,"2025-11-08 01:30:43",104.7
CSWM-01K94J-11,"2025-11-08 01:35:43",139.7
CSWM-01K94J-11,"2025-11-08 01:40:43",93.9
CSWM-01K94J-11,"2025-11-08 01:45:43",135.1
CSWM-01K94J-11,"2025-11-08 01:50:43",159.5
CSWM-01K94J-11,"2025-11-08 01:55:43",107.8
CSWM-01K94J-11,"2025-11-08 02:00:43",53.2
CSWM-01K94J-11,"2025-11-08 02:05:43",63.1
CSWM-01K94J-11,"2025-11-08 02:10:43",138.0
CSWM-01K94J-11,"2025-11-08 02:15:43",90.9
CSWM-01K94J-11,"2025-11-08 02:20:43",81.4
CSWM-01K94J-11,"2025-11-08 02:25:43",101.6
CSWM-01K94J-11,"2025-11-08 02:30:43",72.0
CSWM-01K94J-11,"2025-11-08 02:35:43",142.0
CSWM-01K94J-11,"2025-11-08 02:40:43",162.1
CSWM-01K94J-11,"2025-11-08 02:45:43",102.8
CSWM-01K94J-11,"2025-11-08 02:50:43",111.4
CSWM-01K94J-11,"2025-11-08 02:55:43",114.2
CSWM-01K94J-11,"2025-11-08 03:00:43",101.7
CSWM-01K94J-11,"2025-11-08 03:05:43",93.8
CSWM-01K94J-11,"2025-11-08 03:10:43",122.6
CSWM-01K94J-11,"2025-11-08 03:15:43",102.0
CSWM-01K94J-11,"2025-11-08 03:20:43",104.8
CSWM-01K94J-11,"2025-11-08 03:25:43",108.8
CSWM-01K94J-11,"2025-11-08 03:30:43",120.2
CSWM-01K94J-11,"2025-11-08 03:35:43",115.7
CSWM-01K94J-11,"2025-11-08 03:40:43",123.9
CSWM-01K94J-11,"2025-11-08 03:45:43",94.2
CSWM-01K94J-11,"2025-11-08 03:50:43",75.4
CSWM-01K94J-11,"2025-11-08 03:55:43",120.3
CSWM-01K94J-11,"2025-11-08 04:00:43",79.8
CSWM-01K94J-11,"2025-11-08 04:05:43",150.7
CSWM-01K94J-11,"2025-11-08 04:10:43",72.6
CSWM-01K94J-11,"2025-11-08 04:15:43",105.9
CSWM-01K94J-11,"2025-11-08 04:20:43",108.8
CSWM-01K94J-11,"2025-11-08 04:25:43",78.5
CSWM-01K94J-11,"2025-11-08 04:30:43",105.0
CSWM-01K94J-11,"2025-11-08 04:35:43",91.3
CSWM-01K94J-11,"2025-11-08 04:40:43",61.6
CSWM-01K94J-11,"2025-11-08 04:45:43",96.7
CSWM-01K94J-11,"2025-11-08 04:50:43",80.1
CSWM-01K94J-11,"2025-11-08 04:55:43",145.0
CSWM-01K94J-11,"2025-11-08 05:00:43",95.5
CSWM-01K94J-11,"2025-11-08 05:05:43",68.6
CSWM-01K94J-11,"2025-11-08 05:10:43",139.8
CSWM-01K94J-11,"2025-11-08 05:15:43",128.9
CSWM-01K94J-11,"2025-11-08 05:20:43",138.4
CSWM-01K94J-11,"2025-11-08 05:25:43",82.2
CSWM-01K94J-11,"2025-11-08 05:30:43",99.6
CSWM-01K94J-11,"2025-11-08 05:35:43",86.4
CSWM-01K94J-11,"2025-11-08 05:40:43",97.0
CSWM-01K94J-11,"2025-11-08 05:45:43",126.2
CSWM-01K94J-11,"2025-11-08 05:50:43",120.9
CSWM-01K94J-11,"2025-11-08 05:55:43",130.3
CSWM-01K94J-11,"2025-11-08 06:00:43",84.8
CSWM-01K94J-11,"2025-11-08 06:05:43",68.5
CSWM-01K94J-11,"2025-11-08 06:10:43",99.2
CSWM-01K94J-11,"2025-11-08 06:15:43",102.7
CSWM-01K94J-11,"2025-11-08 06:20:43",111.7
CSWM-01K94J-11,"2025-11-08 06:25:43",116.8
CSWM-01K94J-11,"2025-11-08 06:30:43",113.0
CSWM-01K94J-11,"2025-11-08 06:35:43",106.4
CSWM-01K94J-11,"2025-11-08 06:40:43",122.4
CSWM-01K94J-11,"2025-11-08 06:45:43",128.2
CSWM-01K94J-11,"2025-11-08 06:50:43",89.8
CSWM-01K94J-11,"2025-11-08 06:55:43",130.5
CSWM-01K94J-11,"2025-11-08 07:00:43",107.7
CSWM-01K94J-11,"2025-11-08 07:05:43",87.3
CSWM-01K94J-11,"2025-11-08 07:10:43",96.3
CSWM-01K94J-11,"2025-11-08 07:15:43",116.8
CSWM-01K94J-11,"2025-11-08 07:20:43",139.7
CSWM-01K94J-11,"2025-11-08 07:25:43",117.0
CSWM-01K94J-11,"2025-11-08 07:30:43",95.8
CSWM-01K94J-11,"2025-11-08 07:35:43",129.6
CSWM-01K94J-11,"2025-11-08 07:40:43",144.9
CSWM-01K94J-11,"2025-11-08 07:45:43",121.8
CSWM-01K94J-11,"2025-11-08 07:50:43",112.5
CSWM-01K94J-11,"2025-11-08 07:55:43",89.5
CSWM-01K94J-11,"2025-11-08 08:00:43",86.4
CSWM-01K94J-11,"2025-11-08 08:05:43",71.0
CSWM-01K94J-11,"2025-11-08 08:10:43",143.5
CSWM-01K94J-11,"2025-11-08 08:15:43",85.4
CSWM-01K94J-11,"2025-11-08 08:20:43",108.7
CSWM-01K94J-11,"2025-11-08 08:25:43",126.4
CSWM-01K94J-11,"2025-11-08 08:30:43",98.6
CSWM-01K94J-11,"2025-11-08 08:35:43",113.8
CSWM-01K94J-11,"2025-11-08 08:40:43",96.7
CSWM-01K94J-11,"2025-11-08 08:45:43",106.2
CSWM-01K94J-11,"2025-11-08 08:50:43",128.8
CSWM-01K94J-11,"2025-11-08 08:55:43",159.3
CSWM-01K94J-11,"2025-11-08 09:00:43",76.8
CSWM-01K94J-11,"2025-11-08 09:05:43",140.2
CSWM-01K94J-11,"2025-11-08 09:10:43",136.7
CSWM-01K94J-11,"2025-11-08 09:15:43",113.3
CSWM-01K94J-11,"2025-11-08 09:20:43",124.0
CSWM-01K94J-11,"2025-11-08 09:25:43",93.7
CSWM-01K94J-11,"2025-11-08 09:30:43",143.5
CSWM-01K94J-11,"2025-11-08 09:35:43",131.7
CSWM-01K94J-11,"2025-11-08 09:40:43",93.8
CSWM-01K94J-11,"2025-11-08 09:45:43",119.5
CSWM-01K94J-11,"2025-11-08 09:50:43",107.3
CSWM-01K94J-11,"2025-11-08 09:55:43",121.0
CSWM-01K94J-11,"2025-11-08 10:00:43",105.0
CSWM-01K94J-11,"2025-11-08 10:05:43",117.8
CSWM-01K94J-11,"2025-11-08 10:10:43",130.2
CSWM-01K94J-11,"2025-11-08 10:15:43",147.1
CSWM-01K94J-11,"2025-11-08 10:20:43",143.3
CSWM-01K94J-11,"2025-11-08 10:25:43",133.5
CSWM-01K94J-11,"2025-11-08 10:30:43",95.4
CSWM-01K94J-11,"2025-11-08 10:35:43",77.6
CSWM-01K94J-11,"2025-11-08 10:40:43",129.1
CSWM-01K94J-11,"2025-11-08 10:45:43",81.6
CSWM-01K94J-11,"2025-11-08 10:50:43",127.7
CSWM-01K94J-11,"2025-11-08 10:55:43",94.9
CSWM-01K94J-11,"2025-11-08 11:00:43",130.2
CSWM-01K94J-11,"2025-11-08 11:05:43",130.6
CSWM-01K94J-11,"2025-11-08 11:10:43",122.4
CSWM-01K94J-11,"2025-11-08 11:15:43",136.1
CSWM-01K94J-11,"2025-11-08 11:20:43",69.8
CSWM-01K94J-11,"2025-11-08 11:25:43",96.2
CSWM-01K94J-11,"2025-11-08 11:30:43",102.3
CSWM-01K94J-11,"2025-11-08 11:35:43",129.7
CSWM-01K94J-11,"2025-11-08 11:40:43",71.8
CSWM-01K94J-11,"2025-11-08 11:45:43",113.4
CSWM-01K94J-11,"2025-11-08 11:50:43",95.1
CSWM-01K94J-11,"2025-11-08 11:55:43",71.2
CSWM-01K94J-11,"2025-11-08 12:00:43",70.5
CSWM-01K94J-11,"2025-11-08 12:05:43",114.3
CSWM-01K94J-11,"2025-11-08 12:10:43",134.0
CSWM-01K94J-11,"2025-11-08 12:15:43",87.7
CSWM-01K94J-11,"2025-11-08 12:20:43",118.1
CSWM-01K94J-11,"2025-11-08 12:25:43",83.1
CSWM-01K94J-11,"2025-11-08 12:30:43",121.5
CSWM-01K94J-11,"2025-11-08 12:35:43",102.7
CSWM-01K94J-11,"2025-11-08 12:40:43",137.0
CSWM-01K94J-11,"2025-11-08 12:45:43",117.6
CSWM-01K94J-11,"2025-11-08 12:50:43",106.1
CSWM-01K94J-11,"2025-11-08 12:55:43",74.4
CSWM-01K94J-11,"2025-11-08 13:00:43",93.4
CSWM-01K94J-11,"2025-11-08 13:05:43",89.4
CSWM-01K94J-11,"2025-11-08 13:10:43",145.6
CSWM-01K94J-11,"2025-11-08 13:15:43",90.3
CSWM-01K94J-11,"2025-11-08 13:20:43",93.2
CSWM-01K94J-11,"2025-11-08 13:25:43",118.8
CSWM-01K94J-11,"2025-11-08 13:30:43",90.1
CSWM-01K94J-11,"2025-11-08 13:35:43",125.4
CSWM-01K94J-11,"2025-11-08 13:40:43",76.8
CSWM-01K94J-11,"2025-11-08 13:45:43",87.7
CSWM-01K94J-11,"2025-11-08 13:50:43",163.4
CSWM-01K94J-11,"2025-11-08 13:55:43",94.4
CSWM-01K94J-11,"2025-11-08 14:00:43",125.9
CSWM-01K94J-11,"2025-11-08 14:05:43",124.2
CSWM-01K94J-11,"2025-11-08 14:10:43",109.4
CSWM-01K94J-11,"2025-11-08 14:15:43",97.1
CSWM-01K94J-11,"2025-11-08 14:20:43",92.2
CSWM-01K94J-11,"2025-11-08 14:25:43",78.9
CSWM-01K94J-11,"2025-11-08 14:30:43",117.6
CSWM-01K94J-11,"2025-11-08 14:35:43",116.0
CSWM-01K94J-11,"2025-11-08 14:40:43",141.1
CSWM-01K94J-11,"2025-11-08 14:45:43",118.7
CSWM-01K94J-11,"2025-11-08 14:50:43",118.8
CSWM-01K94J-11,"2025-11-08 14:55:43",135.9
CSWM-01K94J-11,"2025-11-08 15:00:43",137.1
CSWM-01K94J-11,"2025-11-08 15:05:43",123.8
CSWM-01K94J-11,"2025-11-08 15:10:43",138.0
CSWM-01K94J-11,"2025-11-08 15:15:43",143.1
CSWM-01K94J-11,"2025-11-08 15:20:43",102.3
CSWM-01K94J-11,"2025-11-08 15:25:43",107.1
CSWM-01K94J-11,"2025-11-08 15:30:43",149.1
CSWM-01K94J-11,"2025-11-08 15:35:43",144.1
CSWM-01K94J-11,"2025-11-08 15:40:43",128.4
CSWM-01K94J-11,"2025-11-08 15:45:43",135.4
CSWM-01K94J-11,"2025-11-08 15:50:43",128.0
CSWM-01K94J-11,"2025-11-08 15:55:43",131.1
CSWM-01K94J-11,"2025-11-08 16:00:43",127.2
CSWM-01K94J-11,"2025-11-08 16:05:43",142.7
CSWM-01K94J-11,"2025-11-08 16:10:43",69.6
CSWM-01K94J-11,"2025-11-08 16:15:43",99.3
CSWM-01K94J-11,"2025-11-08 16:20:43",93.7
CSWM-01K94J-11,"2025-11-08 16:25:43",81.7
CSWM-01K94J-11,"2025-11-08 16:30:43",126.6
CSWM-01K94J-11,"2025-11-08 16:35:43",132.2
CSWM-01K94J-11,"2025-11-08 16:40:43",119.5
CSWM-01K94J-11,"2025-11-08 16:45:43",89.5
CSWM-01K94J-11,"2025-11-08 16:50:43",99.8
CSWM-01K94J-11,"2025-11-08 16:55:43",133.1
CSWM-01K94J-11,"2025-11-08 17:00:43",120.5
CSWM-01K94J-11,"2025-11-08 17:05:43",91.0
CSWM-01K94J-11,"2025-11-08 17:10:43",75.1
CSWM-01K94J-11,"2025-11-08 17:15:43",96.2
CSWM-01K94J-11,"2025-11-08 17:20:43",135.2
CSWM-01K94J-11,"2025-11-08 17:25:43",93.1
CSWM-01K94J-11,"2025-11-08 17:30:43",88.4
CSWM-01K94J-11,"2025-11-08 17:35:43",105.3
CSWM-01K94J-11,"2025-11-08 17:40:43",117.4
CSWM-01K94J-11,"2025-11-08 17:45:43",127.8
CSWM-01K94J-11,"2025-11-08 17:50:43",102.7
CSWM-01K94J-11,"2025-11-08 17:55:43",85.4
CSWM-01K94J-11,"2025-11-08 18:00:43",143.2
CSWM-01K94J-11,"2025-11-08 18:05:43",151.2
CSWM-01K94J-11,"2025-11-08 18:10:43",60.2
CSWM-01K94J-11,"2025-11-08 18:15:43",81.0
CSWM-01K94J-11,"2025-11-08 18:20:43",147.7
CSWM-01K94J-11,"2025-11-08 18:25:43",97.7
CSWM-01K94J-11,"2025-11-08 18:30:43",142.3
CSWM-01K94J-11,"2025-11-08 18:35:43",129.2
CSWM-01K94J-11,"2025-11-08 18:40:43",93.5
CSWM-01K94J-11,"2025-11-08 18:45:43",82.3
CSWM-01K94J-11,"2025-11-08 18:50:43",100.9
CSWM-01K94J-11,"2025-11-08 18:55:43",136.0
CSWM-01K94J-11,"2025-11-08 19:00:43",133.2
CSWM-01K94J-11,"2025-11-08 19:05:43",120.2
CSWM-01K94J-11,"2025-11-08 19:10:43",117.0
CSWM-01K94J-11,"2025-11-08 19:15:43",76.1
CSWM-01K94J-11,"2025-11-08 19:20:43",165.4
CSWM-01K94J-11,"2025-11-08 19:25:43",86.8
CSWM-01K94J-11,"2025-11-08 19:30:43",76.5
CSWM-01K94J-11,"2025-11-08 19:35:43",159.0
CSWM-01K94J-11,"2025-11-08 19:40:43",93.5
CSWM-01K94J-11,"2025-11-08 19:45:43",119.6
CSWM-01K94J-11,"2025-11-08 19:50:43",147.4
CSWM-01K94J-11,"2025-11-08 19:55:43",130.6
CSWM-01K94J-11,"2025-11-08 20:00:43",53.7
CSWM-01K94J-11,"2025-11-08 20:05:43",99.7
CSWM-01K94J-11,"2025-11-08 20:10:43",145.4
CSWM-01K94J-11,"2025-11-08 20:15:43",138.2
CSWM-01K94J-11,"2025-11-08 20:20:43",122.6
CSWM-01K94J-11,"2025-11-08 20:25:43",121.0
CSWM-01K94J-11,"2025-11-08 20:30:43",98.2
CSWM-01K94J-11,"2025-11-08 20:35:43",126.1
CSWM-01K94J-11,"2025-11-08 20:40:43",75.5
CSWM-01K94J-11,"2025-11-08 20:45:43",65.3
CSWM-01K94J-11,"2025-11-08 20:50:43",117.7
CSWM-01K94J-11,"2025-11-08 20:55:43",106.5
CSWM-01K94J-11,"2025-11-08 21:00:43",90.4
CSWM-01K94J-11,"2025-11-08 21:05:43",87.9
CSWM-01K94J-11,"2025-11-08 21:10:43",96.4
CSWM-01K94J-11,"2025-11-08 21:15:43",68.4
CSWM-01K94J-11,"2025-11-08 21:20:43",134.0
CSWM-01K94J-11,"2025-11-08 21:25:43",104.9
CSWM-01K94J-11,"2025-11-08 21:30:43",122.7
CSWM-01K94J-11,"2025-11-08 21:35:43",139.6
CSWM-01K94J-11,"2025-11-08 21:40:43",111.8
CSWM-01K94J-11,"2025-11-08 21:45:43",91.8
CSWM-01K94J-11,"2025-11-08 21:50:43",146.0
CSWM-01K94J-11,"2025-11-08 21:55:43",108.7
CSWM-01K94J-11,"2025-11-08 22:00:43",156.6
CSWM-01K94J-11,"2025-11-08 22:05:43",130.1
CSWM-01K94J-11,"2025-11-08 22:10:43",78.4
CSWM-01K94J-11,"2025-11-08 22:15:43",166.0
CSWM-01K94J-11,"2025-11-08 22:20:43",143.2
CSWM-01K94J-11,"2025-11-08 22:25:43",138.1
CSWM-01K94J-11,"2025-11-08 22:30:43",110.1
CSWM-01K94J-11,"2025-11-08 22:35:43",59.3
CSWM-01K94J-11,"2025-11-08 22:40:43",130.4
CSWM-01K94J-11,"2025-11-08 22:45:43",111.3
CSWM-01K94J-11,"2025-11-08 22:50:43",146.1
CSWM-01K94J-11,"2025-11-08 22:55:43",138.4
CSWM-01K94J-11,"2025-11-08 23:00:43",126.1
CSWM-01K94J-11,"2025-11-08 23:05:43",112.4
CSWM-01K94J-11,"2025-11-08 23:10:43",90.4
CSWM-01K94J-11,"2025-11-08 23:15:43",112.1
CSWM-01K94J-11,"2025-11-08 23:20:43",86.3
CSWM-01K94J-11,"2025-11-08 23:25:43",142.0
CSWM-01K94J-11,"2025-11-08 23:30:43",124.8
CSWM-01K94J-11,"2025-11-08 23:35:43",150.1
CSWM-01K94J-11,"2025-11-08 23:40:43",110.7
CSWM-01K94J-11,"2025-11-08 23:45:43",59.6
CSWM-01K94J-11,"2025-11-08 23:50:43",107.2
CSWM-01K94J-11,"2025-11-08 23:55:43",99.6
CSWM-01K94J-11,"2025-11-09 00:00:43",137.5
CSWM-01K94J-11,"2025-11-09 00:05:43",146.9
CSWM-01K94J-11,"2025-11-09 00:10:43",89.6
CSWM-01K94J-11,"2025-11-09 00:15:43",131.1
CSWM-01K94J-11,"2025-11-09 00:20:43",91.5
CSWM-01K94J-11,"2025-11-09 00:25:43",86.9
CSWM-01K94J-11,"2025-11-09 00:30:43",148.1
CSWM-01K94J-11,"2025-11-09 00:35:43",80.9
CSWM-01K94J-11,"2025-11-09 00:40:43",105.3
CSWM-01K94J-11,"2025-11-09 00:45:43",137.9
CSWM-01K94J-11,"2025-11-09 00:50:43",124.9
CSWM-01K94J-11,"2025-11-09 00:55:43",118.8
CSWM-01K94J-11,"2025-11-09 01:00:43",64.7
CSWM-01K94J-11,"2025-11-09 01:05:43",120.2
CSWM-01K94J-11,"2025-11-09 01:10:43",87.3
CSWM-01K94J-11,"2025-11-09 01:15:43",93.8
CSWM-01K94J-11,"2025-11-09 01:20:43",89.3
CSWM-01K94J-11,"2025-11-09 01:25:43",140.9
CSWM-01K94J-11,"2025-11-09 01:30:43",73.6
CSWM-01K94J-11,"2025-11-09 01:35:43",107.0
CSWM-01K94J-11,"2025-11-09 01:40:43",117.3
CSWM-01K94J-11,"2025-11-09 01:45:43",127.6
CSWM-01K94J-11,"2025-11-09 01:50:43",81.9
CSWM-01K94J-11,"2025-11-09 01:55:43",95.3
CSWM-01K94J-11,"2025-11-09 02:00:43",104.7
CSWM-01K94J-11,"2025-11-09 02:05:43",126.7
CSWM-01K94J-11,"2025-11-09 02:10:43",109.3
CSWM-01K94J-11,"2025-11-09 02:15:43",96.9
CSWM-01K94J-11,"2025-11-09 02:20:43",74.1
CSWM-01K94J-11,"2025-11-09 02:25:43",111.7
CSWM-01K94J-11,"2025-11-09 02:30:43",143.0
CSWM-01K94J-11,"2025-11-09 02:35:43",128.6
CSWM-01K94J-11,"2025-11-09 02:40:43",114.3
CSWM-01K94J-11,"2025-11-09 02:45:43",151.5
CSWM-01K94J-11,"2025-11-09 02:50:43",93.2
CSWM-01K94J-11,"2025-11-09 02:55:43",102.0
CSWM-01K94J-11,"2025-11-09 03:00:43",111.1
CSWM-01K94J-11,"2025-11-09 03:05:43",80.7
CSWM-01K94J-11,"2025-11-09 03:10:43",87.4
CSWM-01K94J-11,"2025-11-09 03:15:43",113.9
CSWM-01K94J-11,"2025-11-09 03:20:43",82.5
CSWM-01K94J-11,"2025-11-09 03:25:43",105.3
CSWM-01K94J-11,"2025-11-09 03:30:43",95.6
CSWM-01K94J-11,"2025-11-09 03:35:43",127.4
CSWM-01K94J-11,"2025-11-09 03:40:43",111.1
CSWM-01K94J-11,"2025-11-09 03:45:43",154.6
CSWM-01K94J-11,"2025-11-09 03:50:43",101.7
CSWM-01K94J-11,"2025-11-09 03:55:43",147.7
CSWM-01K94J-11,"2025-11-09 04:00:43",100.1
CSWM-01K94J-11,"2025-11-09 04:05:43",134.5
CSWM-01K94J-11,"2025-11-09 04:10:43",114.5
CSWM-01K94J-11,"2025-11-09 04:15:43",82.9
CSWM-01K94J-11,"2025-11-09 04:20:43",127.8
CSWM-01K94J-11,"2025-11-09 04:25:43",98.7
CSWM-01K94J-11,"2025-11-09 04:30:43",71.7
CSWM-01K94J-11,"2025-11-09 04:35:43",87.0
CSWM-01K94J-11,"2025-11-09 04:40:43",85.1
CSWM-01K94J-11,"2025-11-09 04:45:43",160.3
CSWM-01K94J-11,"2025-11-09 04:50:43",98.9
CSWM-01K94J-11,"2025-11-09 04:55:43",84.9
CSWM-01K94J-11,"2025-11-09 05:00:43",71.4
CSWM-01K94J-11,"2025-11-09 05:05:43",160.3
CSWM-01K94J-11,"2025-11-09 05:10:43",134.6
CSWM-01K94J-11,"2025-11-09 05:15:43",138.4
CSWM-01K94J-11,"2025-11-09 05:20:43",90.3
CSWM-01K94J-11,"2025-11-09 05:25:43",85.3
CSWM-01K94J-11,"2025-11-09 05:30:43",119.5
CSWM-01K94J-11,"2025-11-09 05:35:43",109.8
CSWM-01K94J-11,"2025-11-09 05:40:43",59.8
CSWM-01K94J-11,"2025-11-09 05:45:43",119.0
CSWM-01K94J-11,"2025-11-09 05:50:43",82.5
CSWM-01K94J-11,"2025-11-09 05:55:43",133.4
CSWM-01K94J-11,"2025-11-09 06:00:43",69.8
CSWM-01K94J-11,"2025-11-09 06:05:43",80.7
CSWM-01K94J-11,"2025-11-09 06:10:43",75.6
CSWM-01K94J-11,"2025-11-09 06:15:43",104.7
CSWM-01K94J-11,"2025-11-09 06:20:43",89.8
CSWM-01K94J-11,"2025-11-09 06:25:43",134.3
CSWM-01K94J-11,"2025-11-09 06:30:43",127.4
CSWM-01K94J-11,"2025-11-09 06:35:43",143.2
CSWM-01K94J-11,"2025-11-09 06:40:43",78.1
CSWM-01K94J-11,"2025-11-09 06:45:43",79.6
CSWM-01K94J-11,"2025-11-09 06:50:43",120.4
CSWM-01K94J-11,"2025-11-09 06:55:43",111.1
CSWM-01K94J-11,"2025-11-09 07:00:43",168.4
CSWM-01K94J-11,"2025-11-09 07:05:43",160.0
CSWM-01K94J-11,"2025-11-09 07:10:43",114.7
CSWM-01K94J-11,"2025-11-09 07:15:43",89.2
CSWM-01K94J-11,"2025-11-09 07:20:43",118.9
CSWM-01K94J-11,"2025-11-09 07:25:43",94.0
CSWM-01K94J-11,"2025-11-09 07:30:43",146.0
CSWM-01K94J-11,"2025-11-09 07:35:43",101.5
CSWM-01K94J-11,"2025-11-09 07:40:43",119.8
CSWM-01K94J-11,"2025-11-09 07:45:43",125.4
CSWM-01K94J-11,"2025-11-09 07:50:43",108.2
CSWM-01K94J-11,"2025-11-09 07:55:43",139.8
CSWM-01K94J-11,"2025-11-09 08:00:43",101.9
CSWM-01K94J-11,"2025-11-09 08:05:43",87.2
CSWM-01K94J-11,"2025-11-09 08:10:43",68.7
CSWM-01K94J-11,"2025-11-09 08:15:43",73.7
CSWM-01K94J-11,"2025-11-09 08:20:43",96.6
CSWM-01K94J-11,"2025-11-09 08:25:43",127.3
CSWM-01K94J-11,"2025-11-09 08:30:43",148.7
CSWM-01K94J-11,"2025-11-09 08:35:43",85.8
CSWM-01K94J-11,"2025-11-09 08:40:43",115.8
CSWM-01K94J-11,"2025-11-09 08:45:43",86.4
CSWM-01K94J-11,"2025-11-09 08:50:43",79.5
CSWM-01K94J-11,"2025-11-09 08:55:43",105.5
CSWM-01K94J-11,"2025-11-09 09:00:43",134.5
CSWM-01K94J-11,"2025-11-09 09:05:43",130.6
CSWM-01K94J-11,"2025-11-09 09:10:43",122.9
CSWM-01K94J-11,"2025-11-09 09:15:43",139.6
CSWM-01K94J-11,"2025-11-09 09:20:43",135.6
CSWM-01K94J-11,"2025-11-09 09:25:43",104.1
CSWM-01K94J-11,"2025-11-09 09:30:43",99.5
CSWM-01K94J-11,"2025-11-09 09:35:43",94.4
CSWM-01K94J-11,"2025-11-09 09:40:43",139.7
CSWM-01K94J-11,"2025-11-09 09:45:43",68.9
CSWM-01K94J-11,"2025-11-09 09:50:43",72.6
CSWM-01K94J-11,"2025-11-09 09:55:43",86.7
CSWM-01K94J-11,"2025-11-09 10:00:43",132.0
CSWM-01K94J-11,"2025-11-09 10:05:43",89.5
CSWM-01K94J-11,"2025-11-09 10:10:43",164.4
CSWM-01K94J-11,"2025-11-09 10:15:43",137.2
CSWM-01K94J-11,"2025-11-09 10:20:43",141.0
CSWM-01K94J-11,"2025-11-09 10:25:43",78.6
CSWM-01K94J-11,"2025-11-09 10:30:43",79.6
CSWM-01K94J-11,"2025-11-09 10:35:43",102.2
CSWM-01K94J-11,"2025-11-09 10:40:43",107.7
CSWM-01K94J-11,"2025-11-09 10:45:43",130.0
CSWM-01K94J-11,"2025-11-09 10:50:43",127.1
CSWM-01K94J-11,"2025-11-09 10:55:43",59.5
CSWM-01K94J-11,"2025-11-09 11:00:43",76.7
CSWM-01K94J-11,"2025-11-09 11:05:43",151.0
CSWM-01K94J-11,"2025-11-09 11:10:43",136.6
CSWM-01K94J-11,"2025-11-09 11:15:43",70.7
CSWM-01K94J-11,"2025-11-09 11:20:43",138.5
CSWM-01K94J-11,"2025-11-09 11:25:43",103.8
CSWM-01K94J-11,"2025-11-09 11:30:43",141.5
CSWM-01K94J-11,"2025-11-09 11:35:43",130.1
CSWM-01K94J-11,"2025-11-09 11:40:43",85.0
CSWM-01K94J-11,"2025-11-09 11:45:43",146.3
CSWM-01K94J-11,"2025-11-09 11:50:43",159.0
CSWM-01K94J-11,"2025-11-09 11:55:43",103.3
CSWM-01K94J-11,"2025-11-09 12:00:43",78.1
CSWM-01K94J-11,"2025-11-09 12:05:43",114.6
CSWM-01K94J-11,"2025-11-09 12:10:43",79.8
CSWM-01K94J-11,"2025-11-09 12:15:43",96.2
CSWM-01K94J-11,"2025-11-09 12:20:43",114.4
CSWM-01K94J-11,"2025-11-09 12:25:43",126.3
CSWM-01K94J-11,"2025-11-09 12:30:43",157.6
CSWM-01K94J-11,"2025-11-09 12:35:43",79.0
CSWM-01K94J-11,"2025-11-09 12:40:43",150.4
CSWM-01K94J-11,"2025-11-09 12:45:43",98.2
CSWM-01K94J-11,"2025-11-09 12:50:43",141.6
CSWM-01K94J-11,"2025-11-09 12:55:43",132.9
CSWM-01K94J-11,"2025-11-09 13:00:43",88.0
CSWM-01K94J-11,"2025-11-09 13:05:43",102.1
CSWM-01K94J-11,"2025-11-09 13:10:43",137.1
CSWM-01K94J-11,"2025-11-09 13:15:43",74.9
CSWM-01K94J-11,"2025-11-09 13:20:43",135.6
CSWM-01K94J-11,"2025-11-09 13:25:43",136.0
CSWM-01K94J-11,"2025-11-09 13:30:43",124.3
CSWM-01K94J-11,"2025-11-09 13:35:43",70.4
CSWM-01K94J-11,"2025-11-09 13:40:43",103.0
CSWM-01K94J-11,"2025-11-09 13:45:43",137.3
CSWM-01K94J-11,"2025-11-09 13:50:43",98.5
CSWM-01K94J-11,"2025-11-09 13:55:43",92.7
CSWM-01K94J-11,"2025-11-09 14:00:43",88.4
CSWM-01K94J-11,"2025-11-09 14:05:43",67.1
CSWM-01K94J-11,"2025-11-09 14:10:43",124.2
CSWM-01K94J-11,"2025-11-09 14:15:43",151.7
CSWM-01K94J-11,"2025-11-09 14:20:43",59.5
CSWM-01K94J-11,"2025-11-09 14:25:43",72.0
CSWM-01K94J-11,"2025-11-09 14:30:43",133.9
CSWM-01K94J-11,"2025-11-09 14:35:43",129.6
CSWM-01K94J-11,"2025-11-09 14:40:43",113.3
CSWM-01K94J-11,"2025-11-09 14:45:43",93.0
CSWM-01K94J-11,"2025-11-09 14:50:43",112.5
CSWM-01K94J-11,"2025-11-09 14:55:43",94.4
CSWM-01K94J-11,"2025-11-09 15:00:43",86.2
CSWM-01K94J-11,"2025-11-09 15:05:43",113.9
CSWM-01K94J-11,"2025-11-09 15:10:43",115.8
CSWM-01K94J-11,"2025-11-09 15:15:43",107.7
CSWM-01K94J-11,"2025-11-09 15:20:43",121.4
CSWM-01K94J-11,"2025-11-09 15:25:43",137.8
CSWM-01K94J-11,"2025-11-09 15:30:43",81.2
CSWM-01K94J-11,"2025-11-09 15:35:43",72.6
CSWM-01K94J-11,"2025-11-09 15:40:43",79.2
CSWM-01K94J-11,"2025-11-09 15:45:43",119.6
CSWM-01K94J-11,"2025-11-09 15:50:43",117.8
CSWM-01K94J-11,"2025-11-09 15:55:43",96.1
CSWM-01K94J-11,"2025-11-09 16:00:43",134.4
CSWM-01K94J-11,"2025-11-09 16:05:43",99.0
CSWM-01K94J-11,"2025-11-09 16:10:43",97.3
CSWM-01K94J-11,"2025-11-09 16:15:43",93.0
CSWM-01K94J-11,"2025-11-09 16:20:43",116.0
CSWM-01K94J-11,"2025-11-09 16:25:43",107.1
CSWM-01K94J-11,"2025-11-09 16:30:43",102.4
CSWM-01K94J-11,"2025-11-09 16:35:43",70.7
CSWM-01K94J-11,"2025-11-09 16:40:43",83.0
CSWM-01K94J-11,"2025-11-09 16:45:43",129.5
CSWM-01K94J-11,"2025-11-09 16:50:43",99.6
CSWM-01K94J-11,"2025-11-09 16:55:43",87.3
CSWM-01K94J-11,"2025-11-09 17:00:43",92.6
CSWM-01K94J-11,"2025-11-09 17:05:43",77.2
CSWM-01K94J-11,"2025-11-09 17:10:43",92.9
CSWM-01K94J-11,"2025-11-09 17:15:43",78.5
CSWM-01K94J-11,"2025-11-09 17:20:43",103.5
CSWM-01K94J-11,"2025-11-09 17:25:43",82.4
CSWM-01K94J-11,"2025-11-09 17:30:43",70.1
CSWM-01K94J-11,"2025-11-09 17:35:43",137.8
CSWM-01K94J-11,"2025-11-09 17:40:43",113.0
CSWM-01K94J-11,"2025-11-09 17:45:43",99.4
CSWM-01K94J-11,"2025-11-09 17:50:43",141.2
CSWM-01K94J-11,"2025-11-09 17:55:43",104.2
CSWM-01K94J-11,"2025-11-09 18:00:43",122.3
CSWM-01K94J-11,"2025-11-09 18:05:43",127.7
CSWM-01K94J-11,"2025-11-09 18:10:43",128.4
CSWM-01K94J-11,"2025-11-09 18:15:43",134.4
CSWM-01K94J-11,"2025-11-09 18:20:43",100.7
CSWM-01K94J-11,"2025-11-09 18:25:43",157.7
CSWM-01K94J-11,"2025-11-09 18:30:43",109.9
CSWM-01K94J-11,"2025-11-09 18:35:43",73.9
CSWM-01K94J-11,"2025-11-09 18:40:43",149.7
CSWM-01K94J-11,"2025-11-09 18:45:43",128.1
CSWM-01K94J-11,"2025-11-09 18:50:43",70.9
CSWM-01K94J-11,"2025-11-09 18:55:43",88.6
CSWM-01K94J-11,"2025-11-09 19:00:43",127.3
CSWM-01K94J-11,"2025-11-09 19:05:43",115.0
CSWM-01K94J-11,"2025-11-09 19:10:43",135.0
CSWM-01K94J-11,"2025-11-09 19:15:43",90.5
CSWM-01K94J-11,"2025-11-09 19:20:43",104.8
CSWM-01K94J-11,"2025-11-09 19:25:43",151.3
CSWM-01K94J-11,"2025-11-09 19:30:43",86.6
CSWM-01K94J-11,"2025-11-09 19:35:43",66.1
CSWM-01K94J-11,"2025-11-09 19:40:43",129.7
CSWM-01K94J-11,"2025-11-09 19:45:43",78.3
CSWM-01K94J-11,"2025-11-09 19:50:43",98.0
CSWM-01K94J-11,"2025-11-09 19:55:43",103.9
CSWM-01K94J-11,"2025-11-09 20:00:43",60.2
CSWM-01K94J-11,"2025-11-09 20:05:43",97.6
CSWM-01K94J-11,"2025-11-09 20:10:43",97.2
CSWM-01K94J-11,"2025-11-09 20:15:43",148.1
CSWM-01K94J-11,"2025-11-09 20:20:43",119.1
CSWM-01K94J-11,"2025-11-09 20:25:43",108.8
CSWM-01K94J-11,"2025-11-09 20:30:43",117.6
CSWM-01K94J-11,"2025-11-09 20:35:43",115.5
CSWM-01K94J-11,"2025-11-09 20:40:43",107.3
CSWM-01K94J-11,"2025-11-09 20:45:43",125.7
CSWM-01K94J-11,"2025-11-09 20:50:43",122.7
CSWM-01K94J-11,"2025-11-09 20:55:43",135.0
CSWM-01K94J-11,"2025-11-09 21:00:43",89.8
CSWM-01K94J-11,"2025-11-09 21:05:43",125.7
CSWM-01K94J-11,"2025-11-09 21:10:43",113.2
CSWM-01K94J-11,"2025-11-09 21:15:43",131.5
CSWM-01K94J-11,"2025-11-09 21:20:43",137.1
CSWM-01K94J-11,"2025-11-09 21:25:43",115.8
CSWM-01K94J-11,"2025-11-09 21:30:43",66.0
CSWM-01K94J-11,"2025-11-09 21:35:43",95.2
CSWM-01K94J-11,"2025-11-09 21:40:43",83.8
CSWM-01K94J-11,"2025-11-09 21:45:43",108.9
CSWM-01K94J-11,"2025-11-09 21:50:43",92.0
CSWM-01K94J-11,"2025-11-09 21:55:43",146.1
CSWM-01K94J-11,"2025-11-09 22:00:43",148.0
CSWM-01K94J-11,"2025-11-09 22:05:43",126.6
CSWM-01K94J-11,"2025-11-09 22:10:43",158.6
CSWM-01K94J-11,"2025-11-09 22:15:43",148.9
CSWM-01K94J-11,"2025-11-09 22:20:43",78.5
CSWM-01K94J-11,"2025-11-09 22:25:43",102.6
CSWM-01K94J-11,"2025-11-09 22:30:43",88.5
CSWM-01K94J-11,"2025-11-09 22:35:43",134.6
CSWM-01K94J-11,"2025-11-09 22:40:43",139.3
CSWM-01K94J-11,"2025-11-09 22:45:43",74.2
CSWM-01K94J-11,"2025-11-09 22:50:43",138.6
CSWM-01K94J-11,"2025-11-09 22:55:43",105.1
CSWM-01K94J-11,"2025-11-09 23:00:43",95.4
CSWM-01K94J-11,"2025-11-09 23:05:43",92.3
CSWM-01K94J-11,"2025-11-09 23:10:43",130.6
CSWM-01K94J-11,"2025-11-09 23:15:43",108.8
CSWM-01K94J-11,"2025-11-09 23:20:43",100.6
CSWM-01K94J-11,"2025-11-09 23:25:43",135.2
CSWM-01K94J-11,"2025-11-09 23:30:43",97.4
CSWM-01K94J-11,"2025-11-09 23:35:43",85.0
CSWM-01K94J-11,"2025-11-09 23:40:43",96.7
CSWM-01K94J-11,"2025-11-09 23:45:43",69.0
CSWM-01K94J-11,"2025-11-09 23:50:43",116.9
CSWM-01K94J-11,"2025-11-09 23:55:43",128.6
CSWM-01K94J-11,"2025-11-10 00:00:43",152.7
CSWM-01K94J-11,"2025-11-10 00:05:43",76.2
CSWM-01K94J-11,"2025-11-10 00:10:43",82.3
CSWM-01K94J-11,"2025-11-10 00:15:43",131.8
CSWM-01K94J-11,"2025-11-10 00:20:43",119.9
CSWM-01K94J-11,"2025-11-10 00:25:43",148.1
CSWM-01K94J-11,"2025-11-10 00:30:43",135.3
CSWM-01K94J-11,"2025-11-10 00:35:43",127.9
CSWM-01K94J-11,"2025-11-10 00:40:43",124.6
CSWM-01K94J-11,"2025-11-10 00:45:43",101.2
CSWM-01K94J-11,"2025-11-10 00:50:43",112.8
CSWM-01K94J-11,"2025-11-10 00:55:43",69.4
CSWM-01K94J-11,"2025-11-10 01:00:43",144.5
CSWM-01K94J-11,"2025-11-10 01:05:43",116.7
CSWM-01K94J-11,"2025-11-10 01:10:43",125.5
CSWM-01K94J-11,"2025-11-10 01:15:43",89.8
CSWM-01K94J-11,"2025-11-10 01:20:43",116.1
CSWM-01K94J-11,"2025-11-10 01:25:43",118.6
CSWM-01K94J-11,"2025-11-10 01:30:43",95.3
CSWM-01K94J-11,"2025-11-10 01:35:43",125.3
CSWM-01K94J-11,"2025-11-10 01:40:43",89.2
CSWM-01K94J-11,"2025-11-10 01:45:43",118.4
CSWM-01K94J-11,"2025-11-10 01:50:43",136.6
CSWM-01K94J-11,"2025-11-10 01:55:43",109.7
CSWM-01K94J-11,"2025-11-10 02:00:43",93.5
CSWM-01K94J-11,"2025-11-10 02:05:43",154.7
CSWM-01K94J-11,"2025-11-10 02:10:43",127.2
CSWM-01K94J-11,"2025-11-10 02:15:43",120.4
CSWM-01K94J-11,"2025-11-10 02:20:43",87.5
CSWM-01K94J-11,"2025-11-10 02:25:43",121.9
CSWM-01K94J-11,"2025-11-10 02:30:43",99.3
CSWM-01K94J-11,"2025-11-10 02:35:43",137.8
CSWM-01K94J-11,"2025-11-10 02:40:43",106.3
CSWM-01K94J-11,"2025-11-10 02:45:43",148.3
CSWM-01K94J-11,"2025-11-10 02:50:43",105.5
CSWM-01K94J-11,"2025-11-10 02:55:43",117.6
CSWM-01K94J-11,"2025-11-10 03:00:43",82.9
CSWM-01K94J-11,"2025-11-10 03:05:43",162.4
CSWM-01K94J-11,"2025-11-10 03:10:43",127.2
CSWM-01K94J-11,"2025-11-10 03:15:43",76.3
CSWM-01K94J-11,"2025-11-10 03:20:43",61.2
CSWM-01K94J-11,"2025-11-10 03:25:43",84.8
CSWM-01K94J-11,"2025-11-10 03:30:43",56.2
CSWM-01K94J-11,"2025-11-10 03:35:43",145.0
CSWM-01K94J-11,"2025-11-10 03:40:43",109.6
CSWM-01K94J-11,"2025-11-10 03:45:43",84.7
CSWM-01K94J-11,"2025-11-10 03:50:43",83.9
CSWM-01K94J-11,"2025-11-10 03:55:43",70.1
CSWM-01K94J-11,"2025-11-10 04:00:43",82.5
CSWM-01K94J-11,"2025-11-10 04:05:43",124.7
CSWM-01K94J-11,"2025-11-10 04:10:43",98.2
CSWM-01K94J-11,"2025-11-10 04:15:43",62.2
CSWM-01K94J-11,"2025-11-10 04:20:43",80.1
CSWM-01K94J-11,"2025-11-10 04:25:43",84.7
CSWM-01K94J-11,"2025-11-10 04:30:43",65.8
CSWM-01K94J-11,"2025-11-10 04:35:43",122.3
CSWM-01K94J-11,"2025-11-10 04:40:43",105.5
CSWM-01K94J-11,"2025-11-10 04:45:43",153.1
CSWM-01K94J-11,"2025-11-10 04:50:43",132.9
CSWM-01K94J-11,"2025-11-10 04:55:43",145.1
CSWM-01K94J-11,"2025-11-10 05:00:43",144.9
CSWM-01K94J-11,"2025-11-10 05:05:43",102.5
CSWM-01K94J-11,"2025-11-10 05:10:43",67.2
CSWM-01K94J-11,"2025-11-10 05:15:43",62.6
CSWM-01K94J-11,"2025-11-10 05:20:43",83.5
CSWM-01K94J-11,"2025-11-10 05:25:43",114.0
CSWM-01K94J-11,"2025-11-10 05:30:43",112.2
CSWM-01K94J-11,"2025-11-10 05:35:43",149.0
CSWM-01K94J-11,"2025-11-10 05:40:43",108.5
CSWM-01K94J-11,"2025-11-10 05:45:43",81.1
CSWM-01K94J-11,"2025-11-10 05:50:43",90.0
CSWM-01K94J-11,"2025-11-10 05:55:43",102.7
CSWM-01K94J-11,"2025-11-10 06:00:43",102.5
CSWM-01K94J-11,"2025-11-10 06:05:43",123.2
CSWM-01K94J-11,"2025-11-10 06:10:43",117.4
CSWM-01K94J-11,"2025-11-10 06:15:43",101.2
CSWM-01K94J-11,"2025-11-10 06:20:43",107.2
CSWM-01K94J-11,"2025-11-10 06:25:43",91.5
CSWM-01K94J-11,"2025-11-10 06:30:43",110.6
CSWM-01K94J-11,"2025-11-10 06:35:43",130.1
CSWM-01K94J-11,"2025-11-10 06:40:43",125.8
CSWM-01K94J-11,"2025-11-10 06:45:43",84.4
CSWM-01K94J-11,"2025-11-10 06:50:43",135.6
CSWM-01K94J-11,"2025-11-10 06:55:43",106.1
CSWM-01K94J-11,"2025-11-10 07:00:43",150.3
CSWM-01K94J-11,"2025-11-10 07:05:43",141.9
CSWM-01K94J-11,"2025-11-10 07:10:43",104.1
CSWM-01K94J-11,"2025-11-10 07:15:43",84.8
CSWM-01K94J-11,"2025-11-10 07:20:43",86.9
CSWM-01K94J-11,"2025-11-10 07:25:43",115.4
CSWM-01K94J-11,"2025-11-10 07:30:43",115.6
CSWM-01K94J-11,"2025-11-10 07:35:43",152.2
CSWM-01K94J-11,"2025-11-10 07:40:43",132.8
CSWM-01K94J-11,"2025-11-10 07:45:43",97.3
CSWM-01K94J-11,"2025-11-10 07:50:43",101.9
CSWM-01K94J-11,"2025-11-10 07:55:43",116.1
CSWM-01K94J-11,"2025-11-10 08:00:43",153.4
CSWM-01K94J-11,"2025-11-10 08:05:43",134.3
CSWM-01K94J-11,"2025-11-10 08:10:43",66.5
CSWM-01K94J-11,"2025-11-10 08:15:43",72.2
CSWM-01K94J-11,"2025-11-10 08:20:43",82.4
CSWM-01K94J-11,"2025-11-10 08:25:43",137.8
CSWM-01K94J-11,"2025-11-10 08:30:43",59.3
CSWM-01K94J-11,"2025-11-10 08:35:43",100.6
CSWM-01K94J-11,"2025-11-10 08:40:43",148.4
CSWM-01K94J-11,"2025-11-10 08:45:43",121.3
CSWM-01K94J-11,"2025-11-10 08:50:43",76.3
CSWM-01K94J-11,"2025-11-10 08:55:43",130.9
CSWM-01K94J-11,"2025-11-10 09:00:43",137.4
CSWM-01K94J-11,"2025-11-10 09:05:43",91.6
CSWM-01K94J-11,"2025-11-10 09:10:43",94.3
CSWM-01K94J-11,"2025-11-10 09:15:43",114.9
CSWM-01K94J-11,"2025-11-10 09:20:43",107.7
CSWM-01K94J-11,"2025-11-10 09:25:43",94.8
CSWM-01K94J-11,"2025-11-10 09:30:43",127.7
CSWM-01K94J-11,"2025-11-10 09:35:43",110.3
CSWM-01K94J-11,"2025-11-10 09:40:43",96.1
CSWM-01K94J-11,"2025-11-10 09:45:43",124.7
CSWM-01K94J-11,"2025-11-10 09:50:43",77.0
CSWM-01K94J-11,"2025-11-10 09:55:43",115.8
CSWM-01K94J-11,"2025-11-10 10:00:43",114.1
CSWM-01K94J-11,"2025-11-10 10:05:43",70.1
CSWM-01K94J-11,"2025-11-10 10:10:43",87.2
CSWM-01K94J-11,"2025-11-10 10:15:43",139.5
CSWM-01K94J-11,"2025-11-10 10:20:43",126.0
CSWM-01K94J-11,"2025-11-10 10:25:43",103.7
CSWM-01K94J-11,"2025-11-10 10:30:43",132.0
CSWM-01K94J-11,"2025-11-10 10:35:43",100.0
CSWM-01K94J-11,"2025-11-10 10:40:43",122.0
CSWM-01K94J-11,"2025-11-10 10:45:43",161.6
CSWM-01K94J-11,"2025-11-10 10:50:43",96.2
CSWM-01K94J-11,"2025-11-10 10:55:43",119.5
CSWM-01K94J-11,"2025-11-10 11:00:43",143.0
CSWM-01K94J-11,"2025-11-10 11:05:43",126.1
CSWM-01K94J-11,"2025-11-10 11:10:43",141.4
CSWM-01K94J-11,"2025-11-10 11:15:43",55.5
CSWM-01K94J-11,"2025-11-10 11:20:43",91.0
CSWM-01K94J-11,"2025-11-10 11:25:43",101.2
CSWM-01K94J-11,"2025-11-10 11:30:43",146.9
CSWM-01K94J-11,"2025-11-10 11:35:43",56.4
CSWM-01K94J-11,"2025-11-10 11:40:43",140.1
CSWM-01K94J-11,"2025-11-10 11:45:43",96.1
CSWM-01K94J-11,"2025-11-10 11:50:43",137.2
CSWM-01K94J-11,"2025-11-10 11:55:43",77.9
CSWM-01K94J-11,"2025-11-10 12:00:43",102.4
CSWM-01K94J-11,"2025-11-10 12:05:43",99.3
CSWM-01K94J-11,"2025-11-10 12:10:43",132.3
CSWM-01K94J-11,"2025-11-10 12:15:43",120.5
CSWM-01K94J-11,"2025-11-10 12:20:43",128.8
CSWM-01K94J-11,"2025-11-10 12:25:43",68.0
CSWM-01K94J-11,"2025-11-10 12:30:43",91.5
CSWM-01K94J-11,"2025-11-10 12:35:43",105.8
CSWM-01K94J-11,"2025-11-10 12:40:43",148.2
CSWM-01K94J-11,"2025-11-10 12:45:43",97.2
CSWM-01K94J-11,"2025-11-10 12:50:43",76.1
CSWM-01K94J-11,"2025-11-10 12:55:43",92.6
CSWM-01K94J-11,"2025-11-10 13:00:43",124.1
CSWM-01K94J-11,"2025-11-10 13:05:43",96.6
CSWM-01K94J-11,"2025-11-10 13:10:43",125.8
CSWM-01K94J-11,"2025-11-10 13:15:43",148.5
CSWM-01K94J-11,"2025-11-10 13:20:43",84.0
CSWM-01K94J-11,"2025-11-10 13:25:43",142.2
CSWM-01K94J-11,"2025-11-10 13:30:43",63.3
CSWM-01K94J-11,"2025-11-10 13:35:43",77.9
CSWM-01K94J-11,"2025-11-10 13:40:43",107.6
CSWM-01K94J-11,"2025-11-10 13:45:43",158.8
CSWM-01K94J-11,"2025-11-10 13:50:43",160.3
CSWM-01K94J-11,"2025-11-10 13:55:43",103.7
CSWM-01K94J-11,"2025-11-10 14:00:43",62.9
CSWM-01K94J-11,"2025-11-10 14:05:43",112.8
CSWM-01K94J-11,"2025-11-10 14:10:43",77.2
CSWM-01K94J-11,"2025-11-10 14:15:43",138.2
CSWM-01K94J-11,"2025-11-10 14:20:43",120.1
CSWM-01K94J-11,"2025-11-10 14:25:43",106.8
CSWM-01K94J-11,"2025-11-10 14:30:43",91.3
CSWM-01K94J-11,"2025-11-10 14:35:43",94.3
CSWM-01K94J-11,"2025-11-10 14:40:43",147.5
CSWM-01K94J-11,"2025-11-10 14:45:43",112.7
CSWM-01K94J-11,"2025-11-10 14:50:43",77.9
CSWM-01K94J-11,"2025-11-10 14:55:43",120.4
CSWM-01K94J-11,"2025-11-10 15:00:43",94.9
CSWM-01K94J-11,"2025-11-10 15:05:43",82.6
CSWM-01K94J-11,"2025-11-10 15:10:43",87.3
CSWM-01K94J-11,"2025-11-10 15:15:43",149.9
CSWM-01K94J-11,"2025-11-10 15:20:43",109.8
CSWM-01K94J-11,"2025-11-10 15:25:43",93.6
CSWM-01K94J-11,"2025-11-10 15:30:43",125.2
CSWM-01K94J-11,"2025-11-10 15:35:43",130.0
CSWM-01K94J-11,"2025-11-10 15:40:43",114.2
CSWM-01K94J-11,"2025-11-10 15:45:43",135.1
CSWM-01K94J-11,"2025-11-10 15:50:43",149.7
CSWM-01K94J-11,"2025-11-10 15:55:43",146.5
CSWM-01K94J-11,"2025-11-10 16:00:43",155.7
CSWM-01K94J-11,"2025-11-10 16:05:43",107.2
CSWM-01K94J-11,"2025-11-10 16:10:43",75.3
CSWM-01K94J-11,"2025-11-10 16:15:43",111.9
CSWM-01K94J-11,"2025-11-10 16:20:43",93.0
CSWM-01K94J-11,"2025-11-10 16:25:43",95.9
CSWM-01K94J-11,"2025-11-10 16:30:43",129.8
CSWM-01K94J-11,"2025-11-10 16:35:43",87.1
CSWM-01K94J-11,"2025-11-10 16:40:43",153.7
CSWM-01K94J-11,"2025-11-10 16:45:43",110.3
CSWM-01K94J-11,"2025-11-10 16:50:43",89.0
CSWM-01K94J-11,"2025-11-10 16:55:43",154.4
CSWM-01K94J-11,"2025-11-10 17:00:43",121.5
CSWM-01K94J-11,"2025-11-10 17:05:43",103.4
CSWM-01K94J-11,"2025-11-10 17:10:43",101.4
CSWM-01K94J-11,"2025-11-10 17:15:43",88.8
CSWM-01K94J-11,"2025-11-10 17:20:43",95.4
CSWM-01K94J-11,"2025-11-10 17:25:43",92.0
CSWM-01K94J-11,"2025-11-10 17:30:43",134.7
CSWM-01K94J-11,"2025-11-10 17:35:43",107.6
CSWM-01K94J-11,"2025-11-10 17:40:43",144.7
CSWM-01K94J-11,"2025-11-10 17:45:43",59.4
CSWM-01K94J-11,"2025-11-10 17:50:43",128.9
CSWM-01K94J-11,"2025-11-10 17:55:43",88.2
CSWM-01K94J-11,"2025-11-10 18:00:43",70.3
CSWM-01K94J-11,"2025-11-10 18:05:43",135.6
CSWM-01K94J-11,"2025-11-10 18:10:43",150.5
CSWM-01K94J-11,"2025-11-10 18:15:43",146.9
CSWM-01K94J-11,"2025-11-10 18:20:43",102.3
CSWM-01K94J-11,"2025-11-10 18:25:43",121.2
CSWM-01K94J-11,"2025-11-10 18:30:43",105.2
CSWM-01K94J-11,"2025-11-10 18:35:43",92.7
CSWM-01K94J-11,"2025-11-10 18:40:43",84.7
CSWM-01K94J-11,"2025-11-10 18:45:43",136.5
CSWM-01K94J-11,"2025-11-10 18:50:43",96.4
CSWM-01K94J-11,"2025-11-10 18:55:43",131.4
CSWM-01K94J-11,"2025-11-10 19:00:43",136.0
CSWM-01K94J-11,"2025-11-10 19:05:43",98.0
CSWM-01K94J-11,"2025-11-10 19:10:43",146.1
CSWM-01K94J-11,"2025-11-10 19:15:43",81.3
CSWM-01K94J-11,"2025-11-10 19:20:43",71.5
CSWM-01K94J-11,"2025-11-10 19:25:43",126.0
CSWM-01K94J-11,"2025-11-10 19:30:43",106.7
CSWM-01K94J-11,"2025-11-10 19:35:43",85.1
CSWM-01K94J-11,"2025-11-10 19:40:43",100.7
CSWM-01K94J-11,"2025-11-10 19:45:43",122.0
CSWM-01K94J-11,"2025-11-10 19:50:43",156.0
CSWM-01K94J-11,"2025-11-10 19:55:43",97.4
CSWM-01K94J-11,"2025-11-10 20:00:43",135.1
CSWM-01K94J-11,"2025-11-10 20:05:43",128.7
CSWM-01K94J-11,"2025-11-10 20:10:43",100.1
CSWM-01K94J-11,"2025-11-10 20:15:43",131.4
CSWM-01K94J-11,"2025-11-10 20:20:43",119.2
CSWM-01K94J-11,"2025-11-10 20:25:43",108.8
CSWM-01K94J-11,"2025-11-10 20:30:43",77.7
CSWM-01K94J-11,"2025-11-10 20:35:43",136.7
CSWM-01K94J-11,"2025-11-10 20:40:43",99.5
CSWM-01K94J-11,"2025-11-10 20:45:43",145.3
CSWM-01K94J-11,"2025-11-10 20:50:43",162.0
CSWM-01K94J-11,"2025-11-10 20:55:43",57.0
CSWM-01K94J-11,"2025-11-10 21:00:43",84.7
CSWM-01K94J-11,"2025-11-10 21:05:43",92.8
CSWM-01K94J-11,"2025-11-10 21:10:43",149.2
CSWM-01K94J-11,"2025-11-10 21:15:43",110.8
CSWM-01K94J-11,"2025-11-10 21:20:43",120.0
CSWM-01K94J-11,"2025-11-10 21:25:43",150.0
CSWM-01K94J-11,"2025-11-10 21:30:43",102.2
CSWM-01K94J-11,"2025-11-10 21:35:43",135.6
CSWM-01K94J-11,"2025-11-10 21:40:43",85.5
CSWM-01K94J-11,"2025-11-10 21:45:43",163.0
CSWM-01K94J-11,"2025-11-10 21:50:43",126.1
CSWM-01K94J-11,"2025-11-10 21:55:43",99.1
CSWM-01K94J-11,"2025-11-10 22:00:43",132.9
CSWM-01K94J-11,"2025-11-10 22:05:43",96.2
CSWM-01K94J-11,"2025-11-10 22:10:43",105.1
CSWM-01K94J-11,"2025-11-10 22:15:43",128.9
CSWM-01K94J-11,"2025-11-10 22:20:43",95.2
CSWM-01K94J-11,"2025-11-10 22:25:43",86.5
CSWM-01K94J-11,"2025-11-10 22:30:43",76.0
CSWM-01K94J-11,"2025-11-10 22:35:43",149.0
CSWM-01K94J-11,"2025-11-10 22:40:43",92.2
CSWM-01K94J-11,"2025-11-10 22:45:43",61.7
CSWM-01K94J-11,"2025-11-10 22:50:43",117.6
CSWM-01K94J-11,"2025-11-10 22:55:43",79.4
CSWM-01K94J-11,"2025-11-10 23:00:43",102.5
CSWM-01K94J-11,"2025-11-10 23:05:43",155.8
CSWM-01K94J-11,"2025-11-10 23:10:43",81.3
CSWM-01K94J-11,"2025-11-10 23:15:43",60.4
CSWM-01K94J-11,"2025-11-10 23:20:43",65.0
CSWM-01K94J-11,"2025-11-10 23:25:43",140.8
CSWM-01K94J-11,"2025-11-10 23:30:43",73.0
CSWM-01K94J-11,"2025-11-10 23:35:43",90.4
CSWM-01K94J-11,"2025-11-10 23:40:43",79.0
CSWM-01K94J-11,"2025-11-10 23:45:43",84.0
CSWM-01K94J-11,"2025-11-10 23:50:43",85.0
CSWM-01K94J-11,"2025-11-10 23:55:43",80.4
CSWM-01K94J-11,"2025-11-11 00:00:43",92.7
CSWM-01K94J-11,"2025-11-11 00:05:43",131.7
CSWM-01K94J-11,"2025-11-11 00:10:43",120.8
CSWM-01K94J-11,"2025-11-11 00:15:43",124.6
CSWM-01K94J-11,"2025-11-11 00:20:43",143.7
CSWM-01K94J-11,"2025-11-11 00:25:43",121.4
CSWM-01K94J-11,"2025-11-11 00:30:43",142.5
CSWM-01K94J-11,"2025-11-11 00:35:43",151.2
CSWM-01K94J-11,"2025-11-11 00:40:43",66.9
CSWM-01K94J-11,"2025-11-11 00:45:43",71.2
CSWM-01K94J-11,"2025-11-11 00:50:43",136.4
CSWM-01K94J-11,"2025-11-11 00:55:43",65.4
CSWM-01K94J-11,"2025-11-11 01:00:43",128.1
CSWM-01K94J-11,"2025-11-11 01:05:43",55.3
CSWM-01K94J-11,"2025-11-11 01:10:43",111.1
CSWM-01K94J-11,"2025-11-11 01:15:43",92.9
CSWM-01K94J-11,"2025-11-11 01:20:43",140.9
CSWM-01K94J-11,"2025-11-11 01:25:43",97.5
CSWM-01K94J-11,"2025-11-11 01:30:43",89.3
CSWM-01K94J-11,"2025-11-11 01:35:43",124.9
CSWM-01K94J-11,"2025-11-11 01:40:43",116.3
CSWM-01K94J-11,"2025-11-11 01:45:43",99.5
CSWM-01K94J-11,"2025-11-11 01:50:43",101.6
CSWM-01K94J-11,"2025-11-11 01:55:43",81.4
CSWM-01K94J-11,"2025-11-11 02:00:43",132.6
CSWM-01K94J-11,"2025-11-11 02:05:43",118.2
CSWM-01K94J-11,"2025-11-11 02:10:43",121.1
CSWM-01K94J-11,"2025-11-11 02:15:43",144.4
CSWM-01K94J-11,"2025-11-11 02:20:43",136.3
CSWM-01K94J-11,"2025-11-11 02:25:43",90.6
CSWM-01K94J-11,"2025-11-11 02:30:43",121.7
CSWM-01K94J-11,"2025-11-11 02:35:43",140.6
CSWM-01K94J-11,"2025-11-11 02:40:43",90.9
CSWM-01K94J-11,"2025-11-11 02:45:43",126.8
CSWM-01K94J-11,"2025-11-11 02:50:43",130.9
CSWM-01K94J-11,"2025-11-11 02:55:43",116.3
CSWM-01K94J-11,"2025-11-11 03:00:43",145.8
CSWM-01K94J-11,"2025-11-11 03:05:43",101.9
CSWM-01K94J-11,"2025-11-11 03:10:43",137.0
CSWM-01K94J-11,"2025-11-11 03:15:43",110.2
CSWM-01K94J-11,"2025-11-11 03:20:43",132.3
CSWM-01K94J-11,"2025-11-11 03:25:43",132.4
CSWM-01K94J-11,"2025-11-11 03:30:43",123.5
CSWM-01K94J-11,"2025-11-11 03:35:43",134.3
CSWM-01K94J-11,"2025-11-11 03:40:43",100.6
CSWM-01K94J-11,"2025-11-11 03:45:43",96.3
CSWM-01K94J-11,"2025-11-11 03:50:43",154.0
CSWM-01K94J-11,"2025-11-11 03:55:43",137.3
CSWM-01K94J-11,"2025-11-11 04:00:43",79.0
CSWM-01K94J-11,"2025-11-11 04:05:43",145.7
CSWM-01K94J-11,"2025-11-11 04:10:43",81.4
CSWM-01K94J-11,"2025-11-11 04:15:43",62.6
CSWM-01K94J-11,"2025-11-11 04:20:43",126.7
CSWM-01K94J-11,"2025-11-11 04:25:43",103.0
CSWM-01K94J-11,"2025-11-11 04:30:43",122.1
CSWM-01K94J-11,"2025-11-11 04:35:43",103.8
CSWM-01K94J-11,"2025-11-11 04:40:43",136.9
CSWM-01K94J-11,"2025-11-11 04:45:43",137.4
CSWM-01K94J-11,"2025-11-11 04:50:43",97.9
CSWM-01K94J-11,"2025-11-11 04:55:43",100.9
CSWM-01K94J-11,"2025-11-11 05:00:43",142.6
CSWM-01K94J-11,"2025-11-11 05:05:43",81.0
CSWM-01K94J-11,"2025-11-11 05:10:43",131.7
CSWM-01K94J-11,"2025-11-11 05:15:43",98.2
CSWM-01K94J-11,"2025-11-11 05:20:43",137.6
CSWM-01K94J-11,"2025-11-11 05:25:43",57.7
CSWM-01K94J-11,"2025-11-11 05:30:43",121.5
CSWM-01K94J-11,"2025-11-11 05:35:43",79.0
CSWM-01K94J-11,"2025-11-11 05:40:43",123.6
CSWM-01K94J-11,"2025-11-11 05:45:43",162.3
CSWM-01K94J-11,"2025-11-11 05:50:43",75.8
CSWM-01K94J-11,"2025-11-11 05:55:43",115.9
CSWM-01K94J-11,"2025-11-11 06:00:43",134.0
CSWM-01K94J-11,"2025-11-11 06:05:43",123.3
CSWM-01K94J-11,"2025-11-11 06:10:43",101.0
CSWM-01K94J-11,"2025-11-11 06:15:43",75.7
CSWM-01K94J-11,"2025-11-11 06:20:43",72.1
CSWM-01K94J-11,"2025-11-11 06:25:43",131.5
CSWM-01K94J-11,"2025-11-11 06:30:43",138.6
CSWM-01K94J-11,"2025-11-11 06:35:43",110.9
CSWM-01K94J-11,"2025-11-11 06:40:43",127.6
CSWM-01K94J-11,"2025-11-11 06:45:43",98.4
CSWM-01K94J-11,"2025-11-11 06:50:43",143.7
CSWM-01K94J-11,"2025-11-11 06:55:43",108.8
CSWM-01K94J-11,"2025-11-11 07:00:43",116.9
CSWM-01K94J-11,"2025-11-11 07:05:43",160.7
CSWM-01K94J-11,"2025-11-11 07:10:43",147.3
CSWM-01K94J-11,"2025-11-11 07:15:43",102.7
CSWM-01K94J-11,"2025-11-11 07:20:43",136.4
CSWM-01K94J-11,"2025-11-11 07:25:43",88.9
CSWM-01K94J-11,"2025-11-11 07:30:43",123.4
CSWM-01K94J-11,"2025-11-11 07:35:43",129.3
CSWM-01K94J-11,"2025-11-11 07:40:43",99.1
CSWM-01K94J-11,"2025-11-11 07:45:43",104.8
CSWM-01K94J-11,"2025-11-11 07:50:43",83.7
CSWM-01K94J-11,"2025-11-11 07:55:43",72.7
CSWM-01K94J-11,"2025-11-11 08:00:43",88.3
CSWM-01K94J-11,"2025-11-11 08:05:43",123.5
CSWM-01K94J-11,"2025-11-11 08:10:43",133.8
CSWM-01K94J-11,"2025-11-11 08:15:43",85.0
CSWM-01K94J-11,"2025-11-11 08:20:43",97.1
CSWM-01K94J-11,"2025-11-11 08:25:43",96.7
CSWM-01K94J-11,"2025-11-11 08:30:43",145.7
CSWM-01K94J-11,"2025-11-11 08:35:43",118.8
CSWM-01K94J-11,"2025-11-11 08:40:43",145.5
CSWM-01K94J-11,"2025-11-11 08:45:43",135.1
CSWM-01K94J-11,"2025-11-11 08:50:43",132.8
CSWM-01K94J-11,"2025-11-11 08:55:43",108.6
CSWM-01K94J-11,"2025-11-11 09:00:43",147.3
CSWM-01K94J-11,"2025-11-11 09:05:43",143.4
CSWM-01K94J-11,"2025-11-11 09:10:43",123.9
CSWM-01K94J-11,"2025-11-11 09:15:43",122.9
CSWM-01K94J-11,"2025-11-11 09:20:43",105.2
CSWM-01K94J-11,"2025-11-11 09:25:43",78.2
CSWM-01K94J-11,"2025-11-11 09:30:43",94.2
CSWM-01K94J-11,"2025-11-11 09:35:43",121.9
CSWM-01K94J-11,"2025-11-11 09:40:43",101.3
CSWM-01K94J-11,"2025-11-11 09:45:43",126.4
CSWM-01K94J-11,"2025-11-11 09:50:43",78.5
CSWM-01K94J-11,"2025-11-11 09:55:43",143.8
CSWM-01K94J-11,"2025-11-11 10:00:43",114.7
CSWM-01K94J-11,"2025-11-11 10:05:43",125.0
CSWM-01K94J-11,"2025-11-11 10:10:43",139.6
CSWM-01K94J-11,"2025-11-11 10:15:43",125.7
CSWM-01K94J-11,"2025-11-11 10:20:43",89.3
CSWM-01K94J-11,"2025-11-11 10:25:43",108.9
CSWM-01K94J-11,"2025-11-11 10:30:43",70.2
CSWM-01K94J-11,"2025-11-11 10:35:43",144.9
CSWM-01K94J-11,"2025-11-11 10:40:43",76.6
CSWM-01K94J-11,"2025-11-11 10:45:43",130.0
CSWM-01K94J-11,"2025-11-11 10:50:43",112.2
CSWM-01K94J-11,"2025-11-11 10:55:43",101.3
CSWM-01K94J-11,"2025-11-11 11:00:43",87.9
CSWM-01K94J-11,"2025-11-11 11:05:43",118.5
CSWM-01K94J-11,"2025-11-11 11:10:43",91.4
CSWM-01K94J-11,"2025-11-11 11:15:43",158.8
CSWM-01K94J-11,"2025-11-11 11:20:43",93.4
CSWM-01K94J-11,"2025-11-11 11:25:43",151.1
CSWM-01K94J-11,"2025-11-11 11:30:43",67.9
CSWM-01K94J-11,"2025-11-11 11:35:43",98.8
CSWM-01K94J-11,"2025-11-11 11:40:43",151.9
CSWM-01K94J-11,"2025-11-11 11:45:43",135.1
CSWM-01K94J-11,"2025-11-11 11:50:43",129.7
CSWM-01K94J-11,"2025-11-11 11:55:43",115.6
CSWM-01K94J-11,"2025-11-11 12:00:43",87.1
CSWM-01K94J-11,"2025-11-11 12:05:43",105.3
CSWM-01K94J-11,"2025-11-11 12:10:43",81.4
CSWM-01K94J-11,"2025-11-11 12:15:43",123.8
CSWM-01K94J-11,"2025-11-11 12:20:43",130.0
CSWM-01K94J-11,"2025-11-11 12:25:43",87.6
CSWM-01K94J-11,"2025-11-11 12:30:43",102.6
CSWM-01K94J-11,"2025-11-11 12:35:43",105.6
CSWM-01K94J-11,"2025-11-11 12:40:43",61.7
CSWM-01K94J-11,"2025-11-11 12:45:43",55.3
CSWM-01K94J-11,"2025-11-11 12:50:43",153.3
CSWM-01K94J-11,"2025-11-11 12:55:43",140.7
CSWM-01K94J-11,"2025-11-11 13:00:43",72.8
CSWM-01K94J-11,"2025-11-11 13:05:43",62.1
CSWM-01K94J-11,"2025-11-11 13:10:43",113.3
CSWM-01K94J-11,"2025-11-11 13:15:43",134.9
CSWM-01K94J-11,"2025-11-11 13:20:43",106.5
CSWM-01K94J-11,"2025-11-11 13:25:43",67.8
CSWM-01K94J-11,"2025-11-11 13:30:43",124.1
CSWM-01K94J-11,"2025-11-11 13:35:43",89.6
CSWM-01K94J-11,"2025-11-11 13:40:43",143.4
CSWM-01K94J-11,"2025-11-11 13:45:43",97.4
CSWM-01K94J-11,"2025-11-11 13:50:43",124.1
CSWM-01K94J-11,"2025-11-11 13:55:43",113.0
CSWM-01K94J-11,"2025-11-11 14:00:43",70.6
CSWM-01K94J-11,"2025-11-11 14:05:43",144.1
CSWM-01K94J-11,"2025-11-11 14:10:43",119.6
CSWM-01K94J-11,"2025-11-11 14:15:43",92.1
CSWM-01K94J-11,"2025-11-11 14:20:43",109.0
CSWM-01K94J-11,"2025-11-11 14:25:43",79.1
CSWM-01K94J-11,"2025-11-11 14:30:43",118.5
CSWM-01K94J-11,"2025-11-11 14:35:43",103.9
CSWM-01K94J-11,"2025-11-11 14:40:43",100.2
CSWM-01K94J-11,"2025-11-11 14:45:43",75.9
CSWM-01K94J-11,"2025-11-11 14:50:43",57.5
CSWM-01K94J-11,"2025-11-11 14:55:43",135.3
CSWM-01K94J-11,"2025-11-11 15:00:43",163.1
CSWM-01K94J-11,"2025-11-11 15:05:43",114.2
CSWM-01K94J-11,"2025-11-11 15:10:43",165.6
CSWM-01K94J-11,"2025-11-11 15:15:43",113.6
CSWM-01K94J-11,"2025-11-11 15:20:43",100.5
CSWM-01K94J-11,"2025-11-11 15:25:43",134.8
CSWM-01K94J-11,"2025-11-11 15:30:43",82.7
CSWM-01K94J-11,"2025-11-11 15:35:43",83.2
CSWM-01K94J-11,"2025-11-11 15:40:43",103.7
CSWM-01K94J-11,"2025-11-11 15:45:43",83.8
CSWM-01K94J-11,"2025-11-11 15:50:43",79.1
CSWM-01K94J-11,"2025-11-11 15:55:43",109.3
CSWM-01K94J-11,"2025-11-11 16:00:43",107.4
CSWM-01K94J-11,"2025-11-11 16:05:43",70.3
CSWM-01K94J-11,"2025-11-11 16:10:43",139.4
CSWM-01K94J-11,"2025-11-11 16:15:43",145.9
CSWM-01K94J-11,"2025-11-11 16:20:43",87.8
CSWM-01K94J-11,"2025-11-11 16:25:43",105.7
CSWM-01K94J-11,"2025-11-11 16:30:43",88.3
CSWM-01K94J-11,"2025-11-11 16:35:43",90.5
CSWM-01K94J-11,"2025-11-11 16:40:43",142.7
CSWM-01K94J-11,"2025-11-11 16:45:43",97.4
CSWM-01K94J-11,"2025-11-11 16:50:43",123.4
CSWM-01K94J-11,"2025-11-11 16:55:43",89.9
CSWM-01K94J-11,"2025-11-11 17:00:43",93.9
CSWM-01K94J-11,"2025-11-11 17:05:43",85.4
CSWM-01K94J-11,"2025-11-11 17:10:43",86.3
CSWM-01K94J-11,"2025-11-11 17:15:43",99.5
CSWM-01K94J-11,"2025-11-11 17:20:43",121.7
CSWM-01K94J-11,"2025-11-11 17:25:43",150.4
CSWM-01K94J-11,"2025-11-11 17:30:43",76.6
CSWM-01K94J-11,"2025-11-11 17:35:43",83.1
CSWM-01K94J-11,"2025-11-11 17:40:43",121.3
CSWM-01K94J-11,"2025-11-11 17:45:43",114.8
CSWM-01K94J-11,"2025-11-11 17:50:43",86.1
CSWM-01K94J-11,"2025-11-11 17:55:43",88.0
CSWM-01K94J-11,"2025-11-11 18:00:43",100.2
CSWM-01K94J-11,"2025-11-11 18:05:43",158.8
CSWM-01K94J-11,"2025-11-11 18:10:43",98.1
CSWM-01K94J-11,"2025-11-11 18:15:43",130.8
CSWM-01K94J-11,"2025-11-11 18:20:43",134.3
CSWM-01K94J-11,"2025-11-11 18:25:43",59.4
CSWM-01K94J-11,"2025-11-11 18:30:43",119.0
CSWM-01K94J-11,"2025-11-11 18:35:43",85.5
CSWM-01K94J-11,"2025-11-11 18:40:43",130.6
CSWM-01K94J-11,"2025-11-11 18:45:43",128.6
CSWM-01K94J-11,"2025-11-11 18:50:43",97.0
CSWM-01K94J-11,"2025-11-11 18:55:43",137.0
CSWM-01K94J-11,"2025-11-11 19:00:43",130.5
CSWM-01K94J-11,"2025-11-11 19:05:43",113.4
CSWM-01K94J-11,"2025-11-11 19:10:43",121.6
CSWM-01K94J-11,"2025-11-11 19:15:43",109.5
CSWM-01K94J-11,"2025-11-11 19:20:43",77.5
CSWM-01K94J-11,"2025-11-11 19:25:43",134.5
CSWM-01K94J-11,"2025-11-11 19:30:43",86.6
CSWM-01K94J-11,"2025-11-11 19:35:43",136.8
CSWM-01K94J-11,"2025-11-11 19:40:43",105.2
CSWM-01K94J-11,"2025-11-11 19:45:43",77.9
CSWM-01K94J-11,"2025-11-11 19:50:43",114.5
CSWM-01K94J-11,"2025-11-11 19:55:43",83.6
CSWM-01K94J-11,"2025-11-11 20:00:43",133.4
CSWM-01K94J-11,"2025-11-11 20:05:43",164.9
CSWM-01K94J-11,"2025-11-11 20:10:43",114.1
CSWM-01K94J-11,"2025-11-11 20:15:43",142.7
CSWM-01K94J-11,"2025-11-11 20:20:43",145.5
CSWM-01K94J-11,"2025-11-11 20:25:43",101.5
CSWM-01K94J-11,"2025-11-11 20:30:43",97.8
CSWM-01K94J-11,"2025-11-11 20:35:43",85.4
CSWM-01K94J-11,"2025-11-11 20:40:43",125.4
CSWM-01K94J-11,"2025-11-11 20:45:43",96.9
CSWM-01K94J-11,"2025-11-11 20:50:43",107.7
CSWM-01K94J-11,"2025-11-11 20:55:43",96.1
CSWM-01K94J-11,"2025-11-11 21:00:43",131.2
CSWM-01K94J-11,"2025-11-11 21:05:43",74.9
CSWM-01K94J-11,"2025-11-11 21:10:43",92.9
CSWM-01K94J-11,"2025-11-11 21:15:43",158.5
CSWM-01K94J-11,"2025-11-11 21:20:43",107.5
CSWM-01K94J-11,"2025-11-11 21:25:43",83.9
CSWM-01K94J-11,"2025-11-11 21:30:43",144.0
CSWM-01K94J-11,"2025-11-11 21:35:43",86.5
CSWM-01K94J-11,"2025-11-11 21:40:43",59.5
CSWM-01K94J-11,"2025-11-11 21:45:43",139.5
CSWM-01K94J-11,"2025-11-11 21:50:43",67.6
CSWM-01K94J-11,"2025-11-11 21:55:43",105.7
CSWM-01K94J-11,"2025-11-11 22:00:43",130.5
CSWM-01K94J-11,"2025-11-11 22:05:43",123.4
CSWM-01K94J-11,"2025-11-11 22:10:43",108.3
CSWM-01K94J-11,"2025-11-11 22:15:43",102.1
CSWM-01K94J-11,"2025-11-11 22:20:43",84.5
CSWM-01K94J-11,"2025-11-11 22:25:43",125.7
CSWM-01K94J-11,"2025-11-11 22:30:43",90.4
CSWM-01K94J-11,"2025-11-11 22:35:43",101.9
CSWM-01K94J-11,"2025-11-11 22:40:43",147.0
CSWM-01K94J-11,"2025-11-11 22:45:43",130.0
CSWM-01K94J-11,"2025-11-11 22:50:43",105.7
CSWM-01K94J-11,"2025-11-11 22:55:43",129.4
CSWM-01K94J-11,"2025-11-11 23:00:43",138.2
CSWM-01K94J-11,"2025-11-11 23:05:43",85.0
CSWM-01K94J-11,"2025-11-11 23:10:43",126.0
CSWM-01K94J-11,"2025-11-11 23:15:43",99.7
CSWM-01K94J-11,"2025-11-11 23:20:43",71.0
CSWM-01K94J-11,"2025-11-11 23:25:43",96.7
CSWM-01K94J-11,"2025-11-11 23:30:43",125.6
CSWM-01K94J-11,"2025-11-11 23:35:43",101.5
CSWM-01K94J-11,"2025-11-11 23:40:43",118.1
CSWM-01K94J-11,"2025-11-11 23:45:43",121.4
CSWM-01K94J-11,"2025-11-11 23:50:43",137.9
CSWM-01K94J-11,"2025-11-11 23:55:43",61.7
CSWM-01K94J-11,"2025-11-12 00:00:43",121.0
CSWM-01K94J-11,"2025-11-12 00:05:43",125.1
CSWM-01K94J-11,"2025-11-12 00:10:43",74.9
CSWM-01K94J-11,"2025-11-12 00:15:43",131.3
CSWM-01K94J-11,"2025-11-12 00:20:43",155.8
CSWM-01K94J-11,"2025-11-12 00:25:43",105.2
CSWM-01K94J-11,"2025-11-12 00:30:43",72.3
CSWM-01K94J-11,"2025-11-12 00:35:43",145.3
CSWM-01K94J-11,"2025-11-12 00:40:43",148.0
CSWM-01K94J-11,"2025-11-12 00:45:43",87.5
CSWM-01K94J-11,"2025-11-12 00:50:43",75.0
CSWM-01K94J-11,"2025-11-12 00:55:43",70.7
CSWM-01K94J-11,"2025-11-12 01:00:43",109.5
CSWM-01K94J-11,"2025-11-12 01:05:43",75.1
CSWM-01K94J-11,"2025-11-12 01:10:43",143.7
CSWM-01K94J-11,"2025-11-12 01:15:43",125.2
CSWM-01K94J-11,"2025-11-12 01:20:43",132.4
CSWM-01K94J-11,"2025-11-12 01:25:43",115.1
CSWM-01K94J-11,"2025-11-12 01:30:43",95.2
CSWM-01K94J-11,"2025-11-12 01:35:43",82.2
CSWM-01K94J-11,"2025-11-12 01:40:43",103.1
CSWM-01K94J-11,"2025-11-12 01:45:43",100.9
CSWM-01K94J-11,"2025-11-12 01:50:43",103.0
CSWM-01K94J-11,"2025-11-12 01:55:43",101.0
CSWM-01K94J-11,"2025-11-12 02:00:43",87.0
CSWM-01K94J-11,"2025-11-12 02:05:43",111.8
CSWM-01K94J-11,"2025-11-12 02:10:43",66.3
CSWM-01K94J-11,"2025-11-12 02:15:43",148.5
CSWM-01K94J-11,"2025-11-12 02:20:43",109.6
CSWM-01K94J-11,"2025-11-12 02:25:43",126.6
CSWM-01K94J-11,"2025-11-12 02:30:43",96.6
CSWM-01K94J-11,"2025-11-12 02:35:43",125.1
CSWM-01K94J-11,"2025-11-12 02:40:43",114.7
CSWM-01K94J-11,"2025-11-12 02:45:43",103.6
CSWM-01K94J-11,"2025-11-12 02:50:43",88.2
CSWM-01K94J-11,"2025-11-12 02:55:43",149.6
CSWM-01K94J-11,"2025-11-12 03:00:43",101.5
CSWM-01K94J-11,"2025-11-12 03:05:43",113.4
CSWM-01K94J-11,"2025-11-12 03:10:43",111.6
CSWM-01K94J-11,"2025-11-12 03:15:43",89.8
CSWM-01K94J-11,"2025-11-12 03:20:43",121.3
CSWM-01K94J-11,"2025-11-12 03:25:43",143.8
CSWM-01K94J-11,"2025-11-12 03:30:43",139.4
CSWM-01K94J-11,"2025-11-12 03:35:43",128.7
CSWM-01K94J-11,"2025-11-12 03:40:43",126.2
CSWM-01K94J-11,"2025-11-12 03:45:43",81.1
CSWM-01K94J-11,"2025-11-12 03:50:43",79.3
CSWM-01K94J-11,"2025-11-12 03:55:43",144.1
CSWM-01K94J-11,"2025-11-12 04:00:43",125.6
CSWM-01K94J-11,"2025-11-12 04:05:43",109.5
CSWM-01K94J-11,"2025-11-12 04:10:43",127.2
CSWM-01K94J-11,"2025-11-12 04:15:43",121.7
CSWM-01K94J-11,"2025-11-12 04:20:43",61.7
CSWM-01K94J-11,"2025-11-12 04:25:43",128.7
CSWM-01K94J-11,"2025-11-12 04:30:43",105.2
CSWM-01K94J-11,"2025-11-12 04:35:43",101.7
CSWM-01K94J-11,"2025-11-12 04:40:43",80.7
CSWM-01K94J-11,"2025-11-12 04:45:43",121.5
CSWM-01K94J-11,"2025-11-12 04:50:43",87.0
CSWM-01K94J-11,"2025-11-12 04:55:43",104.4
CSWM-01K94J-11,"2025-11-12 05:00:43",102.3
CSWM-01K94J-11,"2025-11-12 05:05:43",109.0
CSWM-01K94J-11,"2025-11-12 05:10:43",167.7
CSWM-01K94J-11,"2025-11-12 05:15:43",74.2
CSWM-01K94J-11,"2025-11-12 05:20:43",89.3
CSWM-01K94J-11,"2025-11-12 05:25:43",147.1
CSWM-01K94J-11,"2025-11-12 05:30:43",99.4
CSWM-01K94J-11,"2025-11-12 05:35:43",99.2
CSWM-01K94J-11,"2025-11-12 05:40:43",139.2
CSWM-01K94J-11,"2025-11-12 05:45:43",82.1
CSWM-01K94J-11,"2025-11-12 05:50:43",140.3
CSWM-01K94J-11,"2025-11-12 05:55:43",116.9
CSWM-01K94J-11,"2025-11-12 06:00:43",91.4
CSWM-01K94J-11,"2025-11-12 06:05:43",138.7
CSWM-01K94J-11,"2025-11-12 06:10:43",126.1
CSWM-01K94J-11,"2025-11-12 06:15:43",77.7
CSWM-01K94J-11,"2025-11-12 06:20:43",149.1
CSWM-01K94J-11,"2025-11-12 06:25:43",95.8
CSWM-01K94J-11,"2025-11-12 06:30:43",116.9
CSWM-01K94J-11,"2025-11-12 06:35:43",87.5
CSWM-01K94J-11,"2025-11-12 06:40:43",62.5
CSWM-01K94J-11,"2025-11-12 06:45:43",134.1
CSWM-01K94J-11,"2025-11-12 06:50:43",112.8
CSWM-01K94J-11,"2025-11-12 06:55:43",84.8
CSWM-01K94J-11,"2025-11-12 07:00:43",136.5
CSWM-01K94J-11,"2025-11-12 07:05:43",119.3
CSWM-01K94J-11,"2025-11-12 07:10:43",139.6
CSWM-01K94J-11,"2025-11-12 07:15:43",109.1
CSWM-01K94J-11,"2025-11-12 07:20:43",118.5
CSWM-01K94J-11,"2025-11-12 07:25:43",115.1
CSWM-01K94J-11,"2025-11-12 07:30:43",85.5
CSWM-01K94J-11,"2025-11-12 07:35:43",129.9
CSWM-01K94J-11,"2025-11-12 07:40:43",117.5
CSWM-01K94J-11,"2025-11-12 07:45:43",95.4
CSWM-01K94J-11,"2025-11-12 07:50:43",112.9
CSWM-01K94J-11,"2025-11-12 07:55:43",144.0
CSWM-01K94J-11,"2025-11-12 08:00:43",108.9
CSWM-01K94J-11,"2025-11-12 08:05:43",106.0
CSWM-01K94J-11,"2025-11-12 08:10:43",116.3
CSWM-01K94J-11,"2025-11-12 08:15:43",102.8
CSWM-01K94J-11,"2025-11-12 08:20:43",73.9
CSWM-01K94J-11,"2025-11-12 08:25:43",133.0
CSWM-01K94J-11,"2025-11-12 08:30:43",78.0
CSWM-01K94J-11,"2025-11-12 08:35:43",126.0
CSWM-01K94J-11,"2025-11-12 08:40:43",84.4
CSWM-01K94J-11,"2025-11-12 08:45:43",101.7
CSWM-01K94J-11,"2025-11-12 08:50:43",144.2
CSWM-01K94J-11,"2025-11-12 08:55:43",158.4
CSWM-01K94J-11,"2025-11-12 09:00:43",104.6
CSWM-01K94J-11,"2025-11-12 09:05:43",124.3
CSWM-01K94J-11,"2025-11-12 09:10:43",100.1
CSWM-01K94J-11,"2025-11-12 09:15:43",86.4
CSWM-01K94J-11,"2025-11-12 09:20:43",78.8
CSWM-01K94J-11,"2025-11-12 09:25:43",126.5
CSWM-01K94J-11,"2025-11-12 09:30:43",93.5
CSWM-01K94J-11,"2025-11-12 09:35:43",158.1
CSWM-01K94J-11,"2025-11-12 09:40:43",116.9
CSWM-01K94J-11,"2025-11-12 09:45:43",109.0
CSWM-01K94J-11,"2025-11-12 09:50:43",117.7
CSWM-01K94J-11,"2025-11-12 09:55:43",151.2
CSWM-01K94J-11,"2025-11-12 10:00:43",101.0
CSWM-01K94J-11,"2025-11-12 10:05:43",82.6
CSWM-01K94J-11,"2025-11-12 10:10:43",87.2
CSWM-01K94J-11,"2025-11-12 10:15:43",117.7
CSWM-01K94J-11,"2025-11-12 10:20:43",118.7
CSWM-01K94J-11,"2025-11-12 10:25:43",100.4
CSWM-01K94J-11,"2025-11-12 10:30:43",67.8
CSWM-01K94J-11,"2025-11-12 10:35:43",153.9
CSWM-01K94J-11,"2025-11-12 10:40:43",121.1
CSWM-01K94J-11,"2025-11-12 10:45:43",84.3
CSWM-01K94J-11,"2025-11-12 10:50:43",133.2
CSWM-01K94J-11,"2025-11-12 10:55:43",122.7
CSWM-01K94J-11,"2025-11-12 11:00:43",60.7
CSWM-01K94J-11,"2025-11-12 11:05:43",128.4
CSWM-01K94J-11,"2025-11-12 11:10:43",142.4
CSWM-01K94J-11,"2025-11-12 11:15:43",107.7
CSWM-01K94J-11,"2025-11-12 11:20:43",113.3
CSWM-01K94J-11,"2025-11-12 11:25:43",113.2
CSWM-01K94J-11,"2025-11-12 11:30:43",119.5
CSWM-01K94J-11,"2025-11-12 11:35:43",117.1
CSWM-01K94J-11,"2025-11-12 11:40:43",127.3
CSWM-01K94J-11,"2025-11-12 11:45:43",100.9
CSWM-01K94J-11,"2025-11-12 11:50:43",160.9
CSWM-01K94J-11,"2025-11-12 11:55:43",67.2
CSWM-01K94J-11,"2025-11-12 12:00:43",116.0
CSWM-01K94J-11,"2025-11-12 12:05:43",159.9
CSWM-01K94J-11,"2025-11-12 12:10:43",99.1
CSWM-01K94J-11,"2025-11-12 12:15:43",104.4
CSWM-01K94J-11,"2025-11-12 12:20:43",108.0
CSWM-01K94J-11,"2025-11-12 12:25:43",90.1
CSWM-01K94J-11,"2025-11-12 12:30:43",119.9
CSWM-01K94J-11,"2025-11-12 12:35:43",96.5
CSWM-01K94J-11,"2025-11-12 12:40:43",130.2
CSWM-01K94J-11,"2025-11-12 12:45:43",143.5
CSWM-01K94J-11,"2025-11-12 12:50:43",62.9
CSWM-01K94J-11,"2025-11-12 12:55:43",94.3
CSWM-01K94J-11,"2025-11-12 13:00:43",112.2
CSWM-01K94J-11,"2025-11-12 13:05:43",108.1
CSWM-01K94J-11,"2025-11-12 13:10:43",69.2
CSWM-01K94J-11,"2025-11-12 13:15:43",129.1
CSWM-01K94J-11,"2025-11-12 13:20:43",105.9
CSWM-01K94J-11,"2025-11-12 13:25:43",108.3
CSWM-01K94J-11,"2025-11-12 13:30:43",109.5
CSWM-01K94J-11,"2025-11-12 13:35:43",54.6
CSWM-01K94J-11,"2025-11-12 13:40:43",105.4
CSWM-01K94J-11,"2025-11-12 13:45:43",111.3
CSWM-01K94J-11,"2025-11-12 13:50:43",85.8
CSWM-01K94J-11,"2025-11-12 13:55:43",67.3
CSWM-01K94J-11,"2025-11-12 14:00:43",111.1
CSWM-01K94J-11,"2025-11-12 14:05:43",78.9
CSWM-01K94J-11,"2025-11-12 14:10:43",73.6
CSWM-01K94J-11,"2025-11-12 14:15:43",91.0
CSWM-01K94J-11,"2025-11-12 14:20:43",81.9
CSWM-01K94J-11,"2025-11-12 14:25:43",153.5
CSWM-01K94J-11,"2025-11-12 14:30:43",86.2
CSWM-01K94J-11,"2025-11-12 14:35:43",93.7
CSWM-01K94J-11,"2025-11-12 14:40:43",123.5
CSWM-01K94J-11,"2025-11-12 14:45:43",119.2
CSWM-01K94J-11,"2025-11-12 14:50:43",67.8
CSWM-01K94J-11,"2025-11-12 14:55:43",153.4
CSWM-01K94J-11,"2025-11-12 15:00:43",104.3
CSWM-01K94J-11,"2025-11-12 15:05:43",132.6
CSWM-01K94J-11,"2025-11-12 15:10:43",60.8
CSWM-01K94J-11,"2025-11-12 15:15:43",91.1
CSWM-01K94J-11,"2025-11-12 15:20:43",106.0
CSWM-01K94J-11,"2025-11-12 15:25:43",92.0
CSWM-01K94J-11,"2025-11-12 15:30:43",82.1
CSWM-01K94J-11,"2025-11-12 15:35:43",57.3
CSWM-01K94J-11,"2025-11-12 15:40:43",94.1
CSWM-01K94J-11,"2025-11-12 15:45:43",100.5
CSWM-01K94J-11,"2025-11-12 15:50:43",99.8
CSWM-01K94J-11,"2025-11-12 15:55:43",124.0
CSWM-01K94J-11,"2025-11-12 16:00:43",93.1
CSWM-01K94J-11,"2025-11-12 16:05:43",122.6
CSWM-01K94J-11,"2025-11-12 16:10:43",152.7
CSWM-01K94J-11,"2025-11-12 16:15:43",88.8
CSWM-01K94J-11,"2025-11-12 16:20:43",135.6
CSWM-01K94J-11,"2025-11-12 16:25:43",144.5
CSWM-01K94J-11,"2025-11-12 16:30:43",117.8
CSWM-01K94J-11,"2025-11-12 16:35:43",86.5
CSWM-01K94J-11,"2025-11-12 16:40:43",87.7
CSWM-01K94J-11,"2025-11-12 16:45:43",108.3
CSWM-01K94J-11,"2025-11-12 16:50:43",102.6
CSWM-01K94J-11,"2025-11-12 16:55:43",77.7
CSWM-01K94J-11,"2025-11-12 17:00:43",107.5
CSWM-01K94J-11,"2025-11-12 17:05:43",103.8
CSWM-01K94J-11,"2025-11-12 17:10:43",89.3
CSWM-01K94J-11,"2025-11-12 17:15:43",109.2
CSWM-01K94J-11,"2025-11-12 17:20:43",91.8
CSWM-01K94J-11,"2025-11-12 17:25:43",117.4
CSWM-01K94J-11,"2025-11-12 17:30:43",77.8
CSWM-01K94J-11,"2025-11-12 17:35:43",86.6
CSWM-01K94J-11,"2025-11-12 17:40:43",81.9
CSWM-01K94J-11,"2025-11-12 17:45:43",93.3
CSWM-01K94J-11,"2025-11-12 17:50:43",144.0
CSWM-01K94J-11,"2025-11-12 17:55:43",108.8
CSWM-01K94J-11,"2025-11-12 18:00:43",80.8
CSWM-01K94J-11,"2025-11-12 18:05:43",95.3
CSWM-01K94J-11,"2025-11-12 18:10:43",98.6
CSWM-01K94J-11,"2025-11-12 18:15:43",110.5
CSWM-01K94J-11,"2025-11-12 18:20:43",59.9
CSWM-01K94J-11,"2025-11-12 18:25:43",100.7
CSWM-01K94J-11,"2025-11-12 18:30:43",129.3
CSWM-01K94J-11,"2025-11-12 18:35:43",135.2
CSWM-01K94J-11,"2025-11-12 18:40:43",103.4
CSWM-01K94J-11,"2025-11-12 18:45:43",120.1
CSWM-01K94J-11,"2025-11-12 18:50:43",100.3
CSWM-01K94J-11,"2025-11-12 18:55:43",112.1
CSWM-01K94J-11,"2025-11-12 19:00:43",124.3
CSWM-01K94J-11,"2025-11-12 19:05:43",97.5
CSWM-01K94J-11,"2025-11-12 19:10:43",119.9
CSWM-01K94J-11,"2025-11-12 19:15:43",108.0
CSWM-01K94J-11,"2025-11-12 19:20:43",134.0
CSWM-01K94J-11,"2025-11-12 19:25:43",84.4
CSWM-01K94J-11,"2025-11-12 19:30:43",113.4
CSWM-01K94J-11,"2025-11-12 19:35:43",138.3
CSWM-01K94J-11,"2025-11-12 19:40:43",134.3
CSWM-01K94J-11,"2025-11-12 19:45:43",137.7
CSWM-01K94J-11,"2025-11-12 19:50:43",106.6
CSWM-01K94J-11,"2025-11-12 19:55:43",125.0
CSWM-01K94J-11,"2025-11-12 20:00:43",124.0
CSWM-01K94J-11,"2025-11-12 20:05:43",114.8
CSWM-01K94J-11,"2025-11-12 20:10:43",72.7
CSWM-01K94J-11,"2025-11-12 20:15:43",96.3
CSWM-01K94J-11,"2025-11-12 20:20:43",138.9
CSWM-01K94J-11,"2025-11-12 20:25:43",135.5
CSWM-01K94J-11,"2025-11-12 20:30:43",128.4
CSWM-01K94J-11,"2025-11-12 20:35:43",163.2
CSWM-01K94J-11,"2025-11-12 20:40:43",89.4
CSWM-01K94J-11,"2025-11-12 20:45:43",121.0
CSWM-01K94J-11,"2025-11-12 20:50:43",159.2
CSWM-01K94J-11,"2025-11-12 20:55:43",125.1
CSWM-01K94J-11,"2025-11-12 21:00:43",104.2
CSWM-01K94J-11,"2025-11-12 21:05:43",121.6
CSWM-01K94J-11,"2025-11-12 21:10:43",99.9
CSWM-01K94J-11,"2025-11-12 21:15:43",90.0
CSWM-01K94J-11,"2025-11-12 21:20:43",100.9
CSWM-01K94J-11,"2025-11-12 21:25:43",114.7
CSWM-01K94J-11,"2025-11-12 21:30:43",103.9
CSWM-01K94J-11,"2025-11-12 21:35:43",129.7
CSWM-01K94J-11,"2025-11-12 21:40:43",70.9
CSWM-01K94J-11,"2025-11-12 21:45:43",115.7
CSWM-01K94J-11,"2025-11-12 21:50:43",124.9
CSWM-01K94J-11,"2025-11-12 21:55:43",74.5
CSWM-01K94J-11,"2025-11-12 22:00:43",95.3
CSWM-01K94J-11,"2025-11-12 22:05:43",134.6
CSWM-01K94J-11,"2025-11-12 22:10:43",120.0
CSWM-01K94J-11,"2025-11-12 22:15:43",107.8
CSWM-01K94J-11,"2025-11-12 22:20:43",77.6
CSWM-01K94J-11,"2025-11-12 22:25:43",95.7
CSWM-01K94J-11,"2025-11-12 22:30:43",121.3
CSWM-01K94J-11,"2025-11-12 22:35:43",130.7
CSWM-01K94J-11,"2025-11-12 22:40:43",110.5
CSWM-01K94J-11,"2025-11-12 22:45:43",122.5
CSWM-01K94J-11,"2025-11-12 22:50:43",77.6
CSWM-01K94J-11,"2025-11-12 22:55:43",97.0
CSWM-01K94J-11,"2025-11-12 23:00:43",130.4
CSWM-01K94J-11,"2025-11-12 23:05:43",99.0
CSWM-01K94J-11,"2025-11-12 23:10:43",73.7
CSWM-01K94J-11,"2025-11-12 23:15:43",71.8
CSWM-01K94J-11,"2025-11-12 23:20:43",82.0
CSWM-01K94J-11,"2025-11-12 23:25:43",136.2
CSWM-01K94J-11,"2025-11-12 23:30:43",101.9
CSWM-01K94J-11,"2025-11-12 23:35:43",100.8
CSWM-01K94J-11,"2025-11-12 23:40:43",122.5
CSWM-01K94J-11,"2025-11-12 23:45:43",98.5
CSWM-01K94J-11,"2025-11-12 23:50:43",128.1
CSWM-01K94J-11,"2025-11-12 23:55:43",102.6
CSWM-01K94J-11,"2025-11-13 00:00:43",108.1
CSWM-01K94J-11,"2025-11-13 00:05:43",102.3
CSWM-01K94J-11,"2025-11-13 00:10:43",111.1
CSWM-01K94J-11,"2025-11-13 00:15:43",113.4
CSWM-01K94J-11,"2025-11-13 00:20:43",156.4
CSWM-01K94J-11,"2025-11-13 00:25:43",151.4
CSWM-01K94J-11,"2025-11-13 00:30:43",106.2
CSWM-01K94J-11,"2025-11-13 00:35:43",118.3
CSWM-01K94J-11,"2025-11-13 00:40:43",73.2
CSWM-01K94J-11,"2025-11-13 00:45:43",124.4
CSWM-01K94J-11,"2025-11-13 00:50:43",95.3
CSWM-01K94J-11,"2025-11-13 00:55:43",130.5
CSWM-01K94J-11,"2025-11-13 01:00:43",102.7
CSWM-01K94J-11,"2025-11-13 01:05:43",140.3
CSWM-01K94J-11,"2025-11-13 01:10:43",104.7
CSWM-01K94J-11,"2025-11-13 01:15:43",80.8
CSWM-01K94J-11,"2025-11-13 01:20:43",51.0
CSWM-01K94J-11,"2025-11-13 01:25:43",114.4
CSWM-01K94J-11,"2025-11-13 01:30:43",105.8
CSWM-01K94J-11,"2025-11-13 01:35:43",139.7
CSWM-01K94J-11,"2025-11-13 01:40:43",101.0
CSWM-01K94J-11,"2025-11-13 01:45:43",56.5
CSWM-01K94J-11,"2025-11-13 01:50:43",91.4
CSWM-01K94J-11,"2025-11-13 01:55:43",92.6
CSWM-01K94J-11,"2025-11-13 02:00:43",99.9
CSWM-01K94J-11,"2025-11-13 02:05:43",137.6
CSWM-01K94J-11,"2025-11-13 02:10:43",114.7
CSWM-01K94J-11,"2025-11-13 02:15:43",74.5
CSWM-01K94J-11,"2025-11-13 02:20:43",113.8
CSWM-01K94J-11,"2025-11-13 02:25:43",110.5
CSWM-01K94J-11,"2025-11-13 02:30:43",108.5
CSWM-01K94J-11,"2025-11-13 02:35:43",73.8
CSWM-01K94J-11,"2025-11-13 02:40:43",99.6
CSWM-01K94J-11,"2025-11-13 02:45:43",60.2
CSWM-01K94J-11,"2025-11-13 02:50:43",117.4
CSWM-01K94J-11,"2025-11-13 02:55:43",87.2
CSWM-01K94J-11,"2025-11-13 03:00:43",128.3
CSWM-01K94J-11,"2025-11-13 03:05:43",94.6
CSWM-01K94J-11,"2025-11-13 03:10:43",116.1
CSWM-01K94J-11,"2025-11-13 03:15:43",106.0
CSWM-01K94J-11,"2025-11-13 03:20:43",138.8
CSWM-01K94J-11,"2025-11-13 03:25:43",115.9
CSWM-01K94J-11,"2025-11-13 03:30:43",156.4
CSWM-01K94J-11,"2025-11-13 03:35:43",146.3
CSWM-01K94J-11,"2025-11-13 03:40:43",119.8
CSWM-01K94J-11,"2025-11-13 03:45:43",133.1
CSWM-01K94J-11,"2025-11-13 03:50:43",63.7
CSWM-01K94J-11,"2025-11-13 03:55:43",145.6
CSWM-01K94J-11,"2025-11-13 04:00:43",132.7
CSWM-01K94J-11,"2025-11-13 04:05:43",76.9
CSWM-01K94J-11,"2025-11-13 04:10:43",106.9
CSWM-01K94J-11,"2025-11-13 04:15:43",87.4
CSWM-01K94J-11,"2025-11-13 04:20:43",149.5
CSWM-01K94J-11,"2025-11-13 04:25:43",92.0
CSWM-01K94J-11,"2025-11-13 04:30:43",127.1
CSWM-01K94J-11,"2025-11-13 04:35:43",72.3
CSWM-01K94J-11,"2025-11-13 04:40:43",133.1
CSWM-01K94J-11,"2025-11-13 04:45:43",90.6
CSWM-01K94J-11,"2025-11-13 04:50:43",72.1
CSWM-01K94J-11,"2025-11-13 04:55:43",97.4
CSWM-01K94J-11,"2025-11-13 05:00:43",102.7
CSWM-01K94J-11,"2025-11-13 05:05:43",130.2
CSWM-01K94J-11,"2025-11-13 05:10:43",100.9
CSWM-01K94J-11,"2025-11-13 05:15:43",83.4
CSWM-01K94J-11,"2025-11-13 05:20:43",166.4
CSWM-01K94J-11,"2025-11-13 05:25:43",138.6
CSWM-01K94J-11,"2025-11-13 05:30:43",145.9
CSWM-01K94J-11,"2025-11-13 05:35:43",95.9
CSWM-01K94J-11,"2025-11-13 05:40:43",134.1
CSWM-01K94J-11,"2025-11-13 05:45:43",144.7
CSWM-01K94J-11,"2025-11-13 05:50:43",97.4
CSWM-01K94J-11,"2025-11-13 05:55:43",93.3
CSWM-01K94J-11,"2025-11-13 06:00:43",135.2
CSWM-01K94J-11,"2025-11-13 06:05:43",102.4
CSWM-01K94J-11,"2025-11-13 06:10:43",89.1
CSWM-01K94J-11,"2025-11-13 06:15:43",109.0
CSWM-01K94J-11,"2025-11-13 06:20:43",157.9
CSWM-01K94J-11,"2025-11-13 06:25:43",119.3
CSWM-01K94J-11,"2025-11-13 06:30:43",68.4
CSWM-01K94J-11,"2025-11-13 06:35:43",143.1
CSWM-01K94J-11,"2025-11-13 06:40:43",97.3
CSWM-01K94J-11,"2025-11-13 06:45:43",64.5
CSWM-01K94J-11,"2025-11-13 06:50:43",95.8
CSWM-01K94J-11,"2025-11-13 06:55:43",143.7
CSWM-01K94J-11,"2025-11-13 07:00:43",81.4
CSWM-01K94J-11,"2025-11-13 07:05:43",97.3
CSWM-01K94J-11,"2025-11-13 07:10:43",132.6
CSWM-01K94J-11,"2025-11-13 07:15:43",95.9
CSWM-01K94J-11,"2025-11-13 07:20:43",116.5
CSWM-01K94J-11,"2025-11-13 07:25:43",143.5
CSWM-01K94J-11,"2025-11-13 07:30:43",150.9
CSWM-01K94J-11,"2025-11-13 07:35:43",126.0
CSWM-01K94J-11,"2025-11-13 07:40:43",108.6
CSWM-01K94J-11,"2025-11-13 07:45:43",113.3
CSWM-01K94J-11,"2025-11-13 07:50:43",133.7
CSWM-01K94J-11,"2025-11-13 07:55:43",124.6
CSWM-01K94J-11,"2025-11-13 08:00:43",93.8
CSWM-01K94J-11,"2025-11-13 08:05:43",94.3
CSWM-01K94J-11,"2025-11-13 08:10:43",116.3
CSWM-01K94J-11,"2025-11-13 08:15:43",137.4
CSWM-01K94J-11,"2025-11-13 08:20:43",136.0
CSWM-01K94J-11,"2025-11-13 08:25:43",143.8
CSWM-01K94J-11,"2025-11-13 08:30:43",155.3
CSWM-01K94J-11,"2025-11-13 08:35:43",127.2
CSWM-01K94J-11,"2025-11-13 08:40:43",77.9
CSWM-01K94J-11,"2025-11-13 08:45:43",71.5
CSWM-01K94J-11,"2025-11-13 08:50:43",111.0
CSWM-01K94J-11,"2025-11-13 08:55:43",163.6
CSWM-01K94J-11,"2025-11-13 09:00:43",87.1
CSWM-01K94J-11,"2025-11-13 09:05:43",104.6
CSWM-01K94J-11,"2025-11-13 09:10:43",129.2
CSWM-01K94J-11,"2025-11-13 09:15:43",100.2
CSWM-01K94J-11,"2025-11-13 09:20:43",128.0
CSWM-01K94J-11,"2025-11-13 09:25:43",94.6
CSWM-01K94J-11,"2025-11-13 09:30:43",79.5
CSWM-01K94J-11,"2025-11-13 09:35:43",129.6
CSWM-01K94J-11,"2025-11-13 09:40:43",113.3
CSWM-01K94J-11,"2025-11-13 09:45:43",99.9
CSWM-01K94J-11,"2025-11-13 09:50:43",69.1
CSWM-01K94J-11,"2025-11-13 09:55:43",93.0
CSWM-01K94J-11,"2025-11-13 10:00:43",108.4
CSWM-01K94J-11,"2025-11-13 10:05:43",92.6
CSWM-01K94J-11,"2025-11-13 10:10:43",66.0
CSWM-01K94J-11,"2025-11-13 10:15:43",129.3
CSWM-01K94J-11,"2025-11-13 10:20:43",82.7
CSWM-01K94J-11,"2025-11-13 10:25:43",99.6
CSWM-01K94J-11,"2025-11-13 10:30:43",103.7
CSWM-01K94J-11,"2025-11-13 10:35:43",72.8
CSWM-01K94J-11,"2025-11-13 10:40:43",96.8
CSWM-01K94J-11,"2025-11-13 10:45:43",106.1
CSWM-01K94J-11,"2025-11-13 10:50:43",128.8
CSWM-01K94J-11,"2025-11-13 10:55:43",68.0
CSWM-01K94J-11,"2025-11-13 11:00:43",93.5
CSWM-01K94J-11,"2025-11-13 11:05:43",130.8
CSWM-01K94J-11,"2025-11-13 11:10:43",73.6
CSWM-01K94J-11,"2025-11-13 11:15:43",85.1
CSWM-01K94J-11,"2025-11-13 11:20:43",105.0
CSWM-01K94J-11,"2025-11-13 11:25:43",132.3
CSWM-01K94J-11,"2025-11-13 11:30:43",129.8
CSWM-01K94J-11,"2025-11-13 11:35:43",129.8
CSWM-01K94J-11,"2025-11-13 11:40:43",156.5
CSWM-01K94J-11,"2025-11-13 11:45:43",151.5
CSWM-01K94J-11,"2025-11-13 11:50:43",122.0
CSWM-01K94J-11,"2025-11-13 11:55:43",125.9
CSWM-01K94J-11,"2025-11-13 12:00:43",101.3
CSWM-01K94J-11,"2025-11-13 12:05:43",150.9
CSWM-01K94J-11,"2025-11-13 12:10:43",152.7
CSWM-01K94J-11,"2025-11-13 12:15:43",94.3
CSWM-01K94J-11,"2025-11-13 12:20:43",151.7
CSWM-01K94J-11,"2025-11-13 12:25:43",121.7
CSWM-01K94J-11,"2025-11-13 12:30:43",153.5
CSWM-01K94J-11,"2025-11-13 12:35:43",156.2
CSWM-01K94J-11,"2025-11-13 12:40:43",136.0
CSWM-01K94J-11,"2025-11-13 12:45:43",67.1
CSWM-01K94J-11,"2025-11-13 12:50:43",97.2
CSWM-01K94J-11,"2025-11-13 12:55:43",121.3
CSWM-01K94J-11,"2025-11-13 13:00:43",132.7
CSWM-01K94J-11,"2025-11-13 13:05:43",76.4
CSWM-01K94J-11,"2025-11-13 13:10:43",156.8
CSWM-01K94J-11,"2025-11-13 13:15:43",149.7
CSWM-01K94J-11,"2025-11-13 13:20:43",111.3
CSWM-01K94J-11,"2025-11-13 13:25:43",101.4
CSWM-01K94J-11,"2025-11-13 13:30:43",121.6
CSWM-01K94J-11,"2025-11-13 13:35:43",111.1
CSWM-01K94J-11,"2025-11-13 13:40:43",115.1
CSWM-01K94J-11,"2025-11-13 13:45:43",56.9
CSWM-01K94J-11,"2025-11-13 13:50:43",95.1
CSWM-01K94J-11,"2025-11-13 13:55:43",156.8
CSWM-01K94J-11,"2025-11-13 14:00:43",97.7
CSWM-01K94J-11,"2025-11-13 14:05:43",135.1
CSWM-01K94J-11,"2025-11-13 14:10:43",74.2
CSWM-01K94J-11,"2025-11-13 14:15:43",120.7
CSWM-01K94J-11,"2025-11-13 14:20:43",87.2
CSWM-01K94J-11,"2025-11-13 14:25:43",153.3
CSWM-01K94J-11,"2025-11-13 14:30:43",96.9
CSWM-01K94J-11,"2025-11-13 14:35:43",134.9
CSWM-01K94J-11,"2025-11-13 14:40:43",77.0
CSWM-01K94J-11,"2025-11-13 14:45:43",62.1
CSWM-01K94J-11,"2025-11-13 14:50:43",94.7
CSWM-01K94J-11,"2025-11-13 14:55:43",153.1
CSWM-01K94J-11,"2025-11-13 15:00:43",133.5
CSWM-01K94J-11,"2025-11-13 15:05:43",116.0
CSWM-01K94J-11,"2025-11-13 15:10:43",169.4
CSWM-01K94J-11,"2025-11-13 15:15:43",120.7
CSWM-01K94J-11,"2025-11-13 15:20:43",108.0
CSWM-01K94J-11,"2025-11-13 15:25:43",119.3
CSWM-01K94J-11,"2025-11-13 15:30:43",110.8
CSWM-01K94J-11,"2025-11-13 15:35:43",117.7
CSWM-01K94J-11,"2025-11-13 15:40:43",84.9
CSWM-01K94J-11,"2025-11-13 15:45:43",76.1
CSWM-01K94J-11,"2025-11-13 15:50:43",128.8
CSWM-01K94J-11,"2025-11-13 15:55:43",102.6
CSWM-01K94J-11,"2025-11-13 16:00:43",73.9
CSWM-01K94J-11,"2025-11-13 16:05:43",142.0
CSWM-01K94J-11,"2025-11-13 16:10:43",124.1
CSWM-01K94J-11,"2025-11-13 16:15:43",119.4
CSWM-01K94J-11,"2025-11-13 16:20:43",74.3
CSWM-01K94J-11,"2025-11-13 16:25:43",155.7
CSWM-01K94J-11,"2025-11-13 16:30:43",132.9
CSWM-01K94J-11,"2025-11-13 16:35:43",97.7
CSWM-01K94J-11,"2025-11-13 16:40:43",117.6
CSWM-01K94J-11,"2025-11-13 16:45:43",140.0
CSWM-01K94J-11,"2025-11-13 16:50:43",84.0
CSWM-01K94J-11,"2025-11-13 16:55:43",134.2
CSWM-01K94J-11,"2025-11-13 17:00:43",131.6
CSWM-01K94J-11,"2025-11-13 17:05:43",107.7
CSWM-01K94J-11,"2025-11-13 17:10:43",126.8
CSWM-01K94J-11,"2025-11-13 17:15:43",149.2
CSWM-01K94J-11,"2025-11-13 17:20:43",115.8
CSWM-01K94J-11,"2025-11-13 17:25:43",112.9
CSWM-01K94J-11,"2025-11-13 17:30:43",93.9
CSWM-01K94J-11,"2025-11-13 17:35:43",79.5
CSWM-01K94J-11,"2025-11-13 17:40:43",119.5
CSWM-01K94J-11,"2025-11-13 17:45:43",144.0
CSWM-01K94J-11,"2025-11-13 17:50:43",96.5
CSWM-01K94J-11,"2025-11-13 17:55:43",114.4
CSWM-01K94J-11,"2025-11-13 18:00:43",128.6
CSWM-01K94J-11,"2025-11-13 18:05:43",133.1
CSWM-01K94J-11,"2025-11-13 18:10:43",117.3
CSWM-01K94J-11,"2025-11-13 18:15:43",132.5
CSWM-01K94J-11,"2025-11-13 18:20:43",159.9
CSWM-01K94J-11,"2025-11-13 18:25:43",97.1
CSWM-01K94J-11,"2025-11-13 18:30:43",116.7
CSWM-01K94J-11,"2025-11-13 18:35:43",121.8
CSWM-01K94J-11,"2025-11-13 18:40:43",114.9
CSWM-01K94J-11,"2025-11-13 18:45:43",83.0
CSWM-01K94J-11,"2025-11-13 18:50:43",109.9
CSWM-01K94J-11,"2025-11-13 18:55:43",71.2
CSWM-01K94J-11,"2025-11-13 19:00:43",80.1
CSWM-01K94J-11,"2025-11-13 19:05:43",113.5
CSWM-01K94J-11,"2025-11-13 19:10:43",135.1
CSWM-01K94J-11,"2025-11-13 19:15:43",98.1
CSWM-01K94J-11,"2025-11-13 19:20:43",131.7
CSWM-01K94J-11,"2025-11-13 19:25:43",98.4
CSWM-01K94J-11,"2025-11-13 19:30:43",146.6
CSWM-01K94J-11,"2025-11-13 19:35:43",148.7
CSWM-01K94J-11,"2025-11-13 19:40:43",76.0
CSWM-01K94J-11,"2025-11-13 19:45:43",61.7
CSWM-01K94J-11,"2025-11-13 19:50:43",125.7
CSWM-01K94J-11,"2025-11-13 19:55:43",106.4
CSWM-01K94J-11,"2025-11-13 20:00:43",147.1
CSWM-01K94J-11,"2025-11-13 20:05:43",85.7
CSWM-01K94J-11,"2025-11-13 20:10:43",109.5
CSWM-01K94J-11,"2025-11-13 20:15:43",143.7
CSWM-01K94J-11,"2025-11-13 20:20:43",92.2
CSWM-01K94J-11,"2025-11-13 20:25:43",96.8
CSWM-01K94J-11,"2025-11-13 20:30:43",116.3
CSWM-01K94J-11,"2025-11-13 20:35:43",109.8
CSWM-01K94J-11,"2025-11-13 20:40:43",139.3
CSWM-01K94J-11,"2025-11-13 20:45:43",103.6
CSWM-01K94J-11,"2025-11-13 20:50:43",163.9
CSWM-01K94J-11,"2025-11-13 20:55:43",131.1
CSWM-01K94J-11,"2025-11-13 21:00:43",145.5
CSWM-01K94J-11,"2025-11-13 21:05:43",74.0
CSWM-01K94J-11,"2025-11-13 21:10:43",123.1
CSWM-01K94J-11,"2025-11-13 21:15:43",146.7
CSWM-01K94J-11,"2025-11-13 21:20:43",88.8
CSWM-01K94J-11,"2025-11-13 21:25:43",56.5
CSWM-01K94J-11,"2025-11-13 21:30:43",105.9
CSWM-01K94J-11,"2025-11-13 21:35:43",126.0
CSWM-01K94J-11,"2025-11-13 21:40:43",105.6
CSWM-01K94J-11,"2025-11-13 21:45:43",109.1
CSWM-01K94J-11,"2025-11-13 21:50:43",66.8
CSWM-01K94J-11,"2025-11-13 21:55:43",126.5
CSWM-01K94J-11,"2025-11-13 22:00:43",129.8
CSWM-01K94J-11,"2025-11-13 22:05:43",77.5
CSWM-01K94J-11,"2025-11-13 22:10:43",147.3
CSWM-01K94J-11,"2025-11-13 22:15:43",63.9
CSWM-01K94J-11,"2025-11-13 22:20:43",140.6
CSWM-01K94J-11,"2025-11-13 22:25:43",108.5
CSWM-01K94J-11,"2025-11-13 22:30:43",99.9
CSWM-01K94J-11,"2025-11-13 22:35:43",98.4
CSWM-01K94J-11,"2025-11-13 22:40:43",149.6
CSWM-01K94J-11,"2025-11-13 22:45:43",162.5
CSWM-01K94J-11,"2025-11-13 22:50:43",108.2
CSWM-01K94J-11,"2025-11-13 22:55:43",84.8
CSWM-01K94J-11,"2025-11-13 23:00:43",62.7
CSWM-01K94J-11,"2025-11-13 23:05:43",84.9
CSWM-01K94J-11,"2025-11-13 23:10:43",101.9
CSWM-01K94J-11,"2025-11-13 23:15:43",130.7
CSWM-01K94J-11,"2025-11-13 23:20:43",107.4
CSWM-01K94J-11,"2025-11-13 23:25:43",112.4
CSWM-01K94J-11,"2025-11-13 23:30:43",145.7
CSWM-01K94J-11,"2025-11-13 23:35:43",72.2
CSWM-01K94J-11,"2025-11-13 23:40:43",128.0
CSWM-01K94J-11,"2025-11-13 23:45:43",80.0
CSWM-01K94J-11,"2025-11-13 23:50:43",60.1
CSWM-01K94J-11,"2025-11-13 23:55:43",74.8
CSWM-01K94J-11,"2025-11-14 00:00:43",107.2
CSWM-01K94J-11,"2025-11-14 00:05:43",87.0
CSWM-01K94J-11,"2025-11-14 00:10:43",118.4
CSWM-01K94J-11,"2025-11-14 00:15:43",140.2
CSWM-01K94J-11,"2025-11-14 00:20:43",80.9
CSWM-01K94J-11,"2025-11-14 00:25:43",121.8
CSWM-01K94J-11,"2025-11-14 00:30:43",138.9
CSWM-01K94J-11,"2025-11-14 00:35:43",100.1
CSWM-01K94J-11,"2025-11-14 00:40:43",89.4
CSWM-01K94J-11,"2025-11-14 00:45:43",89.8
CSWM-01K94J-11,"2025-11-14 00:50:43",121.1
CSWM-01K94J-11,"2025-11-14 00:55:43",62.4
CSWM-01K94J-11,"2025-11-14 01:00:43",71.5
CSWM-01K94J-11,"2025-11-14 01:05:43",159.5
CSWM-01K94J-11,"2025-11-14 01:10:43",106.8
CSWM-01K94J-11,"2025-11-14 01:15:43",143.8
CSWM-01K94J-11,"2025-11-14 01:20:43",67.8
CSWM-01K94J-11,"2025-11-14 01:25:43",104.3
CSWM-01K94J-11,"2025-11-14 01:30:43",154.5
CSWM-01K94J-11,"2025-11-14 01:35:43",81.3
CSWM-01K94J-11,"2025-11-14 01:40:43",123.8
CSWM-01K94J-11,"2025-11-14 01:45:43",77.5
CSWM-01K94J-11,"2025-11-14 01:50:43",147.0
CSWM-01K94J-11,"2025-11-14 01:55:43",128.4
CSWM-01K94J-11,"2025-11-14 02:00:43",68.2
CSWM-01K94J-11,"2025-11-14 02:05:43",102.2
CSWM-01K94J-11,"2025-11-14 02:10:43",104.1
CSWM-01K94J-11,"2025-11-14 02:15:43",126.8
CSWM-01K94J-11,"2025-11-14 02:20:43",82.9
CSWM-01K94J-11,"2025-11-14 02:25:43",106.6
CSWM-01K94J-11,"2025-11-14 02:30:43",55.2
CSWM-01K94J-11,"2025-11-14 02:35:43",109.7
CSWM-01K94J-11,"2025-11-14 02:40:43",130.1
CSWM-01K94J-11,"2025-11-14 02:45:43",75.8
CSWM-01K94J-11,"2025-11-14 02:50:43",97.0
CSWM-01K94J-11,"2025-11-14 02:55:43",99.3
CSWM-01K94J-11,"2025-11-14 03:00:43",108.6
CSWM-01K94J-11,"2025-11-14 03:05:43",129.2
CSWM-01K94J-11,"2025-11-14 03:10:43",101.7
CSWM-01K94J-11,"2025-11-14 03:15:43",148.3
CSWM-01K94J-11,"2025-11-14 03:20:43",140.4
CSWM-01K94J-11,"2025-11-14 03:25:43",83.0
CSWM-01K94J-11,"2025-11-14 03:30:43",92.6
CSWM-01K94J-11,"2025-11-14 03:35:43",90.7
CSWM-01K94J-11,"2025-11-14 03:40:43",131.0
CSWM-01K94J-11,"2025-11-14 03:45:43",122.8
CSWM-01K94J-11,"2025-11-14 03:50:43",99.1
CSWM-01K94J-11,"2025-11-14 03:55:43",92.1
CSWM-01K94J-11,"2025-11-14 04:00:43",67.0
CSWM-01K94J-11,"2025-11-14 04:05:43",156.6
CSWM-01K94J-11,"2025-11-14 04:10:43",102.3
CSWM-01K94J-11,"2025-11-14 04:15:43",114.6
CSWM-01K94J-11,"2025-11-14 04:20:43",72.2
CSWM-01K94J-11,"2025-11-14 04:25:43",84.4
CSWM-01K94J-11,"2025-11-14 04:30:43",120.2
CSWM-01K94J-11,"2025-11-14 04:35:43",112.3
CSWM-01K94J-11,"2025-11-14 04:40:43",108.2
CSWM-01K94J-11,"2025-11-14 04:45:43",64.1
CSWM-01K94J-11,"2025-11-14 04:50:43",96.0
CSWM-01K94J-11,"2025-11-14 04:55:43",144.7
CSWM-01K94J-11,"2025-11-14 05:00:43",94.1
CSWM-01K94J-11,"2025-11-14 05:05:43",105.7
CSWM-01K94J-11,"2025-11-14 05:10:43",107.2
CSWM-01K94J-11,"2025-11-14 05:15:43",83.0
CSWM-01K94J-11,"2025-11-14 05:20:43",112.7
CSWM-01K94J-11,"2025-11-14 05:25:43",87.2
CSWM-01K94J-11,"2025-11-14 05:30:43",140.8
CSWM-01K94J-11,"2025-11-14 05:35:43",109.2
CSWM-01K94J-11,"2025-11-14 05:40:43",133.6
CSWM-01K94J-11,"2025-11-14 05:45:43",108.4
CSWM-01K94J-11,"2025-11-14 05:50:43",122.7
CSWM-01K94J-11,"2025-11-14 05:55:43",146.2
CSWM-01K94J-11,"2025-11-14 06:00:43",118.9
CSWM-01K94J-11,"2025-11-14 06:05:43",94.9
CSWM-01K94J-11,"2025-11-14 06:10:43",137.8
CSWM-01K94J-11,"2025-11-14 06:15:43",95.5
CSWM-01K94J-11,"2025-11-14 06:20:43",123.4
CSWM-01K94J-11,"2025-11-14 06:25:43",123.8
CSWM-01K94J-11,"2025-11-14 06:30:43",106.7
CSWM-01K94J-11,"2025-11-14 06:35:43",120.9
CSWM-01K94J-11,"2025-11-14 06:40:43",142.1
CSWM-01K94J-11,"2025-11-14 06:45:43",135.5
CSWM-01K94J-11,"2025-11-14 06:50:43",141.6
CSWM-01K94J-11,"2025-11-14 06:55:43",104.4
CSWM-01K94J-11,"2025-11-14 07:00:43",136.5
CSWM-01K94J-11,"2025-11-14 07:05:43",144.7
CSWM-01K94J-11,"2025-11-14 07:10:43",74.3
CSWM-01K94J-11,"2025-11-14 07:15:43",82.7
CSWM-01K94J-11,"2025-11-14 07:20:43",103.0
CSWM-01K94J-11,"2025-11-14 07:25:43",65.9
CSWM-01K94J-11,"2025-11-14 07:30:43",109.8
CSWM-01K94J-11,"2025-11-14 07:35:43",106.0
CSWM-01K94J-11,"2025-11-14 07:40:43",104.8
CSWM-01K94J-11,"2025-11-14 07:45:43",133.4
CSWM-01K94J-11,"2025-11-14 07:50:43",70.2
CSWM-01K94J-11,"2025-11-14 07:55:43",90.2
CSWM-01K94J-11,"2025-11-14 08:00:43",110.6
CSWM-01K94J-11,"2025-11-14 08:05:43",118.7
CSWM-01K94J-11,"2025-11-14 08:10:43",143.1
CSWM-01K94J-11,"2025-11-14 08:15:43",113.2
CSWM-01K94J-11,"2025-11-14 08:20:43",159.5
CSWM-01K94J-11,"2025-11-14 08:25:43",133.2
CSWM-01K94J-11,"2025-11-14 08:30:43",114.7
CSWM-01K94J-11,"2025-11-14 08:35:43",109.9
CSWM-01K94J-11,"2025-11-14 08:40:43",137.2
CSWM-01K94J-11,"2025-11-14 08:45:43",136.0
CSWM-01K94J-11,"2025-11-14 08:50:43",146.4
CSWM-01K94J-11,"2025-11-14 08:55:43",102.1
CSWM-01K94J-11,"2025-11-14 09:00:43",83.9
CSWM-01K94J-11,"2025-11-14 09:05:43",93.4
CSWM-01K94J-11,"2025-11-14 09:10:43",76.7
CSWM-01K94J-11,"2025-11-14 09:15:43",112.5
CSWM-01K94J-11,"2025-11-14 09:20:43",80.9
CSWM-01K94J-11,"2025-11-14 09:25:43",131.3
CSWM-01K94J-11,"2025-11-14 09:30:43",107.5
CSWM-01K94J-11,"2025-11-14 09:35:43",151.8
CSWM-01K94J-11,"2025-11-14 09:40:43",120.2
CSWM-01K94J-11,"2025-11-14 09:45:43",107.9
CSWM-01K94J-11,"2025-11-14 09:50:43",137.8
CSWM-01K94J-11,"2025-11-14 09:55:43",87.7
CSWM-01K94J-11,"2025-11-14 10:00:43",126.4
CSWM-01K94J-11,"2025-11-14 10:05:43",155.9
CSWM-01K94J-11,"2025-11-14 10:10:43",148.0
CSWM-01K94J-11,"2025-11-14 10:15:43",110.1
CSWM-01K94J-11,"2025-11-14 10:20:43",148.3
CSWM-01K94J-11,"2025-11-14 10:25:43",78.6
CSWM-01K94J-11,"2025-11-14 10:30:43",77.1
CSWM-01K94J-11,"2025-11-14 10:35:43",104.0
CSWM-01K94J-11,"2025-11-14 10:40:43",81.3
CSWM-01K94J-11,"2025-11-14 10:45:43",138.2
CSWM-01K94J-11,"2025-11-14 10:50:43",114.3
CSWM-01K94J-11,"2025-11-14 10:55:43",99.7
CSWM-01K94J-11,"2025-11-14 11:00:43",115.7
CSWM-01K94J-11,"2025-11-14 11:05:43",131.1
CSWM-01K94J-11,"2025-11-14 11:10:43",134.2
CSWM-01K94J-11,"2025-11-14 11:15:43",138.9
CSWM-01K94J-11,"2025-11-14 11:20:43",124.6
CSWM-01K94J-11,"2025-11-14 11:25:43",154.4
CSWM-01K94J-11,"2025-11-14 11:30:43",70.3
CSWM-01K94J-11,"2025-11-14 11:35:43",106.5
CSWM-01K94J-11,"2025-11-14 11:40:43",83.1
CSWM-01K94J-11,"2025-11-14 11:45:43",99.3
CSWM-01K94J-11,"2025-11-14 11:50:43",123.2
CSWM-01K94J-11,"2025-11-14 11:55:43",113.1
CSWM-01K94J-11,"2025-11-14 12:00:43",113.6
CSWM-01K94J-11,"2025-11-14 12:05:43",79.9
CSWM-01K94J-11,"2025-11-14 12:10:43",144.2
CSWM-01K94J-11,"2025-11-14 12:15:43",145.8
CSWM-01K94J-11,"2025-11-14 12:20:43",98.7
CSWM-01K94J-11,"2025-11-14 12:25:43",107.9
CSWM-01K94J-11,"2025-11-14 12:30:43",136.4
CSWM-01K94J-11,"2025-11-14 12:35:43",60.9
CSWM-01K94J-11,"2025-11-14 12:40:43",85.9
CSWM-01K94J-11,"2025-11-14 12:45:43",130.8
CSWM-01K94J-11,"2025-11-14 12:50:43",83.4
CSWM-01K94J-11,"2025-11-14 12:55:43",114.7
CSWM-01K94J-11,"2025-11-14 13:00:43",78.9
CSWM-01K94J-11,"2025-11-14 13:05:43",68.3
CSWM-01K94J-11,"2025-11-14 13:10:43",133.7
CSWM-01K94J-11,"2025-11-14 13:15:43",97.6
CSWM-01K94J-11,"2025-11-14 13:20:43",117.1
CSWM-01K94J-11,"2025-11-14 13:25:43",107.9
CSWM-01K94J-11,"2025-11-14 13:30:43",68.2
CSWM-01K94J-11,"2025-11-14 13:35:43",147.9
CSWM-01K94J-11,"2025-11-14 13:40:43",57.9
CSWM-01K94J-11,"2025-11-14 13:45:43",136.8
CSWM-01K94J-11,"2025-11-14 13:50:43",64.9
CSWM-01K94J-11,"2025-11-14 13:55:43",70.1
CSWM-01K94J-11,"2025-11-14 14:00:43",96.4
CSWM-01K94J-11,"2025-11-14 14:05:43",74.1
CSWM-01K94J-11,"2025-11-14 14:10:43",128.6
CSWM-01K94J-11,"2025-11-14 14:15:43",106.6
CSWM-01K94J-11,"2025-11-14 14:20:43",150.6
CSWM-01K94J-11,"2025-11-14 14:25:43",97.3
CSWM-01K94J-11,"2025-11-14 14:30:43",128.8
CSWM-01K94J-11,"2025-11-14 14:35:43",78.6
CSWM-01K94J-11,"2025-11-14 14:40:43",144.1
CSWM-01K94J-11,"2025-11-14 14:45:43",101.7
CSWM-01K94J-11,"2025-11-14 14:50:43",85.4
CSWM-01K94J-11,"2025-11-14 14:55:43",107.0
CSWM-01K94J-11,"2025-11-14 15:00:43",117.7
CSWM-01K94J-11,"2025-11-14 15:05:43",141.0
CSWM-01K94J-11,"2025-11-14 15:10:43",75.9
CSWM-01K94J-11,"2025-11-14 15:15:43",103.3
CSWM-01K94J-11,"2025-11-14 15:20:43",123.3
CSWM-01K94J-11,"2025-11-14 15:25:43",110.4
CSWM-01K94J-11,"2025-11-14 15:30:43",93.2
CSWM-01K94J-11,"2025-11-14 15:35:43",95.8
CSWM-01K94J-11,"2025-11-14 15:40:43",129.0
CSWM-01K94J-11,"2025-11-14 15:45:43",113.0
CSWM-01K94J-11,"2025-11-14 15:50:43",121.7
CSWM-01K94J-11,"2025-11-14 15:55:43",147.5
CSWM-01K94J-11,"2025-11-14 16:00:43",87.5
CSWM-01K94J-11,"2025-11-14 16:05:43",123.5
CSWM-01K94J-11,"2025-11-14 16:10:43",85.6
CSWM-01K94J-11,"2025-11-14 16:15:43",122.7
CSWM-01K94J-11,"2025-11-14 16:20:43",162.7
CSWM-01K94J-11,"2025-11-14 16:25:43",123.0
CSWM-01K94J-11,"2025-11-14 16:30:43",117.5
CSWM-01K94J-11,"2025-11-14 16:35:43",122.0
CSWM-01K94J-11,"2025-11-14 16:40:43",86.4
CSWM-01K94J-11,"2025-11-14 16:45:43",121.7
CSWM-01K94J-11,"2025-11-14 16:50:43",62.5
CSWM-01K94J-11,"2025-11-14 16:55:43",129.4
CSWM-01K94J-11,"2025-11-14 17:00:43",82.9
CSWM-01K94J-11,"2025-11-14 17:05:43",55.3
CSWM-01K94J-11,"2025-11-14 17:10:43",94.8
CSWM-01K94J-11,"2025-11-14 17:15:43",97.0
CSWM-01K94J-11,"2025-11-14 17:20:43",124.7
CSWM-01K94J-11,"2025-11-14 17:25:43",129.6
CSWM-01K94J-11,"2025-11-14 17:30:43",121.1
CSWM-01K94J-11,"2025-11-14 17:35:43",73.2
CSWM-01K94J-11,"2025-11-14 17:40:43",59.1
CSWM-01K94J-11,"2025-11-14 17:45:43",67.7
CSWM-01K94J-11,"2025-11-14 17:50:43",68.3
CSWM-01K94J-11,"2025-11-14 17:55:43",79.8
CSWM-01K94J-11,"2025-11-14 18:00:43",86.9
CSWM-01K94J-11,"2025-11-14 18:05:43",108.9
CSWM-01K94J-11,"2025-11-14 18:10:43",64.6
CSWM-01K94J-11,"2025-11-14 18:15:43",103.5
CSWM-01K94J-11,"2025-11-14 18:20:43",89.3
CSWM-01K94J-11,"2025-11-14 18:25:43",86.5
CSWM-01K94J-11,"2025-11-14 18:30:43",64.4
CSWM-01K94J-11,"2025-11-14 18:35:43",65.9
CSWM-01K94J-11,"2025-11-14 18:40:43",84.7
CSWM-01K94J-11,"2025-11-14 18:45:43",94.1
CSWM-01K94J-11,"2025-11-14 18:50:43",140.8
CSWM-01K94J-11,"2025-11-14 18:55:43",153.6
CSWM-01K94J-11,"2025-11-14 19:00:43",101.4
CSWM-01K94J-11,"2025-11-14 19:05:43",87.8
CSWM-01K94J-11,"2025-11-14 19:10:43",160.5
CSWM-01K94J-11,"2025-11-14 19:15:43",139.7
CSWM-01K94J-11,"2025-11-14 19:20:43",78.8
CSWM-01K94J-11,"2025-11-14 19:25:43",91.4
CSWM-01K94J-11,"2025-11-14 19:30:43",89.6
CSWM-01K94J-11,"2025-11-14 19:35:43",83.4
CSWM-01K94J-11,"2025-11-14 19:40:43",134.2
CSWM-01K94J-11,"2025-11-14 19:45:43",106.9
CSWM-01K94J-11,"2025-11-14 19:50:43",131.0
CSWM-01K94J-11,"2025-11-14 19:55:43",63.9
CSWM-01K94J-11,"2025-11-14 20:00:43",111.1
CSWM-01K94J-11,"2025-11-14 20:05:43",136.9
CSWM-01K94J-11,"2025-11-14 20:10:43",88.8
CSWM-01K94J-11,"2025-11-14 20:15:43",76.1
CSWM-01K94J-11,"2025-11-14 20:20:43",138.1
CSWM-01K94J-11,"2025-11-14 20:25:43",117.8
CSWM-01K94J-11,"2025-11-14 20:30:43",111.7
CSWM-01K94J-11,"2025-11-14 20:35:43",144.6
CSWM-01K94J-11,"2025-11-14 20:40:43",93.3
CSWM-01K94J-11,"2025-11-14 20:45:43",110.9
CSWM-01K94J-11,"2025-11-14 20:50:43",101.5
CSWM-01K94J-11,"2025-11-14 20:55:43",71.3
CSWM-01K94J-11,"2025-11-14 21:00:43",123.5
CSWM-01K94J-11,"2025-11-14 21:05:43",109.3
CSWM-01K94J-11,"2025-11-14 21:10:43",125.9
CSWM-01K94J-11,"2025-11-14 21:15:43",127.9
CSWM-01K94J-11,"2025-11-14 21:20:43",74.6
CSWM-01K94J-11,"2025-11-14 21:25:43",125.8
CSWM-01K94J-11,"2025-11-14 21:30:43",117.1
CSWM-01K94J-11,"2025-11-14 21:35:43",93.8
CSWM-01K94J-11,"2025-11-14 21:40:43",104.3
CSWM-01K94J-11,"2025-11-14 21:45:43",62.3
CSWM-01K94J-11,"2025-11-14 21:50:43",114.1
CSWM-01K94J-11,"2025-11-14 21:55:43",102.5
CSWM-01K94J-11,"2025-11-14 22:00:43",133.3
CSWM-01K94J-11,"2025-11-14 22:05:43",92.1
CSWM-01K94J-11,"2025-11-14 22:10:43",115.1
CSWM-01K94J-11,"2025-11-14 22:15:43",95.7
CSWM-01K94J-11,"2025-11-14 22:20:43",82.9
CSWM-01K94J-11,"2025-11-14 22:25:43",108.2
CSWM-01K94J-11,"2025-11-14 22:30:43",91.6
CSWM-01K94J-11,"2025-11-14 22:35:43",115.6
CSWM-01K94J-11,"2025-11-14 22:40:43",70.6
CSWM-01K94J-11,"2025-11-14 22:45:43",78.4
CSWM-01K94J-11,"2025-11-14 22:50:43",128.3
CSWM-01K94J-11,"2025-11-14 22:55:43",104.3
CSWM-01K94J-11,"2025-11-14 23:00:43",97.3
CSWM-01K94J-11,"2025-11-14 23:05:43",117.9
CSWM-01K94J-11,"2025-11-14 23:10:43",125.5
CSWM-01K94J-11,"2025-11-14 23:15:43",111.1
CSWM-01K94J-11,"2025-11-14 23:20:43",104.1
CSWM-01K94J-11,"2025-11-14 23:25:43",92.3
CSWM-01K94J-11,"2025-11-14 23:30:43",87.5
CSWM-01K94J-11,"2025-11-14 23:35:43",120.3
CSWM-01K94J-11,"2025-11-14 23:40:43",51.6
CSWM-01K94J-11,"2025-11-14 23:45:43",103.7
CSWM-01K94J-11,"2025-11-14 23:50:43",99.7
CSWM-01K94J-11,"2025-11-14 23:55:43",132.9
CSWM-01K94J-11,"2025-11-15 00:00:43",110.0
CSWM-01K94J-11,"2025-11-15 00:05:43",134.8
CSWM-01K94J-11,"2025-11-15 00:10:43",118.1
CSWM-01K94J-11,"2025-11-15 00:15:43",85.7
CSWM-01K94J-11,"2025-11-15 00:20:43",141.3
CSWM-01K94J-11,"2025-11-15 00:25:43",67.2
CSWM-01K94J-11,"2025-11-15 00:30:43",142.2
CSWM-01K94J-11,"2025-11-15 00:35:43",93.5
CSWM-01K94J-11,"2025-11-15 00:40:43",89.8
CSWM-01K94J-11,"2025-11-15 00:45:43",159.2
CSWM-01K94J-11,"2025-11-15 00:50:43",126.8
CSWM-01K94J-11,"2025-11-15 00:55:43",151.6
CSWM-01K94J-11,"2025-11-15 01:00:43",160.2
CSWM-01K94J-11,"2025-11-15 01:05:43",135.4
CSWM-01K94J-11,"2025-11-15 01:10:43",138.2
CSWM-01K94J-11,"2025-11-15 01:15:43",151.0
CSWM-01K94J-11,"2025-11-15 01:20:43",121.8
CSWM-01K94J-11,"2025-11-15 01:25:43",101.6
CSWM-01K94J-11,"2025-11-15 01:30:43",102.5
CSWM-01K94J-11,"2025-11-15 01:35:43",85.1
CSWM-01K94J-11,"2025-11-15 01:40:43",130.0
CSWM-01K94J-11,"2025-11-15 01:45:43",82.6
CSWM-01K94J-11,"2025-11-15 01:50:43",114.8
CSWM-01K94J-11,"2025-11-15 01:55:43",126.3
CSWM-01K94J-11,"2025-11-15 02:00:43",140.8
CSWM-01K94J-11,"2025-11-15 02:05:43",101.1
CSWM-01K94J-11,"2025-11-15 02:10:43",76.1
CSWM-01K94J-11,"2025-11-15 02:15:43",120.0
CSWM-01K94J-11,"2025-11-15 02:20:43",73.5
CSWM-01K94J-11,"2025-11-15 02:25:43",81.2
CSWM-01K94J-11,"2025-11-15 02:30:43",73.9
CSWM-01K94J-11,"2025-11-15 02:35:43",80.0
CSWM-01K94J-11,"2025-11-15 02:40:43",146.9
CSWM-01K94J-11,"2025-11-15 02:45:43",134.4
CSWM-01K94J-11,"2025-11-15 02:50:43",90.1
CSWM-01K94J-11,"2025-11-15 02:55:43",132.3
CSWM-01K94J-11,"2025-11-15 03:00:43",102.3
CSWM-01K94J-11,"2025-11-15 03:05:43",136.6
CSWM-01K94J-11,"2025-11-15 03:10:43",69.5
CSWM-01K94J-11,"2025-11-15 03:15:43",95.2
CSWM-01K94J-11,"2025-11-15 03:20:43",80.2
CSWM-01K94J-11,"2025-11-15 03:25:43",140.8
CSWM-01K94J-11,"2025-11-15 03:30:43",139.7
CSWM-01K94J-11,"2025-11-15 03:35:43",127.5
CSWM-01K94J-11,"2025-11-15 03:40:43",102.0
CSWM-01K94J-11,"2025-11-15 03:45:43",100.6
CSWM-01K94J-11,"2025-11-15 03:50:43",127.7
CSWM-01K94J-11,"2025-11-15 03:55:43",123.1
CSWM-01K94J-11,"2025-11-15 04:00:43",122.4
CSWM-01K94J-11,"2025-11-15 04:05:43",85.2
CSWM-01K94J-11,"2025-11-15 04:10:43",139.0
CSWM-01K94J-11,"2025-11-15 04:15:43",74.4
CSWM-01K94J-11,"2025-11-15 04:20:43",121.8
CSWM-01K94J-11,"2025-11-15 04:25:43",149.0
CSWM-01K94J-11,"2025-11-15 04:30:43",92.6
CSWM-01K94J-11,"2025-11-15 04:35:43",90.3
CSWM-01K94J-11,"2025-11-15 04:40:43",111.9
CSWM-01K94J-11,"2025-11-15 04:45:43",132.9
CSWM-01K94J-11,"2025-11-15 04:50:43",77.2
CSWM-01K94J-11,"2025-11-15 04:55:43",84.9
CSWM-01K94J-11,"2025-11-15 05:00:43",79.6
CSWM-01K94J-11,"2025-11-15 05:05:43",131.3
CSWM-01K94J-11,"2025-11-15 05:10:43",128.6
CSWM-01K94J-11,"2025-11-15 05:15:43",130.3
CSWM-01K94J-11,"2025-11-15 05:20:43",133.9
CSWM-01K94J-11,"2025-11-15 05:25:43",122.2
CSWM-01K94J-11,"2025-11-15 05:30:43",70.3
CSWM-01K94J-11,"2025-11-15 05:35:43",165.4
CSWM-01K94J-11,"2025-11-15 05:40:43",126.4
CSWM-01K94J-11,"2025-11-15 05:45:43",120.2
CSWM-01K94J-11,"2025-11-15 05:50:43",122.4
CSWM-01K94J-11,"2025-11-15 05:55:43",56.6
CSWM-01K94J-11,"2025-11-15 06:00:43",108.4
CSWM-01K94J-11,"2025-11-15 06:05:43",100.6
CSWM-01K94J-11,"2025-11-15 06:10:43",76.2
CSWM-01K94J-11,"2025-11-15 06:15:43",136.1
CSWM-01K94J-11,"2025-11-15 06:20:43",120.4
CSWM-01K94J-11,"2025-11-15 06:25:43",148.1
CSWM-01K94J-11,"2025-11-15 06:30:43",78.1
CSWM-01K94J-11,"2025-11-15 06:35:43",112.4
CSWM-01K94J-11,"2025-11-15 06:40:43",96.8
CSWM-01K94J-11,"2025-11-15 06:45:43",111.2
CSWM-01K94J-11,"2025-11-15 06:50:43",130.6
CSWM-01K94J-11,"2025-11-15 06:55:43",102.2
CSWM-01K94J-11,"2025-11-15 07:00:43",80.8
CSWM-01K94J-11,"2025-11-15 07:05:43",104.9
CSWM-01K94J-11,"2025-11-15 07:10:43",87.5
CSWM-01K94J-11,"2025-11-15 07:15:43",95.8
CSWM-01K94J-11,"2025-11-15 07:20:43",141.6
CSWM-01K94J-11,"2025-11-15 07:25:43",131.2
CSWM-01K94J-11,"2025-11-15 07:30:43",63.1
CSWM-01K94J-11,"2025-11-15 07:35:43",123.2
CSWM-01K94J-11,"2025-11-15 07:40:43",133.0
CSWM-01K94J-11,"2025-11-15 07:45:43",93.1
CSWM-01K94J-11,"2025-11-15 07:50:43",53.0
CSWM-01K94J-11,"2025-11-15 07:55:43",92.5
CSWM-01K94J-11,"2025-11-15 08:00:43",149.7
CSWM-01K94J-11,"2025-11-15 08:05:43",151.8
CSWM-01K94J-11,"2025-11-15 08:10:43",136.2
CSWM-01K94J-11,"2025-11-15 08:15:43",131.4
CSWM-01K94J-11,"2025-11-15 08:20:43",98.7
CSWM-01K94J-11,"2025-11-15 08:25:43",146.4
CSWM-01K94J-11,"2025-11-15 08:30:43",85.4
CSWM-01K94J-11,"2025-11-15 08:35:43",133.9
CSWM-01K94J-11,"2025-11-15 08:40:43",87.4
CSWM-01K94J-11,"2025-11-15 08:45:43",86.7
CSWM-01K94J-11,"2025-11-15 08:50:43",122.8
CSWM-01K94J-11,"2025-11-15 08:55:43",161.8
CSWM-01K94J-11,"2025-11-15 09:00:43",70.3
CSWM-01K94J-11,"2025-11-15 09:05:43",128.7
CSWM-01K94J-11,"2025-11-15 09:10:43",87.2
CSWM-01K94J-11,"2025-11-15 09:15:43",117.3
CSWM-01K94J-11,"2025-11-15 09:20:43",125.3
CSWM-01K94J-11,"2025-11-15 09:25:43",85.5
CSWM-01K94J-11,"2025-11-15 09:30:43",74.4
CSWM-01K94J-11,"2025-11-15 09:35:43",138.2
CSWM-01K94J-11,"2025-11-15 09:40:43",151.2
CSWM-01K94J-11,"2025-11-15 09:45:43",118.4
CSWM-01K94J-11,"2025-11-15 09:50:43",91.9
CSWM-01K94J-11,"2025-11-15 09:55:43",112.0
CSWM-01K94J-11,"2025-11-15 10:00:43",119.5
CSWM-01K94J-11,"2025-11-15 10:05:43",108.4
CSWM-01K94J-11,"2025-11-15 10:10:43",146.7
CSWM-01K94J-11,"2025-11-15 10:15:43",143.4
CSWM-01K94J-11,"2025-11-15 10:20:43",123.9
CSWM-01K94J-11,"2025-11-15 10:25:43",165.8
CSWM-01K94J-11,"2025-11-15 10:30:43",103.7
CSWM-01K94J-11,"2025-11-15 10:35:43",106.5
CSWM-01K94J-11,"2025-11-15 10:40:43",117.0
CSWM-01K94J-11,"2025-11-15 10:45:43",113.7
CSWM-01K94J-11,"2025-11-15 10:50:43",137.1
CSWM-01K94J-11,"2025-11-15 10:55:43",123.4
CSWM-01K94J-11,"2025-11-15 11:00:43",126.0
CSWM-01K94J-11,"2025-11-15 11:05:43",139.2
CSWM-01K94J-11,"2025-11-15 11:10:43",152.9
CSWM-01K94J-11,"2025-11-15 11:15:43",74.3
CSWM-01K94J-11,"2025-11-15 11:20:43",66.0
CSWM-01K94J-11,"2025-11-15 11:25:43",131.3
CSWM-01K94J-11,"2025-11-15 11:30:43",154.8
CSWM-01K94J-11,"2025-11-15 11:35:43",100.9
CSWM-01K94J-11,"2025-11-15 11:40:43",100.0
CSWM-01K94J-11,"2025-11-15 11:45:43",94.2
CSWM-01K94J-11,"2025-11-15 11:50:43",121.5
CSWM-01K94J-11,"2025-11-15 11:55:43",128.5
CSWM-01K94J-11,"2025-11-15 12:00:43",91.5
CSWM-01K94J-11,"2025-11-15 12:05:43",68.7
CSWM-01K94J-11,"2025-11-15 12:10:43",140.9
CSWM-01K94J-11,"2025-11-15 12:15:43",150.2
CSWM-01K94J-11,"2025-11-15 12:20:43",131.5
CSWM-01K94J-11,"2025-11-15 12:25:43",131.8
CSWM-01K94J-11,"2025-11-15 12:30:43",134.9
CSWM-01K94J-11,"2025-11-15 12:35:43",126.9
CSWM-01K94J-11,"2025-11-15 12:40:43",105.4
CSWM-01K94J-11,"2025-11-15 12:45:43",61.0
CSWM-01K94J-11,"2025-11-15 12:50:43",67.0
CSWM-01K94J-11,"2025-11-15 12:55:43",121.3
CSWM-01K94J-11,"2025-11-15 13:00:43",143.2
CSWM-01K94J-11,"2025-11-15 13:05:43",156.9
CSWM-01K94J-11,"2025-11-15 13:10:43",88.4
CSWM-01K94J-11,"2025-11-15 13:15:43",113.1
CSWM-01K94J-11,"2025-11-15 13:20:43",80.8
CSWM-01K94J-11,"2025-11-15 13:25:43",132.0
CSWM-01K94J-11,"2025-11-15 13:30:43",102.1
CSWM-01K94J-11,"2025-11-15 13:35:43",92.5
CSWM-01K94J-11,"2025-11-15 13:40:43",149.5
CSWM-01K94J-11,"2025-11-15 13:45:43",98.6
CSWM-01K94J-11,"2025-11-15 13:50:43",106.4
CSWM-01K94J-11,"2025-11-15 13:55:43",125.6
CSWM-01K94J-11,"2025-11-15 14:00:43",122.1
CSWM-01K94J-11,"2025-11-15 14:05:43",122.1
CSWM-01K94J-11,"2025-11-15 14:10:43",107.4
CSWM-01K94J-11,"2025-11-15 14:15:43",135.2
CSWM-01K94J-11,"2025-11-15 14:20:43",124.3
CSWM-01K94J-11,"2025-11-15 14:25:43",117.3
CSWM-01K94J-11,"2025-11-15 14:30:43",98.9
CSWM-01K94J-11,"2025-11-15 14:35:43",106.2
CSWM-01K94J-11,"2025-11-15 14:40:43",85.3
CSWM-01K94J-11,"2025-11-15 14:45:43",73.4
CSWM-01K94J-11,"2025-11-15 14:50:43",117.8
CSWM-01K94J-11,"2025-11-15 14:55:43",99.9
CSWM-01K94J-11,"2025-11-15 15:00:43",115.2
CSWM-01K94J-11,"2025-11-15 15:05:43",160.4
CSWM-01K94J-11,"2025-11-15 15:10:43",152.6
CSWM-01K94J-11,"2025-11-15 15:15:43",92.4
CSWM-01K94J-11,"2025-11-15 15:20:43",115.1
CSWM-01K94J-11,"2025-11-15 15:25:43",111.6
CSWM-01K94J-11,"2025-11-15 15:30:43",112.4
CSWM-01K94J-11,"2025-11-15 15:35:43",111.2
CSWM-01K94J-11,"2025-11-15 15:40:43",101.6
CSWM-01K94J-11,"2025-11-15 15:45:43",83.5
CSWM-01K94J-11,"2025-11-15 15:50:43",103.1
CSWM-01K94J-11,"2025-11-15 15:55:43",119.3
CSWM-01K94J-11,"2025-11-15 16:00:43",152.3
CSWM-01K94J-11,"2025-11-15 16:05:43",149.7
CSWM-01K94J-11,"2025-11-15 16:10:43",88.0
CSWM-01K94J-11,"2025-11-15 16:15:43",108.4
CSWM-01K94J-11,"2025-11-15 16:20:43",112.7
CSWM-01K94J-11,"2025-11-15 16:25:43",105.1
CSWM-01K94J-11,"2025-11-15 16:30:43",145.2
CSWM-01K94J-11,"2025-11-15 16:35:43",127.7
CSWM-01K94J-11,"2025-11-15 16:40:43",75.9
CSWM-01K94J-11,"2025-11-15 16:45:43",154.1
CSWM-01K94J-11,"2025-11-15 16:50:43",80.3
CSWM-01K94J-11,"2025-11-15 16:55:43",136.5
CSWM-01K94J-11,"2025-11-15 17:00:43",107.9
CSWM-01K94J-11,"2025-11-15 17:05:43",61.1
CSWM-01K94J-11,"2025-11-15 17:10:43",87.5
CSWM-01K94J-11,"2025-11-15 17:15:43",130.0
CSWM-01K94J-11,"2025-11-15 17:20:43",125.9
CSWM-01K94J-11,"2025-11-15 17:25:43",108.5
CSWM-01K94J-11,"2025-11-15 17:30:43",127.6
CSWM-01K94J-11,"2025-11-15 17:35:43",129.5
CSWM-01K94J-11,"2025-11-15 17:40:43",88.0
CSWM-01K94J-11,"2025-11-15 17:45:43",82.5
CSWM-01K94J-11,"2025-11-15 17:50:43",116.5
CSWM-01K94J-11,"2025-11-15 17:55:43",96.5
CSWM-01K94J-11,"2025-11-15 18:00:43",126.3
CSWM-01K94J-11,"2025-11-15 18:05:43",143.3
CSWM-01K94J-11,"2025-11-15 18:10:43",111.3
CSWM-01K94J-11,"2025-11-15 18:15:43",131.2
CSWM-01K94J-11,"2025-11-15 18:20:43",64.6
CSWM-01K94J-11,"2025-11-15 18:25:43",118.4
CSWM-01K94J-11,"2025-11-15 18:30:43",85.7
CSWM-01K94J-11,"2025-11-15 18:35:43",91.3
CSWM-01K94J-11,"2025-11-15 18:40:43",76.1
CSWM-01K94J-11,"2025-11-15 18:45:43",106.2
CSWM-01K94J-11,"2025-11-15 18:50:43",90.2
CSWM-01K94J-11,"2025-11-15 18:55:43",91.8
CSWM-01K94J-11,"2025-11-15 19:00:43",134.0
CSWM-01K94J-11,"2025-11-15 19:05:43",130.5
CSWM-01K94J-11,"2025-11-15 19:10:43",82.0
CSWM-01K94J-11,"2025-11-15 19:15:43",142.4
CSWM-01K94J-11,"2025-11-15 19:20:43",154.0
CSWM-01K94J-11,"2025-11-15 19:25:43",90.2
CSWM-01K94J-11,"2025-11-15 19:30:43",59.3
CSWM-01K94J-11,"2025-11-15 19:35:43",86.0
CSWM-01K94J-11,"2025-11-15 19:40:43",128.4
CSWM-01K94J-11,"2025-11-15 19:45:43",107.6
CSWM-01K94J-11,"2025-11-15 19:50:43",73.3
CSWM-01K94J-11,"2025-11-15 19:55:43",72.4
CSWM-01K94J-11,"2025-11-15 20:00:43",120.3
CSWM-01K94J-11,"2025-11-15 20:05:43",106.5
CSWM-01K94J-11,"2025-11-15 20:10:43",81.3
CSWM-01K94J-11,"2025-11-15 20:15:43",101.7
CSWM-01K94J-11,"2025-11-15 20:20:43",146.9
CSWM-01K94J-11,"2025-11-15 20:25:43",104.5
CSWM-01K94J-11,"2025-11-15 20:30:43",100.1
CSWM-01K94J-11,"2025-11-15 20:35:43",83.7
CSWM-01K94J-11,"2025-11-15 20:40:43",70.1
CSWM-01K94J-11,"2025-11-15 20:45:43",104.5
CSWM-01K94J-11,"2025-11-15 20:50:43",153.6
CSWM-01K94J-11,"2025-11-15 20:55:43",109.0
CSWM-01K94J-11,"2025-11-15 21:00:43",108.4
CSWM-01K94J-11,"2025-11-15 21:05:43",106.2
CSWM-01K94J-11,"2025-11-15 21:10:43",149.7
CSWM-01K94J-11,"2025-11-15 21:15:43",85.1
CSWM-01K94J-11,"2025-11-15 21:20:43",122.1
CSWM-01K94J-11,"2025-11-15 21:25:43",90.7
CSWM-01K94J-11,"2025-11-15 21:30:43",93.9
CSWM-01K94J-11,"2025-11-15 21:35:43",60.5
CSWM-01K94J-11,"2025-11-15 21:40:43",80.9
CSWM-01K94J-11,"2025-11-15 21:45:43",91.7
CSWM-01K94J-11,"2025-11-15 21:50:43",91.0
CSWM-01K94J-11,"2025-11-15 21:55:43",126.9
CSWM-01K94J-11,"2025-11-15 22:00:43",88.5
CSWM-01K94J-11,"2025-11-15 22:05:43",118.9
CSWM-01K94J-11,"2025-11-15 22:10:43",152.8
CSWM-01K94J-11,"2025-11-15 22:15:43",119.3
CSWM-01K94J-11,"2025-11-15 22:20:43",108.6
CSWM-01K94J-11,"2025-11-15 22:25:43",162.0
CSWM-01K94J-11,"2025-11-15 22:30:43",73.7
CSWM-01K94J-11,"2025-11-15 22:35:43",119.0
CSWM-01K94J-11,"2025-11-15 22:40:43",83.8
CSWM-01K94J-11,"2025-11-15 22:45:43",160.3
CSWM-01K94J-11,"2025-11-15 22:50:43",87.3
CSWM-01K94J-11,"2025-11-15 22:55:43",111.7
CSWM-01K94J-11,"2025-11-15 23:00:43",108.0
CSWM-01K94J-11,"2025-11-15 23:05:43",109.8
CSWM-01K94J-11,"2025-11-15 23:10:43",98.5
CSWM-01K94J-11,"2025-11-15 23:15:43",109.8
CSWM-01K94J-11,"2025-11-15 23:20:43",134.6
CSWM-01K94J-11,"2025-11-15 23:25:43",134.0
CSWM-01K94J-11,"2025-11-15 23:30:43",90.0
CSWM-01K94J-11,"2025-11-15 23:35:43",95.5
CSWM-01K94J-11,"2025-11-15 23:40:43",134.9
CSWM-01K94J-11,"2025-11-15 23:45:43",126.2
CSWM-01K94J-11,"2025-11-15 23:50:43",70.7
CSWM-01K94J-11,"2025-11-15 23:55:43",93.8
CSWM-01K94J-11,"2025-11-16 00:00:43",104.3
CSWM-01K94J-11,"2025-11-16 00:05:43",107.4
CSWM-01K94J-11,"2025-11-16 00:10:43",92.1
CSWM-01K94J-11,"2025-11-16 00:15:43",68.3
CSWM-01K94J-11,"2025-11-16 00:20:43",119.9
CSWM-01K94J-11,"2025-11-16 00:25:43",89.8
CSWM-01K94J-11,"2025-11-16 00:30:43",112.2
CSWM-01K94J-11,"2025-11-16 00:35:43",121.9
CSWM-01K94J-11,"2025-11-16 00:40:43",81.7
CSWM-01K94J-11,"2025-11-16 00:45:43",146.0
CSWM-01K94J-11,"2025-11-16 00:50:43",132.4
CSWM-01K94J-11,"2025-11-16 00:55:43",80.7
CSWM-01K94J-11,"2025-11-16 01:00:43",121.5
CSWM-01K94J-11,"2025-11-16 01:05:43",85.8
CSWM-01K94J-11,"2025-11-16 01:10:43",137.8
CSWM-01K94J-11,"2025-11-16 01:15:43",128.5
CSWM-01K94J-11,"2025-11-16 01:20:43",78.8
CSWM-01K94J-11,"2025-11-16 01:25:43",111.5
CSWM-01K94J-11,"2025-11-16 01:30:43",59.7
CSWM-01K94J-11,"2025-11-16 01:35:43",68.0
CSWM-01K94J-11,"2025-11-16 01:40:43",111.1
CSWM-01K94J-11,"2025-11-16 01:45:43",109.2
CSWM-01K94J-11,"2025-11-16 01:50:43",92.2
CSWM-01K94J-11,"2025-11-16 01:55:43",76.4
CSWM-01K94J-11,"2025-11-16 02:00:43",129.2
CSWM-01K94J-11,"2025-11-16 02:05:43",131.3
CSWM-01K94J-11,"2025-11-16 02:10:43",87.9
CSWM-01K94J-11,"2025-11-16 02:15:43",125.9
CSWM-01K94J-11,"2025-11-16 02:20:43",156.4
CSWM-01K94J-11,"2025-11-16 02:25:43",127.7
CSWM-01K94J-11,"2025-11-16 02:30:43",150.4
CSWM-01K94J-11,"2025-11-16 02:35:43",92.5
CSWM-01K94J-11,"2025-11-16 02:40:43",150.7
CSWM-01K94J-11,"2025-11-16 02:45:43",123.5
CSWM-01K94J-11,"2025-11-16 02:50:43",157.1
CSWM-01K94J-11,"2025-11-16 02:55:43",96.5
CSWM-01K94J-11,"2025-11-16 03:00:43",101.1
CSWM-01K94J-11,"2025-11-16 03:05:43",61.6
CSWM-01K94J-11,"2025-11-16 03:10:43",111.9
CSWM-01K94J-11,"2025-11-16 03:15:43",63.2
CSWM-01K94J-11,"2025-11-16 03:20:43",119.3
CSWM-01K94J-11,"2025-11-16 03:25:43",90.4
CSWM-01K94J-11,"2025-11-16 03:30:43",129.1
CSWM-01K94J-11,"2025-11-16 03:35:43",123.3
CSWM-01K94J-11,"2025-11-16 03:40:43",139.4
CSWM-01K94J-11,"2025-11-16 03:45:43",156.0
CSWM-01K94J-11,"2025-11-16 03:50:43",122.7
CSWM-01K94J-11,"2025-11-16 03:55:43",76.7
CSWM-01K94J-11,"2025-11-16 04:00:43",98.7
CSWM-01K94J-11,"2025-11-16 04:05:43",56.0
CSWM-01K94J-11,"2025-11-16 04:10:43",85.9
CSWM-01K94J-11,"2025-11-16 04:15:43",74.4
CSWM-01K94J-11,"2025-11-16 04:20:43",93.0
CSWM-01K94J-11,"2025-11-16 04:25:43",156.2
CSWM-01K94J-11,"2025-11-16 04:30:43",123.9
CSWM-01K94J-11,"2025-11-16 04:35:43",70.8
CSWM-01K94J-11,"2025-11-16 04:40:43",87.1
CSWM-01K94J-11,"2025-11-16 04:45:43",150.1
CSWM-01K94J-11,"2025-11-16 04:50:43",88.5
CSWM-01K94J-11,"2025-11-16 04:55:43",145.0
CSWM-01K94J-11,"2025-11-16 05:00:43",142.1
CSWM-01K94J-11,"2025-11-16 05:05:43",150.6
CSWM-01K94J-11,"2025-11-16 05:10:43",116.7
CSWM-01K94J-11,"2025-11-16 05:15:43",132.8
CSWM-01K94J-11,"2025-11-16 05:20:43",110.8
CSWM-01K94J-11,"2025-11-16 05:25:43",129.7
CSWM-01K94J-11,"2025-11-16 05:30:43",143.3
CSWM-01K94J-11,"2025-11-16 05:35:43",118.9
CSWM-01K94J-11,"2025-11-16 05:40:43",120.9
CSWM-01K94J-11,"2025-11-16 05:45:43",153.9
CSWM-01K94J-11,"2025-11-16 05:50:43",138.6
CSWM-01K94J-11,"2025-11-16 05:55:43",118.8
CSWM-01K94J-11,"2025-11-16 06:00:43",116.2
CSWM-01K94J-11,"2025-11-16 06:05:43",130.3
CSWM-01K94J-11,"2025-11-16 06:10:43",100.6
CSWM-01K94J-11,"2025-11-16 06:15:43",120.0
CSWM-01K94J-11,"2025-11-16 06:20:43",102.6
CSWM-01K94J-11,"2025-11-16 06:25:43",96.6
CSWM-01K94J-11,"2025-11-16 06:30:43",118.0
CSWM-01K94J-11,"2025-11-16 06:35:43",100.9
CSWM-01K94J-11,"2025-11-16 06:40:43",86.7
CSWM-01K94J-11,"2025-11-16 06:45:43",86.1
CSWM-01K94J-11,"2025-11-16 06:50:43",110.6
CSWM-01K94J-11,"2025-11-16 06:55:43",130.4
CSWM-01K94J-11,"2025-11-16 07:00:43",121.0
CSWM-01K94J-11,"2025-11-16 07:05:43",67.0
CSWM-01K94J-11,"2025-11-16 07:10:43",108.8
CSWM-01K94J-11,"2025-11-16 07:15:43",79.7
CSWM-01K94J-11,"2025-11-16 07:20:43",117.8
CSWM-01K94J-11,"2025-11-16 07:25:43",112.2
CSWM-01K94J-11,"2025-11-16 07:30:43",75.9
CSWM-01K94J-11,"2025-11-16 07:35:43",103.2
CSWM-01K94J-11,"2025-11-16 07:40:43",63.5
CSWM-01K94J-11,"2025-11-16 07:45:43",104.1
CSWM-01K94J-11,"2025-11-16 07:50:43",125.3
CSWM-01K94J-11,"2025-11-16 07:55:43",129.1
CSWM-01K94J-11,"2025-11-16 08:00:43",57.1
CSWM-01K94J-11,"2025-11-16 08:05:43",118.8
CSWM-01K94J-11,"2025-11-16 08:10:43",104.6
CSWM-01K94J-11,"2025-11-16 08:15:43",63.4
CSWM-01K94J-11,"2025-11-16 08:20:43",146.3
CSWM-01K94J-11,"2025-11-16 08:25:43",108.0
CSWM-01K94J-11,"2025-11-16 08:30:43",55.0
CSWM-01K94J-11,"2025-11-16 08:35:43",130.4
CSWM-01K94J-11,"2025-11-16 08:40:43",127.0
CSWM-01K94J-11,"2025-11-16 08:45:43",66.2
CSWM-01K94J-11,"2025-11-16 08:50:43",125.7
CSWM-01K94J-11,"2025-11-16 08:55:43",137.9
CSWM-01K94J-11,"2025-11-16 09:00:43",116.6
CSWM-01K94J-11,"2025-11-16 09:05:43",87.3
CSWM-01K94J-11,"2025-11-16 09:10:43",108.9
CSWM-01K94J-11,"2025-11-16 09:15:43",76.9
CSWM-01K94J-11,"2025-11-16 09:20:43",125.8
CSWM-01K94J-11,"2025-11-16 09:25:43",94.9
CSWM-01K94J-11,"2025-11-16 09:30:43",84.6
CSWM-01K94J-11,"2025-11-16 09:35:43",121.7
CSWM-01K94J-11,"2025-11-16 09:40:43",81.0
CSWM-01K94J-11,"2025-11-16 09:45:43",120.3
CSWM-01K94J-11,"2025-11-16 09:50:43",104.5
CSWM-01K94J-11,"2025-11-16 09:55:43",138.4
CSWM-01K94J-11,"2025-11-16 10:00:43",118.3
CSWM-01K94J-11,"2025-11-16 10:05:43",105.3
CSWM-01K94J-11,"2025-11-16 10:10:43",84.1
CSWM-01K94J-11,"2025-11-16 10:15:43",63.3
CSWM-01K94J-11,"2025-11-16 10:20:43",90.9
CSWM-01K94J-11,"2025-11-16 10:25:43",152.6
CSWM-01K94J-11,"2025-11-16 10:30:43",119.5
CSWM-01K94J-11,"2025-11-16 10:35:43",113.2
CSWM-01K94J-11,"2025-11-16 10:40:43",97.5
CSWM-01K94J-11,"2025-11-16 10:45:43",101.3
CSWM-01K94J-11,"2025-11-16 10:50:43",153.7
CSWM-01K94J-11,"2025-11-16 10:55:43",91.6
CSWM-01K94J-11,"2025-11-16 11:00:43",87.4
CSWM-01K94J-11,"2025-11-16 11:05:43",113.8
CSWM-01K94J-11,"2025-11-16 11:10:43",76.9
CSWM-01K94J-11,"2025-11-16 11:15:43",114.7
CSWM-01K94J-11,"2025-11-16 11:20:43",168.0
CSWM-01K94J-11,"2025-11-16 11:25:43",107.4
CSWM-01K94J-11,"2025-11-16 11:30:43",112.4
CSWM-01K94J-11,"2025-11-16 11:35:43",94.3
CSWM-01K94J-11,"2025-11-16 11:40:43",62.5
CSWM-01K94J-11,"2025-11-16 11:45:43",136.3
CSWM-01K94J-11,"2025-11-16 11:50:43",73.7
CSWM-01K94J-11,"2025-11-16 11:55:43",140.7
CSWM-01K94J-11,"2025-11-16 12:00:43",138.0
CSWM-01K94J-11,"2025-11-16 12:05:43",94.9
CSWM-01K94J-11,"2025-11-16 12:10:43",77.9
CSWM-01K94J-11,"2025-11-16 12:15:43",82.3
CSWM-01K94J-11,"2025-11-16 12:20:43",121.3
CSWM-01K94J-11,"2025-11-16 12:25:43",151.7
CSWM-01K94J-11,"2025-11-16 12:30:43",88.9
CSWM-01K94J-11,"2025-11-16 12:35:43",136.8
CSWM-01K94J-11,"2025-11-16 12:40:43",104.2
CSWM-01K94J-11,"2025-11-16 12:45:43",153.2
CSWM-01K94J-11,"2025-11-16 12:50:43",112.2
CSWM-01K94J-11,"2025-11-16 12:55:43",135.0
CSWM-01K94J-11,"2025-11-16 13:00:43",120.7
CSWM-01K94J-11,"2025-11-16 13:05:43",70.2
CSWM-01K94J-11,"2025-11-16 13:10:43",131.6
CSWM-01K94J-11,"2025-11-16 13:15:43",73.9
CSWM-01K94J-11,"2025-11-16 13:20:43",102.9
CSWM-01K94J-11,"2025-11-16 13:25:43",142.9
CSWM-01K94J-11,"2025-11-16 13:30:43",154.3
CSWM-01K94J-11,"2025-11-16 13:35:43",161.6
CSWM-01K94J-11,"2025-11-16 13:40:43",134.6
CSWM-01K94J-11,"2025-11-16 13:45:43",96.6
CSWM-01K94J-11,"2025-11-16 13:50:43",141.4
CSWM-01K94J-11,"2025-11-16 13:55:43",117.7
CSWM-01K94J-11,"2025-11-16 14:00:43",145.0
CSWM-01K94J-11,"2025-11-16 14:05:43",120.6
CSWM-01K94J-11,"2025-11-16 14:10:43",74.5
CSWM-01K94J-11,"2025-11-16 14:15:43",155.9
CSWM-01K94J-11,"2025-11-16 14:20:43",132.1
CSWM-01K94J-11,"2025-11-16 14:25:43",89.3
CSWM-01K94J-11,"2025-11-16 14:30:43",66.9
CSWM-01K94J-11,"2025-11-16 14:35:43",135.7
CSWM-01K94J-11,"2025-11-16 14:40:43",120.8
CSWM-01K94J-11,"2025-11-16 14:45:43",81.0
CSWM-01K94J-11,"2025-11-16 14:50:43",121.5
CSWM-01K94J-11,"2025-11-16 14:55:43",130.3
CSWM-01K94J-11,"2025-11-16 15:00:43",104.6
CSWM-01K94J-11,"2025-11-16 15:05:43",98.9
CSWM-01K94J-11,"2025-11-16 15:10:43",130.0
CSWM-01K94J-11,"2025-11-16 15:15:43",131.9
CSWM-01K94J-11,"2025-11-16 15:20:43",131.3
CSWM-01K94J-11,"2025-11-16 15:25:43",160.3
CSWM-01K94J-11,"2025-11-16 15:30:43",125.5
CSWM-01K94J-11,"2025-11-16 15:35:43",108.0
CSWM-01K94J-11,"2025-11-16 15:40:43",114.8
CSWM-01K94J-11,"2025-11-16 15:45:43",54.6
CSWM-01K94J-11,"2025-11-16 15:50:43",158.3
CSWM-01K94J-11,"2025-11-16 15:55:43",77.1
CSWM-01K94J-11,"2025-11-16 16:00:43",66.2
CSWM-01K94J-11,"2025-11-16 16:05:43",141.5
CSWM-01K94J-11,"2025-11-16 16:10:43",82.5
CSWM-01K94J-11,"2025-11-16 16:15:43",130.4
CSWM-01K94J-11,"2025-11-16 16:20:43",88.8
CSWM-01K94J-11,"2025-11-16 16:25:43",92.7
CSWM-01K94J-11,"2025-11-16 16:30:43",110.0
CSWM-01K94J-11,"2025-11-16 16:35:43",95.9
CSWM-01K94J-11,"2025-11-16 16:40:43",83.0
CSWM-01K94J-11,"2025-11-16 16:45:43",105.5
CSWM-01K94J-11,"2025-11-16 16:50:43",161.5
CSWM-01K94J-11,"2025-11-16 16:55:43",105.0
CSWM-01K94J-11,"2025-11-16 17:00:43",98.6
CSWM-01K94J-11,"2025-11-16 17:05:43",127.3
CSWM-01K94J-11,"2025-11-16 17:10:43",89.6
CSWM-01K94J-11,"2025-11-16 17:15:43",62.4
CSWM-01K94J-11,"2025-11-16 17:20:43",115.5
CSWM-01K94J-11,"2025-11-16 17:25:43",124.6
CSWM-01K94J-11,"2025-11-16 17:30:43",152.4
CSWM-01K94J-11,"2025-11-16 17:35:43",106.3
CSWM-01K94J-11,"2025-11-16 17:40:43",67.4
CSWM-01K94J-11,"2025-11-16 17:45:43",111.1
CSWM-01K94J-11,"2025-11-16 17:50:43",90.2
CSWM-01K94J-11,"2025-11-16 17:55:43",115.1
CSWM-01K94J-11,"2025-11-16 18:00:43",126.1
CSWM-01K94J-11,"2025-11-16 18:05:43",107.3
CSWM-01K94J-11,"2025-11-16 18:10:43",98.0
CSWM-01K94J-11,"2025-11-16 18:15:43",165.9
CSWM-01K94J-11,"2025-11-16 18:20:43",117.9
CSWM-01K94J-11,"2025-11-16 18:25:43",93.4
CSWM-01K94J-11,"2025-11-16 18:30:43",77.7
CSWM-01K94J-11,"2025-11-16 18:35:43",137.2
CSWM-01K94J-11,"2025-11-16 18:40:43",79.9
CSWM-01K94J-11,"2025-11-16 18:45:43",102.4
CSWM-01K94J-11,"2025-11-16 18:50:43",139.7
CSWM-01K94J-11,"2025-11-16 18:55:43",162.7
CSWM-01K94J-11,"2025-11-16 19:00:43",134.5
CSWM-01K94J-11,"2025-11-16 19:05:43",157.5
CSWM-01K94J-11,"2025-11-16 19:10:43",120.9
CSWM-01K94J-11,"2025-11-16 19:15:43",74.5
CSWM-01K94J-11,"2025-11-16 19:20:43",111.0
CSWM-01K94J-11,"2025-11-16 19:25:43",118.0
CSWM-01K94J-11,"2025-11-16 19:30:43",134.1
CSWM-01K94J-11,"2025-11-16 19:35:43",86.8
CSWM-01K94J-11,"2025-11-16 19:40:43",82.0
CSWM-01K94J-11,"2025-11-16 19:45:43",118.7
CSWM-01K94J-11,"2025-11-16 19:50:43",147.5
CSWM-01K94J-11,"2025-11-16 19:55:43",101.1
CSWM-01K94J-11,"2025-11-16 20:00:43",127.2
CSWM-01K94J-11,"2025-11-16 20:05:43",117.6
CSWM-01K94J-11,"2025-11-16 20:10:43",87.3
CSWM-01K94J-11,"2025-11-16 20:15:43",135.9
CSWM-01K94J-11,"2025-11-16 20:20:43",103.4
CSWM-01K94J-11,"2025-11-16 20:25:43",124.0
CSWM-01K94J-11,"2025-11-16 20:30:43",68.8
CSWM-01K94J-11,"2025-11-16 20:35:43",128.2
CSWM-01K94J-11,"2025-11-16 20:40:43",146.9
CSWM-01K94J-11,"2025-11-16 20:45:43",132.7
CSWM-01K94J-11,"2025-11-16 20:50:43",120.7
CSWM-01K94J-11,"2025-11-16 20:55:43",156.5
CSWM-01K94J-11,"2025-11-16 21:00:43",115.9
CSWM-01K94J-11,"2025-11-16 21:05:43",90.2
CSWM-01K94J-11,"2025-11-16 21:10:43",145.2
CSWM-01K94J-11,"2025-11-16 21:15:43",125.7
CSWM-01K94J-11,"2025-11-16 21:20:43",147.2
CSWM-01K94J-11,"2025-11-16 21:25:43",110.0
CSWM-01K94J-11,"2025-11-16 21:30:43",88.5
CSWM-01K94J-11,"2025-11-16 21:35:43",93.9
CSWM-01K94J-11,"2025-11-16 21:40:43",104.0
CSWM-01K94J-11,"2025-11-16 21:45:43",85.2
CSWM-01K94J-11,"2025-11-16 21:50:43",107.3
CSWM-01K94J-11,"2025-11-16 21:55:43",108.8
CSWM-01K94J-11,"2025-11-16 22:00:43",117.0
CSWM-01K94J-11,"2025-11-16 22:05:43",67.4
CSWM-01K94J-11,"2025-11-16 22:10:43",131.4
CSWM-01K94J-11,"2025-11-16 22:15:43",105.2
CSWM-01K94J-11,"2025-11-16 22:20:43",135.2
CSWM-01K94J-11,"2025-11-16 22:25:43",74.7
CSWM-01K94J-11,"2025-11-16 22:30:43",140.7
CSWM-01K94J-11,"2025-11-16 22:35:43",113.3
CSWM-01K94J-11,"2025-11-16 22:40:43",90.9
CSWM-01K94J-11,"2025-11-16 22:45:43",102.3
CSWM-01K94J-11,"2025-11-16 22:50:43",151.4
CSWM-01K94J-11,"2025-11-16 22:55:43",93.9
CSWM-01K94J-11,"2025-11-16 23:00:43",72.8
CSWM-01K94J-11,"2025-11-16 23:05:43",129.6
CSWM-01K94J-11,"2025-11-16 23:10:43",120.3
CSWM-01K94J-11,"2025-11-16 23:15:43",76.1
CSWM-01K94J-11,"2025-11-16 23:20:43",138.9
CSWM-01K94J-11,"2025-11-16 23:25:43",115.3
CSWM-01K94J-11,"2025-11-16 23:30:43",133.2
CSWM-01K94J-11,"2025-11-16 23:35:43",127.2
CSWM-01K94J-11,"2025-11-16 23:40:43",142.0
CSWM-01K94J-11,"2025-11-16 23:45:43",110.1
CSWM-01K94J-11,"2025-11-16 23:50:43",55.6
CSWM-01K94J-11,"2025-11-16 23:55:43",120.7
CSWM-01K94J-11,"2025-11-17 00:00:43",102.2
CSWM-01K94J-11,"2025-11-17 00:05:43",84.0
CSWM-01K94J-11,"2025-11-17 00:10:43",150.3
CSWM-01K94J-11,"2025-11-17 00:15:43",82.9
CSWM-01K94J-11,"2025-11-17 00:20:43",140.6
CSWM-01K94J-11,"2025-11-17 00:25:43",94.0
CSWM-01K94J-11,"2025-11-17 00:30:43",133.2
CSWM-01K94J-11,"2025-11-17 00:35:43",138.3
CSWM-01K94J-11,"2025-11-17 00:40:43",113.1
CSWM-01K94J-11,"2025-11-17 00:45:43",134.7
CSWM-01K94J-11,"2025-11-17 00:50:43",113.2
CSWM-01K94J-11,"2025-11-17 00:55:43",103.5
CSWM-01K94J-11,"2025-11-17 01:00:43",70.4
CSWM-01K94J-11,"2025-11-17 01:05:43",80.1
CSWM-01K94J-11,"2025-11-17 01:10:43",73.7
CSWM-01K94J-11,"2025-11-17 01:15:43",114.8
CSWM-01K94J-11,"2025-11-17 01:20:43",113.4
CSWM-01K94J-11,"2025-11-17 01:25:43",78.7
CSWM-01K94J-11,"2025-11-17 01:30:43",107.0
CSWM-01K94J-11,"2025-11-17 01:35:43",123.7
CSWM-01K94J-11,"2025-11-17 01:40:43",135.6
CSWM-01K94J-11,"2025-11-17 01:45:43",118.7
CSWM-01K94J-11,"2025-11-17 01:50:43",72.5
CSWM-01K94J-11,"2025-11-17 01:55:43",119.3
CSWM-01K94J-11,"2025-11-17 02:00:43",154.9
CSWM-01K94J-11,"2025-11-17 02:05:43",131.5
CSWM-01K94J-11,"2025-11-17 02:10:43",131.6
CSWM-01K94J-11,"2025-11-17 02:15:43",65.6
CSWM-01K94J-11,"2025-11-17 02:20:43",128.8
CSWM-01K94J-11,"2025-11-17 02:25:43",100.1
CSWM-01K94J-11,"2025-11-17 02:30:43",107.4
CSWM-01K94J-11,"2025-11-17 02:35:43",99.0
CSWM-01K94J-11,"2025-11-17 02:40:43",121.4
CSWM-01K94J-11,"2025-11-17 02:45:43",68.3
CSWM-01K94J-11,"2025-11-17 02:50:43",113.1
CSWM-01K94J-11,"2025-11-17 02:55:43",92.9
CSWM-01K94J-11,"2025-11-17 03:00:43",81.7
CSWM-01K94J-11,"2025-11-17 03:05:43",134.5
CSWM-01K94J-11,"2025-11-17 03:10:43",74.2
CSWM-01K94J-11,"2025-11-17 03:15:43",60.3
CSWM-01K94J-11,"2025-11-17 03:20:43",99.2
CSWM-01K94J-11,"2025-11-17 03:25:43",70.2
CSWM-01K94J-11,"2025-11-17 03:30:43",93.7
CSWM-01K94J-11,"2025-11-17 03:35:43",135.5
CSWM-01K94J-11,"2025-11-17 03:40:43",133.1
CSWM-01K94J-11,"2025-11-17 03:45:43",164.6
CSWM-01K94J-11,"2025-11-17 03:50:43",109.2
CSWM-01K94J-11,"2025-11-17 03:55:43",100.1
CSWM-01K94J-11,"2025-11-17 04:00:43",96.8
CSWM-01K94J-11,"2025-11-17 04:05:43",61.5
CSWM-01K94J-11,"2025-11-17 04:10:43",134.3
CSWM-01K94J-11,"2025-11-17 04:15:43",84.2
CSWM-01K94J-11,"2025-11-17 04:20:43",129.9
CSWM-01K94J-11,"2025-11-17 04:25:43",87.4
CSWM-01K94J-11,"2025-11-17 04:30:43",54.3
CSWM-01K94J-11,"2025-11-17 04:35:43",129.0
CSWM-01K94J-11,"2025-11-17 04:40:43",154.7
CSWM-01K94J-11,"2025-11-17 04:45:43",66.3
CSWM-01K94J-11,"2025-11-17 04:50:43",108.5
CSWM-01K94J-11,"2025-11-17 04:55:43",79.9
CSWM-01K94J-11,"2025-11-17 05:00:43",153.8
CSWM-01K94J-11,"2025-11-17 05:05:43",122.5
CSWM-01K94J-11,"2025-11-17 05:10:43",118.0
CSWM-01K94J-11,"2025-11-17 05:15:43",142.9
CSWM-01K94J-11,"2025-11-17 05:20:43",152.1
CSWM-01K94J-11,"2025-11-17 05:25:43",138.7
CSWM-01K94J-11,"2025-11-17 05:30:43",81.0
CSWM-01K94J-11,"2025-11-17 05:35:43",100.0
CSWM-01K94J-11,"2025-11-17 05:40:43",88.2
CSWM-01K94J-11,"2025-11-17 05:45:43",96.7
CSWM-01K94J-11,"2025-11-17 05:50:43",114.7
CSWM-01K94J-11,"2025-11-17 05:55:43",115.9
CSWM-01K94J-11,"2025-11-17 06:00:43",103.0
CSWM-01K94J-11,"2025-11-17 06:05:43",115.7
CSWM-01K94J-11,"2025-11-17 06:10:43",99.4
CSWM-01K94J-11,"2025-11-17 06:15:43",98.5
CSWM-01K94J-11,"2025-11-17 06:20:43",54.4
CSWM-01K94J-11,"2025-11-17 06:25:43",117.1
CSWM-01K94J-11,"2025-11-17 06:30:43",76.9
CSWM-01K94J-11,"2025-11-17 06:35:43",82.2
CSWM-01K94J-11,"2025-11-17 06:40:43",87.2
CSWM-01K94J-11,"2025-11-17 06:45:43",92.2
CSWM-01K94J-11,"2025-11-17 06:50:43",122.7
CSWM-01K94J-11,"2025-11-17 06:55:43",67.3
CSWM-01K94J-11,"2025-11-17 07:00:43",102.8
CSWM-01K94J-11,"2025-11-17 07:05:43",136.9
CSWM-01K94J-11,"2025-11-17 07:10:43",142.2
CSWM-01K94J-11,"2025-11-17 07:15:43",145.6
CSWM-01K94J-11,"2025-11-17 07:20:43",78.0
CSWM-01K94J-11,"2025-11-17 07:25:43",103.4
CSWM-01K94J-11,"2025-11-17 07:30:43",137.6
CSWM-01K94J-11,"2025-11-17 07:35:43",98.9
CSWM-01K94J-11,"2025-11-17 07:40:43",129.8
CSWM-01K94J-11,"2025-11-17 07:45:43",124.6
CSWM-01K94J-11,"2025-11-17 07:50:43",103.8
CSWM-01K94J-11,"2025-11-17 07:55:43",91.0
CSWM-01K94J-11,"2025-11-17 08:00:43",109.5
CSWM-01K94J-11,"2025-11-17 08:05:43",82.3
CSWM-01K94J-11,"2025-11-17 08:10:43",129.8
CSWM-01K94J-11,"2025-11-17 08:15:43",147.2
CSWM-01K94J-11,"2025-11-17 08:20:43",101.1
CSWM-01K94J-11,"2025-11-17 08:25:43",83.8
CSWM-01K94J-11,"2025-11-17 08:30:43",120.5
CSWM-01K94J-11,"2025-11-17 08:35:43",86.9
CSWM-01K94J-11,"2025-11-17 08:40:43",156.1
CSWM-01K94J-11,"2025-11-17 08:45:43",95.8
CSWM-01K94J-11,"2025-11-17 08:50:43",62.2
CSWM-01K94J-11,"2025-11-17 08:55:43",73.2
CSWM-01K94J-11,"2025-11-17 09:00:43",146.6
CSWM-01K94J-11,"2025-11-17 09:05:43",103.3
CSWM-01K94J-11,"2025-11-17 09:10:43",114.8
CSWM-01K94J-11,"2025-11-17 09:15:43",115.8
CSWM-01K94J-11,"2025-11-17 09:20:43",97.7
CSWM-01K94J-11,"2025-11-17 09:25:43",99.4
CSWM-01K94J-11,"2025-11-17 09:30:43",96.8
CSWM-01K94J-11,"2025-11-17 09:35:43",85.0
CSWM-01K94J-11,"2025-11-17 09:40:43",136.4
CSWM-01K94J-11,"2025-11-17 09:45:43",66.1
CSWM-01K94J-11,"2025-11-17 09:50:43",85.2
